40350;GAAS;France
33410;GABARNAC;France
40310;GABARRET;France
64440;GABAS;France
64160;GABASTON;France
64120;GABAT;France
34320;GABIAN;France
24210;GABILLOU;France
09290;GABRE;France
12340;GABRIAC;France
48110;GABRIAC;France
48100;GABRIAS;France
61230;GACE;France
58140;GACOGNE;France
95450;GADANCOURT;France
27120;GADENCOURT;France
35290;GAEL;France
24240;GAGEAC ET ROUILLAC;France
12630;GAGES;France
46130;GAGNAC SUR CERE;France
31150;GAGNAC SUR GARONNE;France
30160;GAGNIERES;France
93220;GAGNY;France
35490;GAHARD;France
30260;GAILHAN;France
81600;GAILLAC;France
12310;GAILLAC D AVEYRON;France
31550;GAILLAC TOULZA;France
65400;GAILLAGOS;France
33340;GAILLAN EN MEDOC;France
74240;GAILLARD;France
27440;GAILLARDBOIS CRESSENVILLE;France
76870;GAILLEFONTAINE;France
40090;GAILLERES;France
27600;GAILLON;France
78250;GAILLON SUR MONTCIENT;France
76700;GAINNEVILLE;France
11300;GAJA ET VILLEDIEU;France
11270;GAJA LA SELVE;France
33430;GAJAC;France
09190;GAJAN;France
30730;GAJAN;France
87330;GAJOUBERT;France
62770;GALAMETZ;France
65330;GALAN;France
47190;GALAPIAN;France
34160;GALARGUES;France
20245;GALERIA;France
09800;GALEY;France
65330;GALEZ;France
68990;GALFINGUE;France
12220;GALGAN;France
33133;GALGON;France
32160;GALIAX;France
31510;GALIE;France
11140;GALINAGUES;France
28320;GALLARDON;France
30660;GALLARGUES LE MONTUEUX;France
30600;GALLICIAN;France
78490;GALLUIS;France
80220;GAMACHES;France
27150;GAMACHES EN VEXIN;France
40380;GAMARDE LES BAINS;France
64220;GAMARTHE;France
78950;GAMBAIS;France
78490;GAMBAISEUIL;France
67760;GAMBSHEIM;France
64290;GAN;France
09000;GANAC;France
04310;GANAGOBIE;France
76220;GANCOURT ST ETIENNE;France
61420;GANDELAIN;France
02810;GANDELU;France
57175;GANDRANGE;France
34190;GANGES;France
03800;GANNAT;France
03230;GANNAY SUR LOIRE;France
60120;GANNES;France
33430;GANS;France
31160;GANTIES;France
76400;GANZEVILLE;France
05000;GAP;France
80150;GAPENNES;France
61390;GAPREE;France
31480;GARAC;France
78890;GARANCIERES;France
28700;GARANCIERES EN BEAUCE;France
28500;GARANCIERES EN DROUAIS;France
09250;GARANOU;France
16410;GARAT;France
14540;GARCELLES SECQUEVILLE;France
57100;GARCHE;France
92380;GARCHES;France
58600;GARCHIZY;France
58150;GARCHY;France
13120;GARDANNE;France
18300;GARDEFORT;France
33350;GARDEGAN ET TOURTIRAC;France
65320;GARDERES;France
16320;GARDES LE PONTAROUX;France
11250;GARDIE;France
24680;GARDONNE;France
31290;GARDOUCH;France
40420;GAREIN;France
27220;GARENCIERES;France
27780;GARENNES SUR EURE;France
77890;GARENTREVILLE;France
83136;GAREOULT;France
82100;GARGANVILLAR;France
31620;GARGAS;France
84400;GARGAS;France
78440;GARGENVILLE;France
95140;GARGES LES GONESSE;France
36190;GARGILESSE DAMPIERRE;France
31380;GARIDECH;France
82500;GARIES;France
18140;GARIGNY;France
31110;GARIN;France
64130;GARINDEIN;France
29610;GARLAN;France
64450;GARLEDE MONDEBAT;France
64330;GARLIN;France
03230;GARNAT SUR ENGIEVRE;France
28500;GARNAY;France
01140;GARNERANS;France
14170;GARNETOT;France
30128;GARONS;France
64410;GAROS;France
32220;GARRAVET;France
57820;GARREBOURG;France
81700;GARREVAQUES;France
40180;GARREY;France
34160;GARRIGUES;France
81500;GARRIGUES;France
30190;GARRIGUES STE EULALIE;France
64120;GARRIS;France
40110;GARROSSE;France
06850;GARS;France
23320;GARTEMPE;France
28320;GAS;France
27620;GASNY;France
82400;GASQUES;France
83580;GASSIN;France
40160;GASTES;France
53540;GASTINES;France
77370;GASTINS;France
28300;GASVILLE OISEME;France
28170;GATELLES;France
39120;GATEY;France
50150;GATHEMO;France
50760;GATTEVILLE LE PHARE;France
06510;GATTIERES;France
48150;GATUZIERES;France
45340;GAUBERTIN;France
62150;GAUCHIN LEGAL;France
62130;GAUCHIN VERLOINGT;France
02430;GAUCHY;France
27930;GAUCIEL;France
31440;GAUD;France
60210;GAUDECHART;France
65370;GAUDENT;France
62760;GAUDIEMPRE;France
09700;GAUDIES;France
32380;GAUDONVILLE;France
27190;GAUDREVILLE LA RIVIERE;France
24540;GAUGEAC;France
30330;GAUJAC;France
32220;GAUJAC;France
47200;GAUJAC;France
40330;GAUJACQ;France
32420;GAUJAN;France
31590;GAURE;France
33710;GAURIAC;France
33240;GAURIAGUET;France
65670;GAUSSAN;France
22150;GAUSSON;France
61550;GAUVILLE;France
80590;GAUVILLE;France
27930;GAUVILLE LA CAMPAGNE;France
65120;GAVARNIE;France
32390;GAVARRET SUR AULOUSTE;France
47150;GAVAUDUN;France
38220;GAVET;France
20218;GAVIGNANO;France
57570;GAVISSE;France
50450;GAVRAY;France
62580;GAVRELLE;France
56290;GAVRES;France
14210;GAVRUS;France
65320;GAYAN;France
51120;GAYE;France
64350;GAYON;France
32480;GAZAUPOUY;France
65250;GAZAVE;France
32230;GAZAX ET BACCARISSE;France
78125;GAZERAN;France
33610;GAZINET;France
65100;GAZOST;France
71133;GEANGES;France
40320;GEAUNE;France
17250;GEAY;France
79330;GEAY;France
65120;GEDRE;France
49250;GEE;France
32720;GEE RIVIERE;France
50560;GEFFOSSES;France
14230;GEFOSSE FONTENAY;France
36240;GEHEE;France
68690;GEISHOUSE;France
68510;GEISPITZEN;France
67118;GEISPOLSHEIM;France
68600;GEISWASSER;France
67270;GEISWILLER;France
54120;GELACOURT;France
10100;GELANNES;France
54115;GELAUCOURT;France
28630;GELLAINVILLE;France
12700;GELLE;France
54110;GELLENONCOURT;France
63740;GELLES;France
25240;GELLIN;France
64110;GELOS;France
40090;GELOUX;France
57260;GELUCOURT;France
88270;GELVECOURT ET ADOMPT;France
61130;GEMAGES;France
88520;GEMAINGOUTTE;France
65370;GEMBRIE;France
21120;GEMEAUX;France
13420;GEMENOS;France
45310;GEMIGNY;France
31380;GEMIL;France
88170;GEMMELAINCOURT;France
25250;GEMONVAL;France
54115;GEMONVILLE;France
17260;GEMOZAC;France
16170;GENAC;France
95420;GENAINVILLE;France
69740;GENAS;France
09400;GENAT;France
54150;GENAVILLE;France
21140;GENAY;France
69730;GENAY;France
86160;GENCAY;France
88140;GENDREVILLE;France
39350;GENDREY;France
49220;GENE;France
82230;GENEBRIERES;France
59242;GENECH;France
71420;GENELARD;France
30510;GENERAC;France
33920;GENERAC;France
30140;GENERARGUES;France
65150;GENEREST;France
11270;GENERVILLE;France
61140;GENESLAY;France
07530;GENESTELLE;France
44140;GENESTON;France
50530;GENETS;France
25870;GENEUILLE;France
70240;GENEVREUILLE;France
70240;GENEVREY;France
52500;GENEVRIERES;France
25250;GENEY;France
95650;GENICOURT;France
55000;GENICOURT SOUS CONDE;France
55320;GENICOURT SUR MEUSE;France
42800;GENILAC;France
37460;GENILLE;France
24160;GENIS;France
33420;GENISSAC;France
26750;GENISSIEUX;France
21110;GENLIS;France
25660;GENNES;France
49350;GENNES;France
62390;GENNES IVERGNY;France
53200;GENNES SUR GLAIZE;France
35370;GENNES SUR SEICHE;France
49490;GENNETEIL;France
03400;GENNETINES;France
79150;GENNETON;France
14600;GENNEVILLE;France
92230;GENNEVILLIERS;France
39240;GENOD;France
30450;GENOLHAC;France
31510;GENOS;France
65510;GENOS;France
16270;GENOUILLAC;France
23350;GENOUILLAC;France
17430;GENOUILLE;France
86250;GENOUILLE;France
01090;GENOUILLEUX;France
18310;GENOUILLY;France
71460;GENOUILLY;France
52400;GENRUPT;France
33890;GENSAC;France
65140;GENSAC;France
82120;GENSAC;France
31350;GENSAC DE BOULOGNE;France
16130;GENSAC LA PALLUE;France
31310;GENSAC SUR GARONNE;France
16130;GENTE;France
80380;GENTELLES;France
94250;GENTILLY;France
23340;GENTIOUX PIGEROLLES;France
60400;GENVRY;France
70110;GEORFANS;France
01100;GEOVREISSET;France
01460;GEOVREISSIAT;France
50850;GER;France
64530;GER;France
65100;GER;France
39110;GERAISE;France
88400;GERARDMER;France
10220;GERAUDOT;France
55130;GERAUVILLIERS;France
73470;GERBAIX;France
88120;GERBAMONT;France
57170;GERBECOURT;France
54740;GERBECOURT ET HAPLEMONT;France
88430;GERBEPAL;France
60380;GERBEROY;France
54830;GERBEVILLER;France
55110;GERCOURT ET DRILLANCOURT;France
02140;GERCY;France
65200;GERDE;France
64160;GERDEREST;France
64260;GERE BELESTEN;France
02260;GERGNY;France
21410;GERGUEIL;France
71590;GERGY;France
21700;GERLAND;France
65510;GERM;France
01250;GERMAGNAT;France
71460;GERMAGNY;France
02590;GERMAINE;France
51160;GERMAINE;France
52160;GERMAINES;France
28500;GERMAINVILLE;France
52150;GERMAINVILLIERS;France
52230;GERMAY;France
25510;GERMEFONTAINE;France
58800;GERMENAY;France
17520;GERMIGNAC;France
39380;GERMIGNEY;France
70100;GERMIGNEY;France
28140;GERMIGNONVILLE;France
51390;GERMIGNY;France
89600;GERMIGNY;France
45110;GERMIGNY DES PRES;France
77910;GERMIGNY L EVEQUE;France
18150;GERMIGNY L EXEMPT;France
77840;GERMIGNY SOUS COULOMBS;France
58320;GERMIGNY SUR LOIRE;France
51130;GERMINON;France
54170;GERMINY;France
52230;GERMISAY;France
71640;GERMOLLES;France
71630;GERMOLLES SUR GROSNE;France
79220;GERMOND ROUVRE;France
25640;GERMONDANS;France
08240;GERMONT;France
54740;GERMONVILLE;France
65200;GERMS SUR L OUSSOUET;France
08440;GERNELLE;France
02160;GERNICOURT;France
64400;GERONCE;France
76540;GERPONVILLE;France
14430;GERROTS;France
67150;GERSTHEIM;France
67140;GERTWILLER;France
39570;GERUGE;France
26600;GERVANS;France
76790;GERVILLE;France
50250;GERVILLE LA FORET;France
55000;GERY;France
63360;GERZAT;France
53150;GESNES;France
55110;GESNES EN ARGONNE;France
72130;GESNES LE GANDELIN;France
08700;GESPUNSART;France
64190;GESTAS;France
49600;GESTE;France
56830;GESTEL;France
09220;GESTIES;France
53370;GESVRES;France
77165;GESVRES LE CHAPITRE;France
44190;GETIGNE;France
65100;GEU;France
67170;GEUDERTHEIM;France
64370;GEUS D ARZACQ;France
64400;GEUS D OLORON;France
35850;GEVEZE;France
70500;GEVIGNEY ET MERCEY;France
55200;GEVILLE;France
39570;GEVINGEY;France
25270;GEVRESIN;France
21220;GEVREY CHAMBERTIN;France
21520;GEVROLLES;France
39100;GEVRY;France
01170;GEX;France
26750;GEYSSANS;France
65400;GEZ;France
65100;GEZ EZ ANGLES;France
80600;GEZAINCOURT;France
70700;GEZIER ET FONTENELAY;France
54380;GEZONCOURT;France
20240;GHISONACCIA;France
20227;GHISONI;France
59530;GHISSIGNIES;France
59254;GHYVELDE;France
63620;GIAT;France
54112;GIBEAUMEIX;France
31560;GIBEL;France
02440;GIBERCOURT;France
14730;GIBERVILLE;France
71800;GIBLES;France
17160;GIBOURNE;France
40380;GIBRET;France
45520;GIDY;France
61210;GIEL COURTEILLES;France
45500;GIEN;France
58230;GIEN SUR CURE;France
83400;GIENS;France
38610;GIERES;France
50160;GIEVILLE;France
41130;GIEVRES;France
52210;GIEY SUR AUJON;France
74210;GIEZ;France
91190;GIF SUR YVETTE;France
51290;GIFFAUMONT CHAMPAUBERT;France
34770;GIGEAN;France
34150;GIGNAC;France
46600;GIGNAC;France
84400;GIGNAC;France
13180;GIGNAC LA NERTHE;France
63340;GIGNAT;France
88320;GIGNEVILLE;France
88390;GIGNEY;France
39320;GIGNY;France
89160;GIGNY;France
51290;GIGNY BUSSY;France
71240;GIGNY SUR SAONE;France
84190;GIGONDAS;France
04250;GIGORS;France
26400;GIGORS ET LOZERON;France
46150;GIGOUZAC;France
81530;GIJOUNET;France
68210;GILDWILLER;France
06830;GILETTE;France
07800;GILHAC ET BRUZAC;France
07270;GILHOC SUR ORMEZE;France
52330;GILLANCOURT;France
52230;GILLAUME;France
28260;GILLES;France
25650;GILLEY;France
52500;GILLEY;France
39250;GILLOIS;France
38260;GILLONNAY;France
21640;GILLY LES CITEAUX;France
73200;GILLY SUR ISERE;France
71160;GILLY SUR LOIRE;France
60129;GILOCOURT;France
82500;GIMAT;France
32340;GIMBREDE;France
67370;GIMBRETT;France
63200;GIMEAUX;France
55260;GIMECOURT;France
19800;GIMEL LES CASCADES;France
16130;GIMEUX;France
32200;GIMONT;France
58470;GIMOUILLE;France
61310;GINAI;France
82330;GINALS;France
83560;GINASSERVIS;France
80360;GINCHY;France
11140;GINCLA;France
55400;GINCREY;France
46250;GINDOU;France
11120;GINESTAS;France
24130;GINESTET;France
67270;GINGSHEIM;France
11500;GINOLES;France
46300;GINOUILLAC;France
46130;GINTRAC;France
20237;GIOCATOJO;France
51130;GIONGES;France
15130;GIOU DE MAMOU;France
23500;GIOUX;France
03210;GIPCY;France
46130;GIRAC;France
88390;GIRANCOURT;France
54780;GIRAUMONT;France
60150;GIRAUMONT;France
55200;GIRAUVOISIN;France
88500;GIRCOURT LES VIEVILLE;France
88600;GIRECOURT SUR DURBION;France
70210;GIREFONTAINE;France
77120;GIREMOUTIERS;France
15310;GIRGOLS;France
54830;GIRIVILLER;France
88150;GIRMONT;France
88340;GIRMONT VAL D AJOL;France
45120;GIROLLES;France
89200;GIROLLES;France
90200;GIROMAGNY;France
01130;GIRON;France
88170;GIRONCOURT SUR VRAINE;France
33190;GIRONDE SUR DROPT;France
08260;GIRONDELLE;France
77890;GIRONVILLE;France
28170;GIRONVILLE ET NEUVILLE;France
55200;GIRONVILLE SOUS LES COTES;France
91720;GIRONVILLE SUR ESSONNE;France
81500;GIROUSSENS;France
36150;GIROUX;France
88800;GIROVILLERS SOUS MONTFORT;France
58700;GIRY;France
27330;GISAY LA COUDRE;France
32200;GISCARO;France
33840;GISCOS;France
27140;GISORS;France
12360;GISSAC;France
21350;GISSEY LE VIEIL;France
21150;GISSEY SOUS FLAVIGNY;France
21410;GISSEY SUR OUCHE;France
89140;GISY LES NOBLES;France
20251;GIUNCAGGIO;France
20100;GIUNCHETO;France
18600;GIVARDON;France
03190;GIVARLAIS;France
62580;GIVENCHY EN GOHELLE;France
62810;GIVENCHY LE NOBLE;France
62149;GIVENCHY LES LA BASSEE;France
27620;GIVERNY;France
27560;GIVERVILLE;France
08600;GIVET;France
08200;GIVONNE;France
69700;GIVORS;France
45300;GIVRAINES;France
85800;GIVRAND;France
55500;GIVRAUVAL;France
17260;GIVREZAC;France
08220;GIVRON;France
08130;GIVRY;France
71640;GIVRY;France
89200;GIVRY;France
51330;GIVRY EN ARGONNE;France
51130;GIVRY LES LOISY;France
57670;GIVRYCOURT;France
51800;GIZAUCOURT;France
86340;GIZAY;France
37340;GIZEUX;France
39190;GIZIA;France
02350;GIZY;France
59132;GLAGEON;France
60129;GLAIGNES;France
25340;GLAINANS;France
63160;GLAINE MONTAIGUT;France
08200;GLAIRE;France
25360;GLAMONDANS;France
02400;GLAND;France
89740;GLAND;France
26410;GLANDAGE;France
87500;GLANDON;France
46130;GLANES;France
87380;GLANGES;France
51300;GLANNES;France
21250;GLANON;France
14950;GLANVILLE;France
82500;GLATENS;France
50250;GLATIGNY;France
57530;GLATIGNY;France
60650;GLATIGNY;France
25310;GLAY;France
69850;GLAY;France
69400;GLEIZE;France
56200;GLENAC;France
15150;GLENAT;France
79330;GLENAY;France
23380;GLENIC;France
02160;GLENNES;France
86200;GLENOUZE;France
25190;GLERE;France
76630;GLICOURT;France
27190;GLISOLLES;France
80440;GLISY;France
22110;GLOMEL;France
54122;GLONVILLE;France
66320;GLORIANES;France
14100;GLOS;France
61550;GLOS LA FERRIERE;France
27290;GLOS SUR RISLE;France
07190;GLUIRAS;France
07300;GLUN;France
58370;GLUX EN GLENNE;France
82500;GOAS;France
60420;GODENVILLERS;France
76110;GODERVILLE;France
59270;GODEWAERSVELDE;France
61240;GODISSON;France
88410;GODONCOURT;France
67320;GOERLINGEN;France
67360;GOERSDORF;France
64400;GOES;France
57620;GOETZENBRUCK;France
59169;GOEULZIN;France
54450;GOGNEY;France
59600;GOGNIES CHAUSSEE;France
49320;GOHIER;France
28160;GOHORY;France
57420;GOIN;France
60000;GOINCOURT;France
60640;GOLANCOURT;France
88190;GOLBEY;France
68760;GOLDBACH ALTENBACH;France
82400;GOLFECH;France
12140;GOLINHAC;France
50390;GOLLEVILLE;France
41310;GOMBERGEAN;France
57220;GOMELANGE;France
22230;GOMENE;France
64420;GOMER;France
91400;GOMETZ LA VILLE;France
91940;GOMETZ LE CHATEL;France
62121;GOMIECOURT;France
62111;GOMMECOURT;France
78270;GOMMECOURT;France
59144;GOMMEGNIES;France
22290;GOMMENEC H;France
68210;GOMMERSDORF;France
28310;GOMMERVILLE;France
76430;GOMMERVILLE;France
21400;GOMMEVILLE;France
91430;GOMMONVILLIERS;France
08190;GOMONT;France
52150;GONAINCOURT;France
38290;GONAS;France
38570;GONCELIN;France
52150;GONCOURT;France
16160;GOND PONTOUVRE;France
59147;GONDECOURT;France
25680;GONDENANS LES MOULINS;France
25340;GONDENANS MONTBY;France
16200;GONDEVILLE;France
54800;GONDRECOURT AIX;France
55130;GONDRECOURT LE CHATEAU;France
45490;GONDREVILLE;France
54840;GONDREVILLE;France
60117;GONDREVILLE;France
57142;GONDREXANGE;France
54450;GONDREXON;France
32330;GONDRIN;France
95500;GONESSE;France
65350;GONEZ;France
83590;GONFARON;France
50190;GONFREVILLE;France
76110;GONFREVILLE CAILLOT;France
76700;GONFREVILLE L ORCHER;France
62920;GONNEHEM;France
59231;GONNELIEU;France
76730;GONNETOT;France
50330;GONNEVILLE;France
14810;GONNEVILLE EN AUGE;France
76280;GONNEVILLE LA MALLET;France
14600;GONNEVILLE SUR HONFLEUR;France
14510;GONNEVILLE SUR MER;France
76590;GONNEVILLE SUR SCIE;France
25360;GONSANS;France
47400;GONTAUD DE NOGARET;France
70400;GONVILLARS;France
76560;GONZEVILLE;France
40180;GOOS;France
06500;GORBIO;France
54730;GORCY;France
84220;GORDES;France
80690;GORENFLOS;France
44190;GORGES;France
50190;GORGES;France
80370;GORGES;France
88270;GORHEY;France
33540;GORNAC;France
34190;GORNIES;France
87310;GORRE;France
01190;GORREVOD;France
53120;GORRON;France
46210;GORSES;France
57680;GORZE;France
62199;GOSNAY;France
35140;GOSNE;France
57930;GOSSELMING;France
64130;GOTEIN LIBARRENX;France
67700;GOTTENHOUSE;France
67490;GOTTESHEIM;France
77114;GOUAIX;France
33840;GOUALADE;France
22570;GOUAREC;France
65440;GOUAUX;France
31110;GOUAUX DE LARBOUST;France
31110;GOUAUX DE LUCHON;France
50330;GOUBERVILLE;France
76630;GOUCHAUPRE;France
30630;GOUDARGUES;France
02820;GOUDELANCOURT LES BERRIEUX;France
02350;GOUDELANCOURT LES PIERREPONT;France
22290;GOUDELIN;France
43150;GOUDET;France
31230;GOUDEX;France
65190;GOUDON;France
82400;GOUDOURVILLE;France
29950;GOUESNACH;France
29850;GOUESNOU;France
86320;GOUEX;France
29190;GOUEZEC;France
67270;GOUGENHEIM;France
25680;GOUHELANS;France
70110;GOUHENANS;France
28310;GOUILLONS;France
03340;GOUISE;France
46250;GOUJOUNAC;France
61150;GOULET;France
29770;GOULIEN;France
09220;GOULIER;France
19430;GOULLES;France
58230;GOULOUX;France
84220;GOULT;France
29890;GOULVEN;France
25470;GOUMOIS;France
14210;GOUPILLIERES;France
27170;GOUPILLIERES;France
76570;GOUPILLIERES;France
78770;GOUPILLIERES;France
55230;GOURAINCOURT;France
40990;GOURBERA;France
50480;GOURBESVILLE;France
09400;GOURBIT;France
60220;GOURCHELLES;France
31210;GOURDAN POLIGNAN;France
15230;GOURDIEGES;France
06620;GOURDON;France
07000;GOURDON;France
46300;GOURDON;France
71690;GOURDON;France
19170;GOURDON MURAT;France
64440;GOURETTE;France
50750;GOURFALEUR;France
51230;GOURGANCON;France
79200;GOURGE;France
70120;GOURGEON;France
65130;GOURGUE;France
56800;GOURHEL;France
56110;GOURIN;France
22200;GOURLAN GRACES;France
29710;GOURLIZON;France
36230;GOURNAY;France
76220;GOURNAY EN BRAY;France
76700;GOURNAY EN CAUX;France
27580;GOURNAY LE GUERIN;France
79110;GOURNAY LOIZE;France
60190;GOURNAY SUR ARONDE;France
93460;GOURNAY SUR MARNE;France
33660;GOURS;France
11410;GOURVIEILLE;France
16170;GOURVILLE;France
17490;GOURVILLETTE;France
52170;GOURZON;France
55140;GOUSSAINCOURT;France
28410;GOUSSAINVILLE;France
95190;GOUSSAINVILLE;France
02130;GOUSSANCOURT;France
40465;GOUSSE;France
78930;GOUSSONVILLE;France
14430;GOUSTRANVILLE;France
24320;GOUT ROSSIGNOL;France
31310;GOUTEVERNISSE;France
12390;GOUTRENS;France
40400;GOUTS;France
27410;GOUTTIERES;France
63390;GOUTTIERES;France
32500;GOUTZ;France
77400;GOUVERNES;France
62123;GOUVES;France
50420;GOUVETS;France
60270;GOUVIEUX;France
27240;GOUVILLE;France
50560;GOUVILLE SUR MER;France
14680;GOUVIX;France
32400;GOUX;France
39100;GOUX;France
25150;GOUX LES DAMBELIN;France
25520;GOUX LES USIERS;France
25440;GOUX SOUS LANDET;France
02420;GOUY;France
76520;GOUY;France
62123;GOUY EN ARTOIS;France
62127;GOUY EN TERNOIS;France
80640;GOUY L HOPITAL;France
60120;GOUY LES GROSEILLERS;France
62530;GOUY SERVINS;France
62112;GOUY SOUS BELLONNE;France
62870;GOUY ST ANDRE;France
95450;GOUZANGREZ;France
64300;GOUZE;France
59231;GOUZEAUCOURT;France
31310;GOUZENS;France
23230;GOUZON;France
23230;GOUZOUGNAT;France
35580;GOVEN;France
54330;GOVILLER;France
67210;GOXWILLER;France
80700;GOYENCOURT;France
31120;GOYRANS;France
34790;GRABELS;France
18310;GRACAY;France
22460;GRACE UZEL;France
22200;GRACES;France
33170;GRADIGNAN;France
52150;GRAFFIGNY CHEMIN;France
31380;GRAGNAGUE;France
50620;GRAIGNES;France
65170;GRAILHEN;France
76430;GRAIMBOUVILLE;France
62147;GRAINCOURT LES HAVRINCOURT;France
27380;GRAINVILLE;France
76450;GRAINVILLE LA TEINTURIERE;France
14190;GRAINVILLE LANGANNERIE;France
14210;GRAINVILLE SUR ODON;France
76116;GRAINVILLE SUR RY;France
76110;GRAINVILLE YMAUVILLE;France
12420;GRAISSAC;France
34260;GRAISSESSAC;France
42220;GRAIX;France
46500;GRAMAT;France
11240;GRAMAZIE;France
84240;GRAMBOIS;France
42140;GRAMMOND;France
70110;GRAMMONT;France
12160;GRAMOND;France
82120;GRAMONT;France
20100;GRANACE;France
21580;GRANCEY LE CHATEAU NEUVELLE;France
21570;GRANCEY SUR OURCE;France
88350;GRAND;France
44520;GRAND AUVERNE;France
24350;GRAND BRASSAC;France
27270;GRAND CAMP;France
76170;GRAND CAMP;France
24150;GRAND CASTANG;France
56390;GRAND CHAMP;France
25200;GRAND CHARMONT;France
25570;GRAND COMBE CHATELEU;France
25210;GRAND COMBE DES BOIS;France
01250;GRAND CORENT;France
76530;GRAND COURONNE;France
54260;GRAND FAILLY;France
59244;GRAND FAYT;France
59153;GRAND FORT PHILIPPE;France
35390;GRAND FOUGERAY;France
85670;GRAND LANDES;France
80132;GRAND LAVIERS;France
54200;GRAND MENIL;France
83740;GRAND MOULIN;France
02210;GRAND ROZOY;France
62810;GRAND RULLECOURT;France
12320;GRAND VABRE;France
02120;GRAND VERLY;France
14450;GRANDCAMP MAISY;France
27410;GRANDCHAIN;France
08270;GRANDCHAMP;France
52600;GRANDCHAMP;France
72610;GRANDCHAMP;France
78113;GRANDCHAMP;France
89350;GRANDCHAMP;France
14140;GRANDCHAMP LE CHATEAU;France
44119;GRANDCHAMPS DES FONTAINES;France
76660;GRANDCOURT;France
80300;GRANDCOURT;France
39150;GRANDE RIVIERE;France
59760;GRANDE SYNTHE;France
70120;GRANDECOURT;France
63320;GRANDEYROLLES;France
25320;GRANDFONTAINE;France
67130;GRANDFONTAINE;France
25510;GRANDFONTAINE SUR CREUSE;France
60680;GRANDFRESNOY;France
08250;GRANDHAM;France
17350;GRANDJEAN;France
02350;GRANDLUP ET FAY;France
14170;GRANDMESNIL;France
14340;GRANDOUET;France
08250;GRANDPRE;France
77720;GRANDPUITS BAILLY CARROIS;France
48600;GRANDRIEU;France
02360;GRANDRIEUX;France
63600;GRANDRIF;France
69870;GRANDRIS;France
60400;GRANDRU;France
88210;GRANDRUPT;France
88240;GRANDRUPT DE BAINS;France
19300;GRANDSAIGNE;France
63890;GRANDVAL;France
48260;GRANDVALS;France
71430;GRANDVAUX;France
70190;GRANDVELLE ET LE PERRENOT;France
90600;GRANDVILLARS;France
10700;GRANDVILLE;France
28310;GRANDVILLE GAUDREVILLE;France
88600;GRANDVILLERS;France
60190;GRANDVILLERS AUX BOIS;France
27240;GRANDVILLIERS;France
60210;GRANDVILLIERS;France
26400;GRANE;France
11500;GRANES;France
39600;GRANGE DE VAIVRE;France
10300;GRANGE L EVEQUE;France
89260;GRANGE LE BOCAGE;France
45390;GRANGERMONT;France
01580;GRANGES;France
15270;GRANGES;France
71390;GRANGES;France
24390;GRANGES D ANS;France
88370;GRANGES DE PLOMBIERES;France
25360;GRANGES DE VIENNEY;France
70400;GRANGES LA VILLE;France
70400;GRANGES LE BOURG;France
26600;GRANGES LES BEAUMONT;France
25270;GRANGES MAILLOT;France
25300;GRANGES NARBOZ;France
25160;GRANGES STE MARIE;France
51260;GRANGES SUR AUBE;France
39210;GRANGES SUR BAUME;France
47260;GRANGES SUR LOT;France
88640;GRANGES SUR VOLOGNE;France
14160;GRANGUES;France
73210;GRANIER;France
38490;GRANIEU;France
13450;GRANS;France
50400;GRANVILLE;France
79360;GRANZAY GRIPT;France
07700;GRAS;France
16380;GRASSAC;France
06130;GRASSE;France
67350;GRASSENDORF;France
47400;GRATELOUP;France
31430;GRATENS;France
31150;GRATENTOUR;France
80500;GRATIBUS;France
50200;GRATOT;France
51800;GRATREUIL;France
80680;GRATTEPANCHE;France
70170;GRATTERY;France
67320;GRAUFTHAL;France
81300;GRAULHET;France
51190;GRAUVES;France
76270;GRAVAL;France
59820;GRAVELINES;France
57130;GRAVELOTTE;France
27110;GRAVERON SEMERVILLE;France
16120;GRAVES;France
16120;GRAVES ST AMANT;France
13690;GRAVESON;France
07140;GRAVIERES;France
27930;GRAVIGNY;France
77118;GRAVON;France
70100;GRAY;France
70100;GRAY LA VILLE;France
33590;GRAYAN ET L HOPITAL;France
39320;GRAYE ET CHARNAY;France
14470;GRAYE SUR MER;France
47270;GRAYSSAS;France
31190;GRAZAC;France
43200;GRAZAC;France
81800;GRAZAC;France
53440;GRAZAY;France
46160;GREALOU;France
13850;GREASQUE;France
80140;GREBAULT MESNIL;France
80400;GRECOURT;France
39290;GREDISANS;France
72320;GREEZ SUR ROC;France
11250;GREFFEIL;France
76370;GREGES;France
77166;GREGY SUR YERRE;France
57170;GREMECEY;France
60380;GREMEVILLERS;France
88240;GREMIFONTAINE;France
55150;GREMILLY;France
76970;GREMONVILLE;France
31330;GRENADE;France
40270;GRENADE SUR L ADOUR;France
21540;GRENAND LES SOMBERNON;France
52500;GRENANT;France
38540;GRENAY;France
62160;GRENAY;France
67190;GRENDELBRUCH;France
45480;GRENEVILLE EN BEAUCE;France
43450;GRENIER MONTGON;France
57660;GRENING;France
38000;GRENOBLE;France
38100;GRENOBLE;France
58420;GRENOIS;France
14540;GRENTHEVILLE;France
68960;GRENTZINGEN;France
76630;GRENY;France
06620;GREOLIERES;France
04800;GREOUX LES BAINS;France
31190;GREPIAC;France
21150;GRESIGNY STE REINE;France
73240;GRESIN;France
38650;GRESSE EN VERCORS;France
78550;GRESSEY;France
67190;GRESSWILLER;France
77410;GRESSY;France
73100;GRESY SUR AIX;France
73460;GRESY SUR ISERE;France
77220;GRETZ ARMAINVILLIERS;France
70130;GREUCOURT;France
76810;GREUVILLE;France
88630;GREUX;France
50440;GREVILLE HAGUE;France
62450;GREVILLERS;France
71700;GREVILLY;France
60210;GREZ;France
53290;GREZ EN BOUERE;France
49220;GREZ NEUVILLE;France
77880;GREZ SUR LOING;France
17120;GREZAC;France
46700;GREZELS;France
24120;GREZES;France
43170;GREZES;France
46320;GREZES;France
48100;GREZES;France
11090;GREZES HERMINIS;France
47250;GREZET CAVAGNAN;France
65440;GREZIAN;France
69290;GREZIEU LA VARENNE;France
69610;GREZIEU LE MARCHE;France
42600;GREZIEUX LE FROMENTAL;France
33420;GREZILLAC;France
49320;GREZILLE;France
42260;GREZOLLES;France
02100;GRICOURT;France
01290;GRIEGES;France
67240;GRIES;France
67110;GRIESBACH;France
68140;GRIESBACH AU VAL;France
67330;GRIESBACH LE BASTBERG;France
67210;GRIESHEIM PRES MOLSHEIM;France
67370;GRIESHEIM SUR SOUFFEL;France
26230;GRIGNAN;France
76850;GRIGNEUSEVILLE;France
24110;GRIGNOLS;France
33690;GRIGNOLS;France
21150;GRIGNON;France
73200;GRIGNON;France
88410;GRIGNONCOURT;France
62140;GRIGNY;France
69520;GRIGNY;France
91350;GRIGNY;France
84600;GRILLON;France
01220;GRILLY;France
55400;GRIMAUCOURT EN WOEVRE;France
55500;GRIMAUCOURT PRES SAMPIGNY;France
83310;GRIMAUD;France
89310;GRIMAULT;France
14220;GRIMBOSQ;France
50450;GRIMESNIL;France
54115;GRIMONVILLER;France
62760;GRINCOURT LES PAS;France
57480;GRINDORFF;France
65710;GRIPP;France
54290;GRIPPORT;France
79360;GRIPT;France
54380;GRISCOURT;France
21330;GRISELLES;France
45210;GRISELLES;France
02210;GRISOLLES;France
82170;GRISOLLES;France
14170;GRISY;France
95810;GRISY LES PLATRES;France
77166;GRISY SUISNES;France
77480;GRISY SUR SEINE;France
24170;GRIVES;France
80250;GRIVESNES;France
80700;GRIVILLERS;France
08400;GRIVY LOISY;France
62600;GROFFLIERS;France
18140;GROISES;France
01810;GROISSIAT;France
74570;GROISY;France
56590;GROIX;France
24250;GROLEJAC;France
18800;GRON;France
89100;GRON;France
02140;GRONARD;France
19320;GROS CHASTANG;France
57410;GROS REDERCHING;France
57520;GROSBLIEDERSTROFF;France
25110;GROSBOIS;France
21540;GROSBOIS EN MONTAGNE;France
21250;GROSBOIS LES TICHEY;France
85440;GROSBREUIL;France
95410;GROSLAY;France
01680;GROSLEE;France
27170;GROSLEY SUR RISLE;France
90200;GROSMAGNY;France
90100;GROSNE;France
07120;GROSPIERRES;France
78490;GROSROUVRE;France
54470;GROSROUVRES;France
20100;GROSSA;France
20128;GROSSETO PRUGNA;France
27220;GROSSOEUVRE;France
18600;GROSSOUVRE;France
57660;GROSTENQUIN;France
50340;GROSVILLE;France
80600;GROUCHES LUCHUEL;France
02110;GROUGIS;France
39800;GROZON;France
76210;GRUCHET LE VALASSE;France
76810;GRUCHET ST SIMEON;France
85580;GRUES;France
88240;GRUEY LES SURANCE;France
74540;GRUFFY;France
49520;GRUGE L HOPITAL;France
02680;GRUGIES;France
76690;GRUGNY;France
11430;GRUISSAN;France
11430;GRUISSAN PLAGE;France
76440;GRUMESNIL;France
24380;GRUN BORDAS;France
57510;GRUNDVILLER;France
80700;GRUNY;France
71760;GRURY;France
59152;GRUSON;France
39190;GRUSSE;France
68320;GRUSSENHEIM;France
65120;GRUST;France
08430;GRUYERES;France
20160;GUAGNO;France
20160;GUAGNO LES BAINS;France
28260;GUAINVILLE;France
62330;GUARBECQUE;France
20128;GUARGUALE;France
65170;GUCHAN;France
65440;GUCHEN;France
09120;GUDAS;France
52320;GUDMONT VILLIERS;France
08230;GUE D HOSSUS;France
57510;GUEBENHOUSE;France
68420;GUEBERSCHWIHR;France
57260;GUEBESTROFF;France
57260;GUEBLANGE LES DIEUZE;France
57260;GUEBLING;France
74480;GUEBRIANT;France
68500;GUEBWILLER;France
72230;GUECELARD;France
56120;GUEGON;France
50210;GUEHEBERT;France
56420;GUEHENNO;France
56920;GUELTAS;France
62128;GUEMAPPE;France
68970;GUEMAR;France
44290;GUEMENE PENFAO;France
56160;GUEMENE SUR SCORFF;France
80430;GUEMICOURT;France
62370;GUEMPS;France
57310;GUENANGE;France
22140;GUENEZAN;France
29180;GUENGAT;France
56150;GUENIN;France
44290;GUENOUVRY;France
22350;GUENROC;France
44530;GUENROUET;France
57470;GUENVILLER;France
61160;GUEPREI;France
56380;GUER;France
44350;GUERANDE;France
77580;GUERARD;France
80500;GUERBIGNY;France
77760;GUERCHEVILLE;France
89113;GUERCHY;France
01090;GUEREINS;France
23000;GUERET;France
71620;GUERFAND;France
58130;GUERIGNY;France
47250;GUERIN;France
29650;GUERLESQUIN;France
57810;GUERMANGE;France
77600;GUERMANTES;France
56310;GUERN;France
27160;GUERNANVILLE;France
78520;GUERNES;France
27720;GUERNY;France
14400;GUERON;France
55000;GUERPONT;France
61120;GUERQUESALLES;France
57320;GUERSTLING;France
57880;GUERTING;France
76340;GUERVILLE;France
78930;GUERVILLE;France
80150;GUESCHART;France
59287;GUESNAIN;France
86420;GUESNES;France
57380;GUESSLING HEMERING;France
64210;GUETHARY;France
80360;GUEUDECOURT;France
71130;GUEUGNON;France
76730;GUEURES;France
76890;GUEUTTEVILLE;France
76460;GUEUTTEVILLE LES GRES;France
51390;GUEUX;France
68210;GUEVENATTEN;France
68116;GUEWENHEIM;France
11230;GUEYTES ET LABASTIDE;France
47170;GUEYZE;France
88600;GUGNECOURT;France
54930;GUGNEY;France
88450;GUGNEY AUX AULX;France
80430;GUIBERMESNIL;France
91630;GUIBEVILLE;France
27930;GUICHAINVILLE;France
64520;GUICHE;France
35580;GUICHEN;France
29410;GUICLAN;France
56520;GUIDEL;France
60480;GUIGNECOURT;France
80540;GUIGNEMICOURT;France
35580;GUIGNEN;France
77390;GUIGNES;France
45300;GUIGNEVILLE;France
91590;GUIGNEVILLE SUR ESSONNE;France
02190;GUIGNICOURT;France
08430;GUIGNICOURT SUR VENCE;France
45480;GUIGNONVILLE;France
62140;GUIGNY;France
50160;GUILBERVILLE;France
29710;GUILER SUR GOYEN;France
29820;GUILERS;France
07500;GUILHERAND GRANGES;France
33420;GUILLAC;France
56800;GUILLAC;France
80170;GUILLAUCOURT;France
06470;GUILLAUMES;France
80360;GUILLEMONT;France
91690;GUILLERVAL;France
05600;GUILLESTRE;France
28310;GUILLEVILLE;France
56490;GUILLIERS;France
29300;GUILLIGOMARC H;France
89420;GUILLON;France
25110;GUILLON LES BAINS;France
28140;GUILLONVILLE;France
33720;GUILLOS;France
36150;GUILLY;France
45600;GUILLY;France
76630;GUILMECOURT;France
29730;GUILVINEC;France
29620;GUIMAEC;France
29400;GUIMILIAU;France
16300;GUIMPS;France
64390;GUINARTHE PARENTIES;France
08130;GUINCOURT;France
52300;GUINDRECOURT AUX ORMES;France
52330;GUINDRECOURT SUR BLAISE;France
62130;GUINECOURT;France
62340;GUINES;France
22200;GUINGAMP;France
57690;GUINGLANGE;France
57220;GUINKIRCHEN;France
57670;GUINZELING;France
29490;GUIPAVAS;France
35440;GUIPEL;France
29290;GUIPRONVEL;France
35480;GUIPRY;France
58420;GUIPY;France
57220;GUIRLANGE;France
95450;GUIRY EN VEXIN;France
60640;GUISCARD;France
56560;GUISCRIFF;France
02120;GUISE;France
27700;GUISENIERS;France
29880;GUISSENY;France
62140;GUISY;France
81220;GUITALENS;France
20153;GUITERA LES BAINS;France
17500;GUITINIERES;France
78440;GUITRANCOURT;France
33230;GUITRES;France
27510;GUITRY;France
22350;GUITTE;France
02300;GUIVRY;France
80290;GUIZANCOURT;France
16480;GUIZENGEARD;France
65230;GUIZERIX;France
33470;GUJAN MESTRAS;France
67110;GUMBRECHTSHOFFEN;France
10400;GUMERY;France
26470;GUMIANE;France
42560;GUMIERES;France
19320;GUMOND;France
67110;GUNDERSHOFFEN;France
68250;GUNDOLSHEIM;France
67320;GUNGWILLER;France
68140;GUNSBACH;France
67360;GUNSTETT;France
57400;GUNTZVILLER;France
02300;GUNY;France
31440;GURAN;France
16320;GURAT;France
77520;GURCY LE CHATEL;France
89250;GURGY;France
21290;GURGY LA VILLE;France
21290;GURGY LE CHATEAU;France
64400;GURMENCON;France
64190;GURS;France
22390;GURUNHUEL;France
60310;GURY;France
55400;GUSSAINVILLE;France
59570;GUSSIGNIES;France
78280;GUYANCOURT;France
25580;GUYANS DURNES;France
25390;GUYANS VENNES;France
02160;GUYENCOURT;France
80240;GUYENCOURT SAULCOURT;France
80250;GUYENCOURT SUR NOYE;France
52400;GUYONVELLE;France
34820;GUZARGUES;France
70700;GY;France
41230;GY EN SOLOGNE;France
89580;GY L EVEQUE;France
45220;GY LES NONAINS;France
54113;GYE;France
10250;GYE SUR SEINE;France
62123;HABARCQ;France
40290;HABAS;France
74420;HABERE LULLIN;France
74420;HABERE POCHE;France
54120;HABLAINVILLE;France
61210;HABLOVILLE;France
54580;HABONVILLE;France
57340;HABOUDANGE;France
68440;HABSHEIM;France
57350;HABSTERDICK;France
65230;HACHAN;France
52150;HACOURT;France
27150;HACQUEVILLE;France
60240;HADANCOURT LE HAUT CLOCHER;France
88330;HADIGNY LES VERRIERES;France
88220;HADOL;France
55210;HADONVILLE LES LACHAUSSEE;France
67700;HAEGEN;France
67150;HAEUSERN;France
88270;HAGECOURT;France
65700;HAGEDET;France
57570;HAGEN;France
68210;HAGENBACH;France
68220;HAGENTHAL LE BAS;France
68220;HAGENTHAL LE HAUT;France
32730;HAGET;France
64370;HAGETAUBIN;France
40700;HAGETMAU;France
54470;HAGEVILLE;France
88300;HAGNEVILLE ET RONCOURT;France
08430;HAGNICOURT;France
57300;HAGONDANGE;France
67500;HAGUENAU;France
54290;HAIGNEVILLE;France
88330;HAILLAINVILLE;France
80110;HAILLES;France
62940;HAILLICOURT;France
17160;HAIMPS;France
86310;HAIMS;France
60490;HAINVILLERS;France
55000;HAIRONVILLE;France
62138;HAISNES;France
61410;HALEINE;France
62830;HALINGHEN;France
80490;HALLENCOURT;France
59320;HALLENNES LEZ HAUBOURDIN;France
57690;HALLERING;France
55700;HALLES SOUS LES COTES;France
52100;HALLIGNICOURT;France
62570;HALLINES;France
57220;HALLING LES BOULAY;France
80250;HALLIVILLERS;France
54450;HALLOVILLE;France
60210;HALLOY;France
62760;HALLOY;France
80670;HALLOY LES PERNOIS;France
80320;HALLU;France
59250;HALLUIN;France
64480;HALSOU;France
57480;HALSTROFF;France
80400;HAM;France
62190;HAM EN ARTOIS;France
08090;HAM LES MOINES;France
54260;HAM LES ST JEAN;France
57880;HAM SOUS VARSBERG;France
08600;HAM SUR MEUSE;France
14220;HAMARS;France
57910;HAMBACH;France
53160;HAMBERS;France
62118;HAMBLAIN LES PRES;France
50450;HAMBYE;France
59151;HAMEL;France
80800;HAMELET;France
50730;HAMELIN;France
62121;HAMELINCOURT;France
62340;HAMES BOUCRES;France
54330;HAMMEVILLE;France
54470;HAMONVILLE;France
10500;HAMPIGNY;France
57170;HAMPONT;France
54620;HAN DEVANT PIERREPONT;France
55600;HAN LES JUVIGNY;France
55300;HAN SUR MEUSE;France
57580;HAN SUR NIED;France
79110;HANC;France
28130;HANCHES;France
80240;HANCOURT;France
67117;HANDSCHUHEIM;France
80110;HANGARD;France
67980;HANGENBIETEN;France
80134;HANGEST EN SANTERRE;France
80310;HANGEST SUR SOMME;France
57370;HANGVILLER;France
60650;HANNACHES;France
02510;HANNAPES;France
08290;HANNAPPES;France
62111;HANNESCAMPS;France
57590;HANNOCOURT;France
08160;HANNOGNE ST MARTIN;France
08220;HANNOGNE ST REMY;France
55210;HANNONVILLE SOUS LES COTES;France
54800;HANNONVILLE SUZEMONT;France
51800;HANS;France
59496;HANTAY;France
29460;HANVEC;France
57230;HANVILLER;France
60650;HANVOILE;France
62124;HAPLINCOURT;France
02480;HAPPENCOURT;France
28480;HAPPONVILLIERS;France
02600;HARAMONT;France
08450;HARAUCOURT;France
54110;HARAUCOURT;France
57630;HARAUCOURT SUR SEILLE;France
55110;HARAUMONT;France
62390;HARAVESNES;France
95640;HARAVILLIERS;France
80131;HARBONNIERES;France
54450;HARBOUEY;France
76560;HARCANVILLE;France
88300;HARCHECHAMP;France
02140;HARCIGNY;France
27800;HARCOURT;France
08150;HARCY;France
88700;HARDANCOURT;France
53640;HARDANGES;France
80360;HARDECOURT AUX BOIS;France
62152;HARDELOT PLAGE;France
27120;HARDENCOURT COCHEREL;France
59670;HARDIFORT;France
62132;HARDINGHEN;France
50690;HARDINVAST;France
60120;HARDIVILLERS;France
60240;HARDIVILLERS EN VEXIN;France
78250;HARDRICOURT;France
88800;HAREVILLE;France
76700;HARFLEUR;France
57550;HARGARTEN AUX MINES;France
78790;HARGEVILLE;France
55000;HARGEVILLE SUR CHEE;France
02420;HARGICOURT;France
80500;HARGICOURT;France
08170;HARGNIES;France
59138;HARGNIES;France
27630;HARICOURT;France
02100;HARLY;France
52230;HARMEVILLE;France
88300;HARMONVILLE;France
62440;HARNES;France
88270;HAROL;France
54740;HAROUE;France
80560;HARPONVILLE;France
57340;HARPRICH;France
27700;HARQUENCY;France
57870;HARREBERG;France
52150;HARREVILLE LES CHANTEURS;France
08240;HARRICOURT;France
52330;HARRICOURT;France
88240;HARSAULT;France
67260;HARSKIRCHEN;France
02210;HARTENNES ET TAUX;France
67500;HARTHOUSE;France
68500;HARTMANNSWILLER;France
57870;HARTZVILLER;France
55160;HARVILLE;France
02140;HARY;France
57850;HASELBOURG;France
59178;HASNON;France
64240;HASPARREN;France
57230;HASPELSCHIEDT;France
59198;HASPRES;France
40300;HASTINGUES;France
54800;HATRIZE;France
67690;HATTEN;France
80700;HATTENCOURT;France
76640;HATTENVILLE;France
57790;HATTIGNY;France
67330;HATTMATT;France
55210;HATTONCHATEL;France
55210;HATTONVILLE;France
68420;HATTSTATT;France
65200;HAUBAN;France
59320;HAUBOURDIN;France
57280;HAUCONCOURT;France
60112;HAUCOURT;France
62156;HAUCOURT;France
76440;HAUCOURT;France
59191;HAUCOURT EN CAMBRESIS;France
55230;HAUCOURT LA RIGOLE;France
54860;HAUCOURT MOULAINE;France
55100;HAUDAINVILLE;France
55160;HAUDIOMONT;France
60510;HAUDIVILLERS;France
54830;HAUDONVILLE;France
08090;HAUDRECY;France
76390;HAUDRICOURT;France
59121;HAULCHIN;France
32550;HAULIES;France
08800;HAULME;France
55210;HAUMONT LES LACHAUSSEE;France
40250;HAURIET;France
68130;HAUSGAUEN;France
76440;HAUSSEZ;France
51300;HAUSSIGNEMONT;France
51320;HAUSSIMONT;France
54290;HAUSSONVILLE;France
59294;HAUSSY;France
57400;HAUT CLOCHER;France
38290;HAUT DE BONCE;France
64800;HAUT DE BOSDARROS;France
59440;HAUT LIEU;France
62850;HAUT LOQUIN;France
62390;HAUT MAINIL;France
40280;HAUT MAUCO;France
65150;HAUTAGET;France
60210;HAUTBOS;France
52600;HAUTE AMANCE;France
62144;HAUTE AVESNES;France
60690;HAUTE EPINE;France
44115;HAUTE GOULAINE;France
67130;HAUTE GOUTTE;France
44610;HAUTE INDRE;France
95780;HAUTE ISLE;France
57480;HAUTE KONTZ;France
69610;HAUTE RIVOIRE;France
57690;HAUTE VIGNEULLES;France
62130;HAUTECLOQUE;France
62270;HAUTECOTE;France
39130;HAUTECOUR;France
73600;HAUTECOUR;France
55400;HAUTECOURT LES BROVILLE;France
01250;HAUTECOURT ROMANECHE;France
19400;HAUTEFAGE;France
47340;HAUTEFAGE LA TOUR;France
24300;HAUTEFAYE;France
77515;HAUTEFEUILLE;France
71600;HAUTEFOND;France
60350;HAUTEFONTAINE;France
24390;HAUTEFORT;France
73620;HAUTELUCE;France
25580;HAUTEPIERRE LE CHATELET;France
03270;HAUTERIVE;France
61250;HAUTERIVE;France
89250;HAUTERIVE;France
25650;HAUTERIVE LA FRESSE;France
26390;HAUTERIVES;France
21150;HAUTEROCHE;France
04380;HAUTES DUVES;France
04380;HAUTES DUYES;France
47400;HAUTESVIGNES;France
70800;HAUTEVELLE;France
02810;HAUTEVESNES;France
02120;HAUTEVILLE;France
08300;HAUTEVILLE;France
51290;HAUTEVILLE;France
62810;HAUTEVILLE;France
73390;HAUTEVILLE;France
73700;HAUTEVILLE GONDON;France
50570;HAUTEVILLE LA GUICHARD;France
21121;HAUTEVILLE LES DIJON;France
01110;HAUTEVILLE LOMPNES;France
74150;HAUTEVILLE SUR FIER;France
50590;HAUTEVILLE SUR MER;France
02140;HAUTION;France
59330;HAUTMONT;France
88240;HAUTMOUGEY;France
76450;HAUTOT L AUVRAY;France
76190;HAUTOT LE VATOIS;France
76190;HAUTOT ST SULPICE;France
76550;HAUTOT SUR MER;France
76113;HAUTOT SUR SEINE;France
50390;HAUTTEVILLE BOCAGE;France
51160;HAUTVILLERS;France
80132;HAUTVILLERS OUVILLE;France
27350;HAUVILLE;France
08310;HAUVINE;France
33550;HAUX;France
64470;HAUX;France
57650;HAVANGE;France
28410;HAVELU;France
59255;HAVELUY;France
80670;HAVERNAS;France
62350;HAVERSKERQUE;France
62147;HAVRINCOURT;France
08260;HAVYS;France
57240;HAYANGE;France
08170;HAYBES;France
57530;HAYES;France
59265;HAYNECOURT;France
59190;HAZEBROUCK;France
57430;HAZEMBOURG;France
50340;HEAUVILLE;France
27150;HEBECOURT;France
80680;HEBECOURT;France
50180;HEBECREVON;France
76740;HEBERVILLE;France
62111;HEBUTERNE;France
65250;HECHES;France
68210;HECKEN;France
27800;HECMANVILLE;France
27120;HECOURT;France
60380;HECOURT;France
59530;HECQ;France
27110;HECTOMARE;France
80560;HEDAUVILLE;France
35630;HEDE;France
95690;HEDOUVILLE;France
67360;HEGENEY;France
68220;HEGENHEIM;France
67390;HEIDOLSHEIM;France
68720;HEIDWILLER;France
67190;HEILIGENBERG;France
67140;HEILIGENSTEIN;France
54180;HEILLECOURT;France
60250;HEILLES;France
80113;HEILLY;France
51340;HEILTZ L EVEQUE;France
51300;HEILTZ LE HUTIER;France
51340;HEILTZ LE MAURUPT;France
68560;HEIMERSDORF;France
68990;HEIMSBRUNN;France
57320;HEINING LES BOUZONVILLE;France
55220;HEIPPES;France
68600;HEITEREN;France
68130;HEIWILLER;France
59171;HELESMES;France
64640;HELETTE;France
62570;HELFAUT;France
68510;HELFRANTZKIRCH;France
56120;HELLEAN;France
59260;HELLEMMES LILLE;France
27240;HELLENVILLIERS;France
57930;HELLERING LES FENETRANGE;France
50340;HELLEVILLE;France
57660;HELLIMER;France
61250;HELOUP;France
57220;HELSTROFF;France
59510;HEM;France
80600;HEM HARDINVAL;France
59247;HEM LENGLET;France
80360;HEM MONACU;France
50700;HEMEVEZ;France
60190;HEMEVILLERS;France
57690;HEMILLY;France
57830;HEMING;France
22600;HEMONSTOIR;France
54370;HENAMENIL;France
22550;HENANBIHEN;France
22400;HENANSAL;France
64700;HENDAYE;France
62182;HENDECOURT LES CAGNICOURT;France
62175;HENDECOURT LES RANSART;France
80300;HENENCOURT;France
68960;HENFLINGEN;France
22450;HENGOAT;France
67440;HENGWILLER;France
62110;HENIN BEAUMONT;France
62128;HENIN SUR COJEUL;France
62128;HENINEL;France
56700;HENNEBONT;France
88270;HENNECOURT;France
55160;HENNEMONT;France
62142;HENNEVEUX;France
88260;HENNEZEL;France
27700;HENNEZIS;France
22150;HENON;France
60119;HENONVILLE;France
76840;HENOUVILLE;France
18250;HENRICHEMONT;France
57820;HENRIDORFF;France
57450;HENRIVILLE;France
62760;HENU;France
29670;HENVIC;France
57119;HERANGE;France
41190;HERBAULT;France
80200;HERBECOURT;France
62129;HERBELLES;France
08370;HERBEUVAL;France
55210;HERBEUVILLE;France
78580;HERBEVILLE;France
54450;HERBEVILLER;France
38320;HERBEYS;France
44410;HERBIGNAC;France
59530;HERBIGNIES VILLEREAU;France
62850;HERBINGHEN;France
10700;HERBISSE;France
67260;HERBITZHEIM;France
95220;HERBLAY;France
67230;HERBSHEIM;France
53120;HERCE;France
60112;HERCHIES;France
50660;HERENGUERVILLE;France
34600;HEREPIAN;France
65700;HERES;France
59199;HERGNIES;France
88130;HERGUGNEY;France
44810;HERIC;France
62130;HERICOURT;France
70400;HERICOURT;France
76560;HERICOURT EN CAUX;France
60380;HERICOURT SUR THERAIN;France
77850;HERICY;France
54300;HERIMENIL;France
25310;HERIMONCOURT;France
59195;HERIN;France
80260;HERISSART;France
03190;HERISSON;France
80340;HERLEVILLE;France
59134;HERLIES;France
62130;HERLIN LE SEC;France
62130;HERLINCOURT;France
62650;HERLY;France
80190;HERLY;France
40990;HERM;France
76730;HERMANVILLE;France
14880;HERMANVILLE SUR MER;France
62690;HERMAVILLE;France
77114;HERME;France
57790;HERMELANGE;France
62132;HERMELINGHEN;France
63470;HERMENT;France
78125;HERMERAY;France
67250;HERMERSWILLER;France
60370;HERMES;France
76280;HERMEVILLE;France
55400;HERMEVILLE EN WOEVRE;France
62147;HERMIES;France
73300;HERMILLON;France
62150;HERMIN;France
14100;HERMIVAL LES VAUX;France
51220;HERMONVILLE;France
62130;HERNICOURT;France
57580;HERNY;France
76750;HERONCHELLES;France
95300;HEROUVILLE;France
14200;HEROUVILLE ST CLAIR;France
14850;HEROUVILLETTE;France
88600;HERPELMONT;France
51460;HERPONT;France
08360;HERPY L ARLESIENNE;France
27430;HERQUEVILLE;France
50440;HERQUEVILLE;France
31160;HERRAN;France
40310;HERRE;France
64680;HERRERE;France
59147;HERRIN;France
67850;HERRLISHEIM;France
68420;HERRLISHEIM PRES COLMAR;France
18140;HERRY;France
67130;HERSBACH;France
54440;HERSERANGE;France
62530;HERSIN COUPIGNY;France
57830;HERTZING;France
62179;HERVELINGHEN;France
80240;HERVILLY;France
58800;HERY;France
89550;HERY;France
74540;HERY SUR ALBY;France
59470;HERZEELE;France
80240;HESBECOURT;France
80290;HESCAMPS;France
62196;HESDIGNEUL LES BETHUNE;France
62360;HESDIGNEUL LES BOULOGNE;France
62140;HESDIN;France
62360;HESDIN L ABBE;France
68220;HESINGUE;France
62990;HESMOND;France
57400;HESSE;France
67390;HESSENHEIM;France
57320;HESTROFF;France
59740;HESTRUD;France
62550;HESTRUS;France
60360;HETOMESNIL;France
57330;HETTANGE GRANDE;France
68600;HETTENSCHLAG;France
27630;HEUBECOURT;France
27630;HEUBECOURT HARICOURT;France
62134;HEUCHIN;France
80270;HEUCOURT CROQUOISON;France
27400;HEUDEBOUVILLE;France
27860;HEUDICOURT;France
80122;HEUDICOURT;France
55210;HEUDICOURT SOUS LES COTES;France
27230;HEUDREVILLE EN LIEUVIN;France
27400;HEUDREVILLE SUR EURE;France
40180;HEUGAS;France
76720;HEUGLEVILLE SUR SCIE;France
36180;HEUGNES;France
61470;HEUGON;France
50200;HEUGUEVILLE SUR SIENNE;France
52600;HEUILLEY COTTON;France
52600;HEUILLEY LE GRAND;France
21270;HEUILLEY SUR SAONE;France
14430;HEULAND;France
63210;HEUME L EGLISE;France
54430;HEUMONT;France
27700;HEUQUEVILLE;France
76280;HEUQUEVILLE;France
62575;HEURINGHEM;France
76940;HEURTEAUVILLE;France
14140;HEURTEVENT;France
50640;HEUSSE;France
51110;HEUTREGIVILLE;France
80370;HEUZECOURT;France
55290;HEVILLIERS;France
38540;HEYRIEUX;France
62310;HEZECQUES;France
65380;HIBARETTE;France
38118;HIERES SUR AMBY;France
08320;HIERGES;France
80370;HIERMONT;France
17320;HIERS BROUAGE;France
16290;HIERSAC;France
16490;HIESSE;France
50480;HIESVILLE;France
14170;HIEVILLE;France
64160;HIGUERES SOUYE;France
65200;HIIS;France
57400;HILBESHEIM;France
22120;HILLION;France
67600;HILSENHEIM;France
57510;HILSPRICH;France
02440;HINACOURT;France
57220;HINCKANGE;France
67150;HINDISHEIM;France
68580;HINDLINGEN;France
62232;HINGES;France
67290;HINSBOURG;France
67260;HINSINGEN;France
40180;HINX;France
67150;HIPSHEIM;France
08230;HIRAUMONT;France
35120;HIREL;France
67320;HIRSCHLAND;France
68560;HIRSINGUE;France
02500;HIRSON;France
68118;HIRTZBACH;France
68740;HIRTZFELDEN;France
31260;HIS;France
65190;HITTE;France
67270;HOCHFELDEN;France
68720;HOCHSTATT;France
67170;HOCHSTETT;France
50320;HOCQUIGNY;France
80490;HOCQUINCOURT;France
62850;HOCQUINGHEN;France
60650;HODENC EN BRAY;France
60430;HODENC L EVEQUE;France
76340;HODENG AU BOSC;France
76780;HODENG HODENGER;France
95420;HODENT;France
67250;HOELSCHLOCH;France
67800;HOENHEIM;France
67720;HOERDT;France
54370;HOEVILLE;France
67250;HOFFEN;France
67170;HOHATZENHEIM;France
67310;HOHENGOEFT;France
67270;HOHFRANKENHEIM;France
68140;HOHROD;France
67220;HOHWART;France
67250;HOHWILLER;France
57380;HOLACOURT;France
57220;HOLLING;France
02760;HOLNON;France
59143;HOLQUE;France
67810;HOLTZHEIM;France
68320;HOLTZWIHR;France
57510;HOLVING;France
80400;HOMBLEUX;France
02720;HOMBLIERES;France
68490;HOMBOURG;France
57920;HOMBOURG BUDANGE;France
57470;HOMBOURG HAUT;France
54310;HOMECOURT;France
57400;HOMMARTING;France
57870;HOMMERT;France
37340;HOMMES;France
11200;HOMPS;France
32120;HOMPS;France
59570;HON HERGIES;France
60250;HONDAINVILLE;France
59190;HONDEGHEM;France
77510;HONDEVILLIERS;France
27400;HONDOUVILLE;France
59122;HONDSCHOOTE;France
14600;HONFLEUR;France
08230;HONGREAU;France
27310;HONGUEMARE GUENOUVILLE;France
59980;HONNECHY;France
59266;HONNECOURT SUR ESCAUT;France
57670;HONSKIRCH;France
40190;HONTANX;France
68180;HORBOURG WIHR;France
59111;HORDAIN;France
65310;HORGUES;France
59171;HORNAING;France
80640;HORNOY LE BOURG;France
40700;HORSARRIEU;France
52600;HORTES;France
55130;HORVILLE EN ORNOIS;France
40150;HOSSEGOR;France
64120;HOSTA;France
57510;HOSTE;France
33125;HOSTENS;France
01110;HOSTIAS;France
26730;HOSTUN;France
01260;HOTONNES;France
14430;HOTOT EN AUGE;France
14250;HOTTOT LES BAGUES;France
57720;HOTTVILLER;France
62620;HOUCHIN;France
62150;HOUDAIN;France
59570;HOUDAIN LEZ BAVAY;France
78550;HOUDAN;France
60710;HOUDANCOURT;France
55130;HOUDELAINCOURT;France
55230;HOUDELAUCOURT SUR OTHAIN;France
54330;HOUDELMONT;France
54180;HOUDEMONT;France
76740;HOUDETOT;France
08190;HOUDILCOURT;France
54330;HOUDREVILLE;France
88170;HOUECOURT;France
47420;HOUEILLES;France
50480;HOUESVILLE;France
27400;HOUETTEVILLE;France
88300;HOUEVILLE;France
65330;HOUEYDETS;France
78800;HOUILLES;France
27120;HOULBEC COCHEREL;France
27370;HOULBEC PRES LE GROS THEIL;France
08090;HOULDIZY;France
16200;HOULETTE;France
14510;HOULGATE;France
62910;HOULLE;France
11240;HOUNOUX;France
59263;HOUPLIN ANCOISNE;France
59116;HOUPLINES;France
76770;HOUPPEVILLE;France
76110;HOUQUETOT;France
65350;HOURC;France
51140;HOURGES;France
64420;HOURS;France
33990;HOURTIN;France
02140;HOURY;France
41800;HOUSSAY;France
53360;HOUSSAY;France
68125;HOUSSEN;France
88700;HOUSSERAS;France
02250;HOUSSET;France
54930;HOUSSEVILLE;France
25300;HOUTAUD;France
59470;HOUTKERQUE;France
50250;HOUTTEVILLE;France
27440;HOUVILLE EN VEXIN;France
28700;HOUVILLE LA BRANCHE;France
62270;HOUVIN HOUVIGNEUL;France
28130;HOUX;France
59492;HOYMILLE;France
25680;HUANNE MONTMARTIN;France
62630;HUBERSENT;France
14540;HUBERT FOLIE;France
50700;HUBERVILLE;France
62140;HUBY ST LEU;France
80132;HUCHENNEVILLE;France
62130;HUCLIER;France
62650;HUCQUELIERS;France
50510;HUDIMESNIL;France
54110;HUDIVILLER;France
29690;HUELGOAT;France
27930;HUEST;France
45520;HUETRE;France
38750;HUEZ;France
70150;HUGIER;France
76570;HUGLEVILLE EN CAUX;France
49430;HUILLE;France
52150;HUILLIECOURT;France
71290;HUILLY SUR SEILLE;France
51300;HUIRON;France
37420;HUISMES;France
50170;HUISNES SUR MER;France
41310;HUISSEAU EN BEAUCE;France
41350;HUISSEAU SUR COSSON;France
45130;HUISSEAU SUR MAUVES;France
62410;HULLUCH;France
57820;HULTEHOUSE;France
51320;HUMBAUVILLE;France
52290;HUMBECOURT;France
62158;HUMBERCAMPS;France
80600;HUMBERCOURT;France
62650;HUMBERT;France
52700;HUMBERVILLE;France
18250;HUMBLIGNY;France
62130;HUMEROEUILLE;France
52200;HUMES JORQUENAY;France
62130;HUMIERES;France
68150;HUNAWIHR;France
57990;HUNDLING;France
68130;HUNDSBACH;France
68330;HUNINGUE;France
67250;HUNSPACH;France
57480;HUNTING;France
31210;HUOS;France
12460;HUPARLAC;France
14520;HUPPAIN;France
80140;HUPPY;France
88210;HURBACHE;France
33190;HURE;France
70210;HURECOURT;France
48150;HURES LA PARADE;France
03380;HURIEL;France
71870;HURIGNY;France
38570;HURTIERES;France
67117;HURTIGHEIM;France
68420;HUSSEREN LES CHATEAUX;France
68470;HUSSEREN WESSERLING;France
54590;HUSSIGNY GODBRANGE;France
50640;HUSSON;France
67270;HUTTENDORF;France
67230;HUTTENHEIM;France
03600;HYDS;France
25250;HYEMONDANS;France
80320;HYENCOURT LE GRAND;France
50660;HYENVILLE;France
83400;HYERES;France
83400;HYERES PLAGE;France
70190;HYET;France
25110;HYEVRE MAGNY;France
25110;HYEVRE PAROISSE;France
88500;HYMONT;France
64120;IBARROLLE;France
57830;IBIGNY;France
65420;IBOS;France
67640;ICHTRATZHEIM;France
77890;ICHY;France
64130;IDAUX MENDY;France
32300;IDRAC RESPAILLES;France
64320;IDRON OUSSE SENDETS;France
18170;IDS ST ROCH;France
35750;IFFENDIC;France
14123;IFS;France
61130;IGE;France
71960;IGE;France
80720;IGNAUCOURT;France
09110;IGNAUX;France
54450;IGNEY;France
88150;IGNEY;France
18350;IGNOL;France
70700;IGNY;France
91430;IGNY;France
51700;IGNY COMBLIZY;France
64800;IGON;France
71540;IGORNAY;France
27460;IGOVILLE;France
71340;IGUERANDE;France
64640;IHOLDY;France
56780;ILE AUX MOINES;France
17123;ILE D AIX;France
56840;ILE D ARZ;France
56170;ILE D HOUAT;France
29242;ILE D OUESSANT;France
29253;ILE DE BATZ;France
22870;ILE DE BREHAT;France
56170;ILE DE HOEDIC;France
83400;ILE DE PORT CROS;France
29990;ILE DE SEIN;France
83400;ILE DU LEVANT;France
22560;ILE GRANDE;France
29259;ILE MOLENE;France
50100;ILE PELEE;France
50550;ILE TATIHOU;France
29980;ILE TUDY;France
50400;ILES CHAUSEY;France
29900;ILES GLENANS;France
65590;ILHAN;France
64120;ILHARRE;France
09300;ILHAT;France
65410;ILHET;France
65370;ILHEU;France
57970;ILLANGE;France
09800;ILLARTEIN;France
33720;ILLATS;France
66130;ILLE SUR TET;France
27290;ILLEVILLE SUR MONTFORT;France
68720;ILLFURTH;France
68970;ILLHAEUSERN;France
01140;ILLIAT;France
09220;ILLIER ET LARAMADE;France
28120;ILLIERS COMBRAY;France
27770;ILLIERS L EVEQUE;France
59480;ILLIES;France
22230;ILLIFAUT;France
67400;ILLKIRCH GRAFFENSTADEN;France
76390;ILLOIS;France
52150;ILLOUD;France
08200;ILLY;France
68110;ILLZACH;France
06420;ILONSE;France
76890;IMBLEVILLE;France
88170;IMBRECOURT;France
67330;IMBSHEIM;France
08240;IMECOURT;France
57400;IMLING;France
54150;IMMONVILLE;France
58160;IMPHY;France
08300;INAUMONT;France
27400;INCARVILLE;France
76117;INCHEVILLE;France
59540;INCHY;France
62860;INCHY EN ARTOIS;France
62770;INCOURT;France
25470;INDEVILLERS;France
44610;INDRE;France
44620;INDRET;France
18160;INEUIL;France
27520;INFREVILLE;France
67270;INGENHEIM;France
68040;INGERSHEIM;France
62129;INGHEM;France
57970;INGLANGE;France
67250;INGOLSHEIM;France
76460;INGOUVILLE;France
36300;INGRANDES;France
49123;INGRANDES;France
86220;INGRANDES;France
37140;INGRANDES DE TOURAINE;France
45450;INGRANNES;France
45140;INGRE;France
56240;INGUINIEL;France
67340;INGWILLER;France
01200;INJOUX GENISSIAT;France
67880;INNENHEIM;France
01680;INNIMOND;France
55700;INOR;France
57670;INSMING;France
57670;INSVILLER;France
76630;INTRAVILLE;France
07310;INTRES;France
28310;INTREVILLE;France
45300;INTVILLE LA GUETARD;France
80430;INVAL BOIRON;France
62170;INXENT;France
56650;INZINZAC LOCHRIST;France
55220;IPPECOURT;France
57990;IPPLING;France
61190;IRAI;France
79600;IRAIS;France
89290;IRANCY;France
55600;IRE LE SEC;France
69540;IRIGNY;France
64780;IRISSARRY;France
80300;IRLES;France
67310;IRMSTETT;France
35850;IRODOUER;France
02510;IRON;France
64220;IROULEGUY;France
27930;IRREVILLE;France
29460;IRVILLAC;France
52140;IS EN BASSIGNY;France
21120;IS SUR TILLE;France
62330;ISBERGUES;France
88320;ISCHES;France
45620;ISDES;France
58290;ISENAY;France
50540;ISIGNY LE BUAT;France
14230;ISIGNY SUR MER;France
89200;ISLAND;France
87170;ISLE;France
10240;ISLE AUBIGNY;France
10800;ISLE AUMONT;France
03360;ISLE ET BARDAIS;France
33640;ISLE ST GEORGES;France
51290;ISLE SUR MARNE;France
77440;ISLES LES MELDEUSES;France
77450;ISLES LES VILLENOY;France
51110;ISLES SUR SUIPPE;France
76230;ISNEAUVILLE;France
06420;ISOLA;France
20243;ISOLACCIO DI FIUMORBO;France
52190;ISOMES;France
48320;ISPAGNAC;France
64220;ISPOURE;France
62360;ISQUES;France
24400;ISSAC;France
07190;ISSAMOULENC;France
08440;ISSANCOURT ET RUMEL;France
07510;ISSANLAS;France
25550;ISSANS;France
07470;ISSARLES;France
44520;ISSE;France
51150;ISSE;France
11400;ISSEL;France
46500;ISSENDOLUS;France
67330;ISSENHAUSEN;France
68500;ISSENHEIM;France
46320;ISSEPTS;France
03120;ISSERPENT;France
63270;ISSERTEAUX;France
24560;ISSIGEAC;France
30760;ISSIRAC;France
63500;ISSOIRE;France
55220;ISSONCOURT;France
64570;ISSOR;France
78440;ISSOU;France
36100;ISSOUDUN;France
23130;ISSOUDUN LETRIEIX;France
31450;ISSUS;France
71760;ISSY L EVEQUE;France
92130;ISSY LES MOULINEAUX;France
13800;ISTRES;France
64240;ISTURITS;France
02240;ITANCOURT;France
86240;ITEUIL;France
64120;ITHOROTS OLHAIBY;France
67117;ITTENHEIM;France
67140;ITTERSWILLER;France
91760;ITTEVILLE;France
67370;ITTLENHEIM;France
64250;ITXASSOU;France
81170;ITZAC;France
62810;IVERGNY;France
77165;IVERNY;France
02360;IVIERS;France
27110;IVILLE;France
60141;IVORS;France
39110;IVORY;France
18380;IVOY LE PRE;France
39110;IVREY;France
21340;IVRY EN MONTAGNE;France
27540;IVRY LA BATAILLE;France
60173;IVRY LE TEMPLE;France
94200;IVRY SUR SEINE;France
59141;IWUY;France
65370;IZAOURT;France
31160;IZAUT DE L HOTEL;France
65250;IZAUX;France
53160;IZE;France
38140;IZEAUX;France
62490;IZEL LES EQUERCHIN;France
62690;IZEL LES HAMEAUX;France
01430;IZENAVE;France
01580;IZERNORE;France
38160;IZERON;France
64260;IZESTE;France
21110;IZEURE;France
21110;IZIER;France
01300;IZIEU;France
42400;IZIEUX;France
33450;IZON;France
26560;IZON LA BRUISSE;France
32400;IZOTGES;France
45480;IZY;France
77450;JABLINES;France
87370;JABREILLES LES BORDES;France
15110;JABRUN;France
73000;JACOB BELLECOMBETTE;France
34830;JACOU;France
65350;JACQUE;France
67110;JAEGERTHAL;France
95850;JAGNY SOUS BOIS;France
77440;JAIGNES;France
26300;JAILLANS;France
01120;JAILLEUX;France
54200;JAILLON;France
58330;JAILLY;France
21150;JAILLY LES MOULINS;France
88300;JAINVILLOTTE;France
23270;JALESCHES;France
15200;JALEYRAC;France
03220;JALIGNY SUR BESBRE;France
49510;JALLAIS;France
21250;JALLANGES;France
28200;JALLANS;France
57590;JALLAUCOURT;France
25170;JALLERANGE;France
38300;JALLIEU;France
18300;JALOGNES;France
71250;JALOGNY;France
51150;JALONS;France
71640;JAMBLES;France
78440;JAMBVILLE;France
60240;JAMERICOURT;France
55600;JAMETZ;France
38230;JAMEYZIEU;France
87800;JANAILHAC;France
23250;JANAILLAT;France
21310;JANCIGNY;France
08430;JANDUN;France
38280;JANNEYRIAS;France
44170;JANS;France
26310;JANSAC;France
14670;JANVILLE;France
28310;JANVILLE;France
60150;JANVILLE;France
91510;JANVILLE SUR JUINE;France
51210;JANVILLIERS;France
51390;JANVRY;France
91640;JANVRY;France
35150;JANZE;France
38270;JARCIEU;France
85520;JARD SUR MER;France
38200;JARDIN;France
86800;JARDRES;France
45150;JARGEAU;France
05130;JARJAYES;France
88550;JARMENIL;France
16200;JARNAC;France
17520;JARNAC CHAMPAGNE;France
23140;JARNAGES;France
69640;JARNIOUX;France
42460;JARNOSSE;France
54800;JARNY;France
65100;JARRET;France
38560;JARRIE;France
73300;JARRIER;France
18260;JARS;France
73630;JARSY;France
54140;JARVILLE LA MALGRANGE;France
49140;JARZE;France
42110;JAS;France
70800;JASNEY;France
01480;JASSANS RIOTTIER;France
10330;JASSEINES;France
01250;JASSERON;France
64190;JASSES;France
64480;JATXOU;France
33590;JAU DIGNAC ET LOIRAC;France
10200;JAUCOURT;France
28250;JAUDRAIS;France
07380;JAUJAC;France
16560;JAULDES;France
89360;JAULGES;France
02850;JAULGONNE;France
37120;JAULNAY;France
77480;JAULNES;France
54470;JAULNY;France
60350;JAULZY;France
07160;JAUNAC;France
86130;JAUNAY CLAN;France
24140;JAURE;France
04850;JAUSIERS;France
60880;JAUX;France
72110;JAUZE;France
43100;JAVAUGUES;France
35133;JAVENE;France
87520;JAVERDAT;France
24300;JAVERLHAC ET LA CHAPELLE ST ROBERT;France
10320;JAVERNANT;France
48130;JAVOLS;France
16100;JAVREZAC;France
53250;JAVRON LES CHAPELLES;France
43230;JAX;France
64220;JAXU;France
24590;JAYAC;France
01340;JAYAT;France
86600;JAZENEUIL;France
17260;JAZENNES;France
02490;JEANCOURT;France
54114;JEANDELAINCOURT;France
54800;JEANDELIZE;France
88700;JEANMENIL;France
42920;JEANSAGNIERE;France
02140;JEANTES;France
68320;JEBSHEIM;France
32360;JEGUN;France
59144;JENLAIN;France
03800;JENZAT;France
88260;JESONVILLE;France
10140;JESSAINS;France
67440;JETTERSWILLER;France
68130;JETTINGEN;France
36120;JEU LES BOIS;France
36240;JEU MALOCHES;France
78270;JEUFOSSE;France
10320;JEUGNY;France
59460;JEUMONT;France
39360;JEURRE;France
21460;JEUX LES BARD;France
88000;JEUXEY;France
54740;JEVONCOURT;France
54700;JEZAINVILLE;France
65240;JEZEAU;France
07110;JOANNAS;France
63990;JOB;France
50440;JOBOURG;France
66320;JOCH;France
54240;JOEUF;France
50310;JOGANVILLE;France
89300;JOIGNY;France
08700;JOIGNY SUR MEUSE;France
52300;JOINVILLE;France
94340;JOINVILLE LE PONT;France
51310;JOISELLE;France
59530;JOLIMETZ;France
54300;JOLIVET;France
69330;JONAGE;France
34650;JONCELS;France
26310;JONCHERES;France
90100;JONCHEREY;France
52000;JONCHERY;France
51600;JONCHERY SUR SUIPPE;France
51140;JONCHERY SUR VESLE;France
02420;JONCOURT;France
10330;JONCREUIL;France
71460;JONCY;France
73170;JONGIEUX;France
27410;JONQUERETS DE LIVET;France
84450;JONQUERETTES;France
51700;JONQUERY;France
11220;JONQUIERES;France
34725;JONQUIERES;France
60680;JONQUIERES;France
81440;JONQUIERES;France
84150;JONQUIERES;France
30300;JONQUIERES ST VINCENT;France
69330;JONS;France
08130;JONVAL;France
70500;JONVELLE;France
55160;JONVILLE EN WOEVRE;France
17500;JONZAC;France
74520;JONZIER EPAGNY;France
42660;JONZIEUX;France
54620;JOPPECOURT;France
52200;JORQUENAY;France
14170;JORT;France
88500;JORXEY;France
43230;JOSAT;France
63460;JOSERAND;France
41370;JOSNES;France
40230;JOSSE;France
56120;JOSSELIN;France
77600;JOSSIGNY;France
15800;JOU SOUS MONJOU;France
87890;JOUAC;France
02220;JOUAIGNES;France
89310;JOUANCY;France
77640;JOUARRE;France
78760;JOUARS PONTCHARTRAIN;France
54800;JOUAVILLE;France
84220;JOUCAS;France
11140;JOUCOU;France
71480;JOUDES;France
54490;JOUDREVILLE;France
61320;JOUE DU BOIS;France
61150;JOUE DU PLAIN;France
72540;JOUE EN CHARNIE;France
49670;JOUE ETIAU;France
72380;JOUE L ABBE;France
37300;JOUE LES TOURS;France
44440;JOUE SUR ERDRE;France
18320;JOUET SUR L AUBOIS;France
21230;JOUEY;France
25370;JOUGNE;France
39100;JOUHE;France
86500;JOUHET;France
23220;JOUILLAT;France
13490;JOUQUES;France
81190;JOUQUEVIEL;France
87800;JOURGNAC;France
01250;JOURNANS;France
86290;JOURNET;France
24260;JOURNIAC;France
62850;JOURNY;France
21340;JOURS EN VAUX;France
21450;JOURS LES BAIGNEUX;France
15170;JOURSAC;France
86350;JOUSSE;France
27260;JOUVEAUX;France
71290;JOUVENCON;France
69170;JOUX;France
89440;JOUX LA VILLE;France
02370;JOUY;France
28300;JOUY;France
89150;JOUY;France
57130;JOUY AUX ARCHES;France
55120;JOUY EN ARGONNE;France
78350;JOUY EN JOSAS;France
45480;JOUY EN PITHIVERAIS;France
95280;JOUY LA FONTAINE;France
77970;JOUY LE CHATEL;France
95280;JOUY LE MOUTIER;France
45370;JOUY LE POTIER;France
51390;JOUY LES REIMS;France
78200;JOUY MAUVOISIN;France
60240;JOUY SOUS THELLE;France
27120;JOUY SUR EURE;France
77320;JOUY SUR MORIN;France
07260;JOYEUSE;France
01800;JOYEUX;France
63350;JOZE;France
32160;JU BELLOC;France
06160;JUAN LES PINS;France
14250;JUAYE MONDAYE;France
88630;JUBAINVILLE;France
55120;JUBECOURT;France
53160;JUBLAINS;France
33420;JUGAZAN;France
19500;JUGEALS NAZARETH;France
22270;JUGON LES LACS;France
71240;JUGY;France
17770;JUICQ;France
71440;JUIF;France
16190;JUIGNAC;France
49460;JUIGNE BENE;France
44670;JUIGNE DES MOUTIERS;France
49610;JUIGNE SUR LOIRE;France
72300;JUIGNE SUR SARTHE;France
27250;JUIGNETTES;France
19350;JUILLAC;France
32230;JUILLAC;France
33890;JUILLAC;France
16130;JUILLAC LE COQ;France
16320;JUILLAGUET;France
65290;JUILLAN;France
16230;JUILLE;France
72170;JUILLE;France
79170;JUILLE;France
21210;JUILLENAY;France
32200;JUILLES;France
50220;JUILLEY;France
21140;JUILLY;France
77230;JUILLY;France
66360;JUJOLS;France
01640;JUJURIEUX;France
48140;JULIANGES;France
69840;JULIENAS;France
16200;JULIENNE;France
88120;JULIENRUPT;France
43500;JULLIANGES;France
69840;JULLIE;France
50610;JULLOUVILLE;France
89160;JULLY;France
71390;JULLY LES BUXY;France
10260;JULLY SUR SARCE;France
65100;JULOS;France
55120;JULVECOURT;France
78580;JUMEAUVILLE;France
63570;JUMEAUX;France
80250;JUMEL;France
27220;JUMELLES;France
49160;JUMELLES;France
02380;JUMENCOURT;France
76480;JUMIEGES;France
02160;JUMIGNY;France
24630;JUMILHAC LE GRAND;France
30250;JUNAS;France
89700;JUNAY;France
65100;JUNCALAS;France
68500;JUNGHOLTZ;France
15120;JUNHAC;France
08310;JUNIVILLE;France
72500;JUPILLES;France
64110;JURANCON;France
45340;JURANVILLE;France
42430;JURE;France
16250;JURIGNAC;France
14260;JURQUES;France
31110;JURVIELLE;France
57245;JURY;France
79230;JUSCORPS;France
47180;JUSIX;France
15250;JUSSAC;France
88640;JUSSARUPT;France
17130;JUSSAS;France
51340;JUSSECOURT MINECOURT;France
70500;JUSSEY;France
02480;JUSSY;France
57130;JUSSY;France
74350;JUSSY;France
89290;JUSSY;France
18130;JUSSY CHAMPAGNE;France
18140;JUSSY LE CHAUDRIER;France
32190;JUSTIAN;France
08270;JUSTINE HERBIGNY;France
09700;JUSTINIAC;France
77650;JUTIGNY;France
88500;JUVAINCOURT;France
10310;JUVANCOURT;France
10140;JUVANZE;France
49330;JUVARDEIL;France
57630;JUVELIZE;France
34990;JUVIGNAC;France
53380;JUVIGNE;France
60112;JUVIGNIES;France
02880;JUVIGNY;France
51150;JUVIGNY;France
74100;JUVIGNY;France
55170;JUVIGNY EN PERTHOIS;France
50520;JUVIGNY LE TERTRE;France
61140;JUVIGNY SOUS ANDAINE;France
55600;JUVIGNY SUR LOISON;France
61200;JUVIGNY SUR ORNE;France
14250;JUVIGNY SUR SEULLES;France
57590;JUVILLE;France
07600;JUVINAS;France
02190;JUVINCOURT ET DAMARY;France
91260;JUVISY SUR ORGE;France
54370;JUVRECOURT;France
64120;JUXUE;France
10500;JUZANVIGNY;France
52330;JUZENNECOURT;France
31540;JUZES;France
31160;JUZET D IZAUT;France
31110;JUZET DE LUCHON;France
78820;JUZIERS;France
