77730;SAACY SUR MARNE;France
67420;SAALES;France
76730;SAANE ST JUST;France
67390;SAASENHEIM;France
46210;SABADEL LATRONQUIERE;France
46360;SABADEL LAUZES;France
32420;SABAILLAN;France
65350;SABALOS;France
09350;SABARAT;France
65330;SABARROS;France
32290;SABAZAN;France
72300;SABLE SUR SARTHE;France
85450;SABLEAU;France
22240;SABLES D OR LES PINS;France
84110;SABLET;France
07260;SABLIERES;France
17600;SABLONCEAUX;France
77510;SABLONNIERES;France
33910;SABLONS;France
38550;SABLONS;France
31370;SABONNERES;France
30200;SABRAN;France
40630;SABRES;France
31110;SACCOURVIELLE;France
53470;SACE;France
50170;SACEY;France
37190;SACHE;France
62550;SACHIN;France
08110;SACHY;France
36170;SACIERGES ST MARTIN;France
91690;SACLAS;France
91400;SACLAY;France
02200;SACONIN ET BREUIL;France
65370;SACOUE;France
21260;SACQUENAY;France
27930;SACQUENVILLE;France
51500;SACY;France
89270;SACY;France
60700;SACY LE GRAND;France
60190;SACY LE PETIT;France
32170;SADEILLAN;France
24500;SADILLAC;France
33670;SADIRAC;France
65220;SADOURNIN;France
19270;SADROC;France
67270;SAESSOLSHEIM;France
54210;SAFFAIS;France
39130;SAFFLOZ;France
44390;SAFFRE;France
21350;SAFFRES;France
24170;SAGELAT;France
23800;SAGNAT;France
07450;SAGNES ET GOUDOULET;France
20118;SAGONE;France
18600;SAGONNE;France
71580;SAGY;France
95450;SAGY;France
66360;SAHORRE;France
26510;SAHUNE;France
76113;SAHURS;France
61200;SAI;France
15240;SAIGNES;France
46500;SAIGNES;France
80230;SAIGNEVILLE;France
84400;SAIGNON;France
31470;SAIGUEDE;France
42310;SAIL LES BAINS;France
42890;SAIL SOUS COUZAN;France
65170;SAILHAN;France
19500;SAILLAC;France
46260;SAILLAC;France
66800;SAILLAGOUSE;France
26340;SAILLANS;France
33141;SAILLANS;France
63840;SAILLANT;France
87720;SAILLAT SUR VIENNE;France
44350;SAILLE;France
71580;SAILLENARD;France
08110;SAILLY;France
52230;SAILLY;France
71250;SAILLY;France
78440;SAILLY;France
57420;SAILLY ACHATEL;France
62111;SAILLY AU BOIS;France
62490;SAILLY EN OSTREVENT;France
80970;SAILLY FLIBEAUCOURT;France
62113;SAILLY LABOURSE;France
80800;SAILLY LAURETTE;France
80800;SAILLY LE SEC;France
59554;SAILLY LEZ CAMBRAI;France
59390;SAILLY LEZ LANNOY;France
80360;SAILLY SAILLISEL;France
62840;SAILLY SUR LA LYS;France
69210;SAIN BEL;France
58470;SAINCAIZE MEAUCE;France
59262;SAINGHIN EN MELANTOIS;France
59184;SAINGHIN EN WEPPES;France
76430;SAINNEVILLE;France
89520;SAINPUITS;France
35610;SAINS;France
59177;SAINS DU NORD;France
80680;SAINS EN AMIENOIS;France
62114;SAINS EN GOHELLE;France
62310;SAINS LES FRESSIN;France
62860;SAINS LES MARQUION;France
62550;SAINS LES PERNES;France
60420;SAINS MORAINVILLERS;France
02120;SAINS RICHAUMONT;France
50500;SAINTENY;France
17100;SAINTES;France
13460;SAINTES MARIES DE LA MER;France
60410;SAINTINES;France
91250;SAINTRY SUR SEINE;France
77120;SAINTS;France
89520;SAINTS;France
28700;SAINVILLE;France
86420;SAIRES;France
61220;SAIRES LA VERRERIE;France
11310;SAISSAC;France
80540;SAISSEVAL;France
71360;SAISY;France
79400;SAIVRES;France
81710;SAIX;France
86120;SAIX;France
39110;SAIZENAY;France
54380;SAIZERAIS;France
58190;SAIZY;France
31370;SAJAS;France
24160;SALAGNAC;France
38890;SALAGNON;France
06910;SALAGRIFFON;France
38150;SALAISE SUR SANNE;France
39700;SALANS;France
34800;SALASC;France
09140;SALAU;France
33160;SALAUNES;France
07150;SALAVAS;France
01270;SALAVRE;France
30760;SALAZAC;France
41300;SALBRIS;France
65370;SALECHAN;France
31260;SALEICH;France
17510;SALEIGNES;France
66280;SALEILLES;France
60400;SALENCY;France
67440;SALENTHAL;France
05300;SALEON;France
05300;SALERANS;France
31230;SALERM;France
83690;SALERNES;France
15140;SALERS;France
74150;SALES;France
59218;SALESCHES;France
26160;SALETTES;France
43150;SALETTES;France
80480;SALEUX;France
20121;SALICE;France
20218;SALICETO;France
81990;SALIES;France
64270;SALIES DE BEARN;France
31260;SALIES DU SALAT;France
04290;SALIGNAC;France
33240;SALIGNAC;France
17130;SALIGNAC DE MIRAMBEAU;France
24590;SALIGNAC EYVIGNES;France
17800;SALIGNAC SUR CHARENTE;France
39350;SALIGNEY;France
85170;SALIGNY;France
89100;SALIGNY;France
18800;SALIGNY LE VIF;France
03470;SALIGNY SUR ROUDON;France
65120;SALIGOS;France
13129;SALIN DE GIRAUD;France
30340;SALINDRES;France
30250;SALINELLES;France
15200;SALINS;France
77148;SALINS;France
39110;SALINS LES BAINS;France
73600;SALINS LES THERMES;France
21580;SALIVES;France
06910;SALLAGRIFFON;France
74700;SALLANCHES;France
62430;SALLAUMINES;France
33370;SALLEBOEUF;France
63270;SALLEDES;France
11600;SALLELES CABARDES;France
11590;SALLELES D AUDE;France
14240;SALLEN;France
14121;SALLENELLES;France
74270;SALLENOVES;France
85300;SALLERTAINE;France
33770;SALLES;France
47150;SALLES;France
65400;SALLES;France
79800;SALLES;France
81640;SALLES;France
65360;SALLES ADOUR;France
69460;SALLES ARBUISSONNAS BEAUJOLAIS;France
12260;SALLES COURBATIES;France
12410;SALLES CURAN;France
16130;SALLES D ANGLES;France
32370;SALLES D ARMAGNAC;France
11110;SALLES D AUDE;France
16300;SALLES DE BARBEZIEUX;France
24170;SALLES DE BELVES;France
16700;SALLES DE VILLEFAGNAN;France
86300;SALLES EN TOULON;France
31110;SALLES ET PRATVIEL;France
12330;SALLES LA SOURCE;France
16190;SALLES LAVALETTE;France
17470;SALLES LES AULNAY;France
64300;SALLES MONGISCARD;France
26770;SALLES SOUS BOIS;France
31390;SALLES SUR GARONNE;France
11410;SALLES SUR L HERS;France
17220;SALLES SUR MER;France
64300;SALLESPISSE;France
55000;SALMAGNE;France
21690;SALMAISE;France
67160;SALMBACH;France
12120;SALMIECH;France
59496;SALOME;France
10700;SALON;France
24380;SALON;France
13300;SALON DE PROVENCE;France
19510;SALON LA TOUR;France
57170;SALONNES;France
71250;SALORNAY SUR GUYE;France
80480;SALOUEL;France
62500;SALPERWICK;France
09800;SALSEIN;France
66600;SALSES LE CHATEAU;France
11600;SALSIGNE;France
42110;SALT EN DONZY;France
81630;SALVAGNAC;France
12260;SALVAGNAC CAJARC;France
11140;SALVEZINES;France
46340;SALVIAC;France
42110;SALVIZINET;France
11330;SALZA;France
43230;SALZUIT;France
40320;SAMADET;France
31350;SAMAN;France
32140;SAMARAN;France
32130;SAMATAN;France
47250;SAMAZAN;France
41120;SAMBIN;France
89160;SAMBOURG;France
59310;SAMEON;France
62830;SAMER;France
21170;SAMEREY;France
64520;SAMES;France
86200;SAMMARCOLLES;France
77260;SAMMERON;France
74340;SAMOENS;France
01580;SAMOGNAT;France
55100;SAMOGNEUX;France
77920;SAMOIS SUR SEINE;France
33710;SAMONAC;France
77210;SAMOREAU;France
31420;SAMOUILLAN;France
02840;SAMOUSSY;France
39100;SAMPANS;France
55300;SAMPIGNY;France
71150;SAMPIGNY LES MARANGES;France
20134;SAMPOLO;France
07120;SAMPZON;France
25440;SAMSON;France
64350;SAMSONS LION;France
65370;SAMURAN;France
20264;SAN DAMIANO;France
20264;SAN GAVINO D AMPUGNANI;France
20170;SAN GAVINO DI CARBINI;France
20243;SAN GAVINO DI FIUMORBO;France
20246;SAN GAVINO DI TENDA;France
20230;SAN GIOVANNI DI MORIANI;France
20230;SAN GIULIANO;France
20244;SAN LORENZO;France
20200;SAN MARTINO DI LOTA;France
20230;SAN NICOLAO;France
31220;SANA;France
83110;SANARY SUR MER;France
71000;SANCE;France
74480;SANCELLEMOZ;France
18140;SANCERGUES;France
18300;SANCERRE;France
25430;SANCEY LE GRAND;France
25430;SANCEY LE LONG;France
28800;SANCHEVILLE;France
88390;SANCHEY;France
18600;SANCOINS;France
27150;SANCOURT;France
59268;SANCOURT;France
80400;SANCOURT;France
54560;SANCY;France
77580;SANCY;France
02880;SANCY LES CHEMINOTS;France
77320;SANCY LES PROVINS;France
67230;SAND;France
28120;SANDARVILLE;France
88170;SANDAUCOURT;France
45640;SANDILLON;France
76430;SANDOUVILLE;France
01400;SANDRANS;France
62231;SANGATTE;France
62850;SANGHEN;France
40460;SANGUINET;France
07110;SANILHAC;France
30700;SANILHAC SAGRIES;France
23110;SANNAT;France
14940;SANNERVILLE;France
84240;SANNES;France
95110;SANNOIS;France
65500;SANOUS;France
57640;SANRY LES VIGY;France
57530;SANRY SUR NIED;France
88260;SANS VALLOIS;France
66360;SANSA;France
15130;SANSAC DE MARMIESSE;France
15120;SANSAC VEINAZES;France
79270;SANSAIS;France
32260;SANSAN;France
43320;SANSSAC L EGLISE;France
03150;SANSSAT;France
20151;SANT ANDREA D ORCINO;France
20212;SANT ANDREA DI BOZIO;France
20221;SANT ANDREA DI COTONE;France
20220;SANT ANTONINO;France
20250;SANTA LUCIA DI MERCURIO;France
20230;SANTA LUCIA DI MORIANI;France
20200;SANTA MARIA DI LOTA;France
20143;SANTA MARIA FIGANIELLA;France
20221;SANTA MARIA POGGIO;France
20190;SANTA MARIA SICHE;France
20220;SANTA REPARATA DI BALAGNA;France
20230;SANTA REPARATA DI MORIANI;France
20228;SANTA SEVERA;France
39380;SANTANS;France
45170;SANTEAU;France
29250;SANTEC;France
21590;SANTENAY;France
41190;SANTENAY;France
52160;SANTENOGE;France
94440;SANTENY;France
59211;SANTES;France
28700;SANTEUIL;France
95640;SANTEUIL;France
89420;SANTIGNY;France
28310;SANTILLY;France
71460;SANTILLY;France
20246;SANTO PIETRO DI TENDA;France
20250;SANTO PIETRO DI VENACO;France
25340;SANTOCHE;France
21340;SANTOSSE;France
18240;SANTRANGES;France
12200;SANVENSA;France
71410;SANVIGNES LES MINES;France
86600;SANXAY;France
79150;SANZAY;France
54200;SANZEY;France
14330;SAON;France
25660;SAONE;France
14330;SAONNET;France
06540;SAORGE;France
72600;SAOSNES;France
26400;SAOU;France
52100;SAPIGNICOURT;France
62121;SAPIGNIES;France
08160;SAPOGNE ET FEUCHERES;France
08370;SAPOGNE SUR MARCHE;France
39300;SAPOIS;France
88120;SAPOIS;France
02130;SAPONAY;France
70210;SAPONCOURT;France
32450;SARAMON;France
45770;SARAN;France
25330;SARAZ;France
40120;SARBAZAN;France
72360;SARCE;France
61200;SARCEAUX;France
95200;SARCELLES;France
38700;SARCENAS;France
52800;SARCEY;France
69490;SARCEY;France
52000;SARCICOURT;France
32420;SARCOS;France
60210;SARCUS;France
51170;SARCY;France
30260;SARDAN;France
23250;SARDENT;France
38260;SARDIEU;France
63260;SARDON;France
58800;SARDY LES EPIRY;France
64310;SARE;France
72190;SARGE LES LE MANS;France
41170;SARGE SUR BRAYE;France
20151;SARI D ORCINO;France
20145;SARI SOLENZARA;France
65230;SARIAC MAGNOAC;France
65130;SARLABOUS;France
24270;SARLANDE;France
24200;SARLAT LA CANEDA;France
24420;SARLIAC SUR L ISLE;France
65390;SARNIGUET;France
60210;SARNOIS;France
51260;SARON SUR AUBE;France
65370;SARP;France
64300;SARPOURENX;France
32400;SARRAGACHIES;France
25240;SARRAGEOIS;France
32170;SARRAGUZAN;France
57430;SARRALBE;France
57400;SARRALTROFF;France
19800;SARRAN;France
64490;SARRANCE;France
65410;SARRANCOLIN;France
32120;SARRANT;France
07370;SARRAS;France
24800;SARRAZAC;France
46600;SARRAZAC;France
40500;SARRAZIET;France
67260;SARRE UNION;France
57400;SARREBOURG;France
31350;SARRECAVE;France
57200;SARREGUEMINES;France
57620;SARREINSBERG;France
57115;SARREINSMING;France
31350;SARREMEZAN;France
67260;SARREWERDEN;France
52140;SARREY;France
65140;SARRIAC BIGORRE;France
84260;SARRIANS;France
49800;SARRIGNE;France
39270;SARROGNA;France
20167;SARROLA CARCOPINO;France
40800;SARRON;France
65600;SARROUILLES;France
19110;SARROUX;France
51520;SARRY;France
71110;SARRY;France
89310;SARRY;France
59230;SARS ET ROSIERES;France
62810;SARS LE BOIS;France
59216;SARS POTERIES;France
20100;SARTENE;France
88300;SARTES;France
50530;SARTILLY;France
62760;SARTON;France
78500;SARTROUVILLE;France
36230;SARZAY;France
56370;SARZEAU;France
41310;SASNIERES;France
71390;SASSANGY;France
41700;SASSAY;France
59145;SASSEGNIES;France
38360;SASSENAGE;France
71530;SASSENAY;France
76730;SASSETOT LE MALGARDE;France
76540;SASSETOT LE MAUCONDUIT;France
76450;SASSEVILLE;France
27930;SASSEY;France
55110;SASSEY SUR MEUSE;France
36120;SASSIERGES ST GERMAIN;France
65120;SASSIS;France
14170;SASSY;France
69580;SATHONAY CAMP;France
69580;SATHONAY VILLAGE;France
07290;SATILLIEU;France
69125;SATOLAS AEROPORT;France
38290;SATOLAS ET BONCE;France
34400;SATURARGUES;France
31600;SAUBENS;France
40230;SAUBION;France
64420;SAUBOLE;France
40230;SAUBRIGUES;France
40180;SAUBUSSE;France
33650;SAUCATS;France
64400;SAUCEDE;France
76630;SAUCHAY;France
62860;SAUCHY CAUCHY;France
62860;SAUCHY LESTREE;France
12230;SAUCLIERES;France
52270;SAUCOURT SUR ROGNON;France
62860;SAUDEMONT;France
51120;SAUDOY;France
52230;SAUDRON;France
55000;SAUDRUPT;France
39130;SAUGEOT;France
40180;SAUGNAC ET CAMBRAN;France
40410;SAUGNACQ ET MURET;France
69124;SAUGNIEU;France
33920;SAUGON;France
43170;SAUGUES;France
64470;SAUGUIS ST ETIENNE;France
18290;SAUGY;France
12260;SAUJAC;France
17600;SAUJON;France
26270;SAULCE SUR RHONE;France
08130;SAULCES CHAMPENOISES;France
08270;SAULCES MONCLIN;France
03500;SAULCET;France
02310;SAULCHERY;France
62870;SAULCHOY;France
80290;SAULCHOY SOUS POIX;France
10200;SAULCY;France
88580;SAULCY SUR MEURTHE;France
25580;SAULES;France
71940;SAULES;France
86500;SAULGE;France
49320;SAULGE L HOPITAL;France
53340;SAULGES;France
16420;SAULGOND;France
46330;SAULIAC SUR CELE;France
21210;SAULIEU;France
52500;SAULLES;France
55110;SAULMORY ET VILLEFRANCHE;France
36290;SAULNAY;France
54650;SAULNES;France
28500;SAULNIERES;France
35320;SAULNIERES;France
70400;SAULNOT;France
57140;SAULNY;France
21910;SAULON LA CHAPELLE;France
21910;SAULON LA RUE;France
84390;SAULT;France
01150;SAULT BRENAZ;France
64300;SAULT DE NAVAILLES;France
08300;SAULT LES RETHEL;France
08190;SAULT ST REMY;France
59990;SAULTAIN;France
62158;SAULTY;France
55500;SAULVAUX;France
70240;SAULX;France
21120;SAULX LE DUC;France
55160;SAULX LES CHAMPLON;France
91160;SAULX LES CHARTREUX;France
78650;SAULX MARCHAIS;France
54115;SAULXEROTTE;France
52140;SAULXURES;France
67420;SAULXURES;France
88140;SAULXURES LES BULGNEVILLE;France
54425;SAULXURES LES NANCY;France
54170;SAULXURES LES VANNES;France
88290;SAULXURES SUR MOSELOTTE;France
18360;SAULZAIS LE POTIER;France
03800;SAULZET;France
63540;SAULZET LE CHAUD;France
63970;SAULZET LE FROID;France
59227;SAULZOIR;France
04150;SAUMANE;France
30125;SAUMANE;France
84800;SAUMANE DE VAUCLUSE;France
47420;SAUMEJAN;France
28800;SAUMERAY;France
47600;SAUMONT;France
76440;SAUMONT LA POTERIE;France
33680;SAUMOS;France
49400;SAUMUR;France
37110;SAUNAY;France
71350;SAUNIERES;France
60112;SAUQUEUSE ST LUCIEN;France
76550;SAUQUEVILLE;France
79200;SAURAIS;France
09400;SAURAT;France
63390;SAURET BESSERVE;France
63320;SAURIER;France
68390;SAUSHEIM;France
34570;SAUSSAN;France
28260;SAUSSAY;France
76760;SAUSSAY;France
27150;SAUSSAY LA CAMPAGNE;France
50700;SAUSSEMESNIL;France
81350;SAUSSENAC;France
31460;SAUSSENS;France
04320;SAUSSES;France
13960;SAUSSET LES PINS;France
76110;SAUSSEUZEMARE EN CAUX;France
21360;SAUSSEY;France
50200;SAUSSEY;France
24240;SAUSSIGNAC;France
34160;SAUSSINES;France
21380;SAUSSY;France
09300;SAUTEL;France
33210;SAUTERNES;France
34270;SAUTEYRARGUES;France
66210;SAUTO;France
44880;SAUTRON;France
52220;SAUVAGE MAGNY;France
16310;SAUVAGNAC;France
47340;SAUVAGNAS;France
63470;SAUVAGNAT;France
63500;SAUVAGNAT STE MARTHE;France
25170;SAUVAGNEY;France
64230;SAUVAGNON;France
03430;SAUVAGNY;France
42990;SAUVAIN;France
15240;SAUVAT;France
30610;SAUVE;France
64150;SAUVELADE;France
01220;SAUVERNY;France
63840;SAUVESSANGES;France
30150;SAUVETERRE;France
32220;SAUVETERRE;France
65700;SAUVETERRE;France
81240;SAUVETERRE;France
82110;SAUVETERRE;France
64390;SAUVETERRE DE BEARN;France
31510;SAUVETERRE DE COMMINGES;France
33540;SAUVETERRE DE GUYENNE;France
12800;SAUVETERRE DE ROUERGUE;France
47500;SAUVETERRE LA LEMANCE;France
47220;SAUVETERRE ST DENIS;France
32300;SAUVIAC;France
33430;SAUVIAC;France
34410;SAUVIAN;France
63120;SAUVIAT;France
87400;SAUVIAT SUR VIGE;France
16480;SAUVIGNAC;France
70100;SAUVIGNEY LES GRAY;France
70140;SAUVIGNEY LES PESMES;France
55140;SAUVIGNY;France
89420;SAUVIGNY LE BEUREAL;France
89200;SAUVIGNY LE BOIS;France
58160;SAUVIGNY LES BOIS;France
08390;SAUVILLE;France
88140;SAUVILLE;France
80110;SAUVILLERS MONGIVAL;France
32220;SAUVIMONT;France
55190;SAUVOY;France
46800;SAUX;France
31800;SAUX ET POMAREDE;France
63490;SAUXILLANGES;France
06470;SAUZE;France
79190;SAUZE VAUSSAIS;France
17190;SAUZELLE;France
36220;SAUZELLES;France
26740;SAUZET;France
30190;SAUZET;France
46140;SAUZET;France
56360;SAUZON;France
39570;SAVAGNA;France
31800;SAVARTHES;France
07430;SAVAS;France
38440;SAVAS MEPIN;France
26740;SAVASSE;France
44260;SAVENAY;France
82600;SAVENES;France
23000;SAVENNES;France
63750;SAVENNES;France
49170;SAVENNIERES;France
09700;SAVERDUN;France
31370;SAVERES;France
67700;SAVERNE;France
80730;SAVEUSE;France
71460;SAVIANGES;France
10600;SAVIERES;France
39240;SAVIGNA;France
12200;SAVIGNAC;France
33124;SAVIGNAC;France
47120;SAVIGNAC DE DURAS;France
33910;SAVIGNAC DE L ISLE;France
24260;SAVIGNAC DE MIREMONT;France
24300;SAVIGNAC DE NONTRON;France
24270;SAVIGNAC LEDRIER;France
24420;SAVIGNAC LES EGLISES;France
09110;SAVIGNAC LES ORMEAUX;France
32130;SAVIGNAC MONA;France
47150;SAVIGNAC SUR LEYZE;France
30350;SAVIGNARGUES;France
86400;SAVIGNE;France
72460;SAVIGNE L EVEQUE;France
72800;SAVIGNE SOUS LE LUDE;France
37340;SAVIGNE SUR LATHAN;France
01480;SAVIGNEUX;France
42600;SAVIGNEUX;France
60650;SAVIGNIES;France
50210;SAVIGNY;France
52500;SAVIGNY;France
69210;SAVIGNY;France
74520;SAVIGNY;France
88130;SAVIGNY;France
71580;SAVIGNY EN REVERMONT;France
18240;SAVIGNY EN SANCERRE;France
18390;SAVIGNY EN SEPTAINE;France
89420;SAVIGNY EN TERRE PLAINE;France
37420;SAVIGNY EN VERON;France
21380;SAVIGNY LE SEC;France
77176;SAVIGNY LE TEMPLE;France
50640;SAVIGNY LE VIEUX;France
21420;SAVIGNY LES BEAUNE;France
86800;SAVIGNY LEVESCAULT;France
58170;SAVIGNY POIL FOL;France
86140;SAVIGNY SOUS FAYE;France
21540;SAVIGNY SOUS MALAIN;France
08400;SAVIGNY SUR AISNE;France
51170;SAVIGNY SUR ARDRES;France
41360;SAVIGNY SUR BRAYE;France
89150;SAVIGNY SUR CLAIRIS;France
71460;SAVIGNY SUR GROSNE;France
91600;SAVIGNY SUR ORGE;France
71440;SAVIGNY SUR SEILLE;France
21430;SAVILLY;France
05160;SAVINES LE LAC;France
77650;SAVINS;France
84390;SAVOILLAN;France
21500;SAVOISY;France
21310;SAVOLLES;France
37510;SAVONNIERES;France
55000;SAVONNIERES DEVANT BAR;France
55170;SAVONNIERES EN PERTHOIS;France
55300;SAVONNIERES EN WOEVRE;France
21910;SAVOUGES;France
05700;SAVOURNON;France
70130;SAVOYEUX;France
02590;SAVY;France
62690;SAVY BERLETTE;France
74420;SAXEL;France
58330;SAXI BOURDON;France
54330;SAXON SION;France
63530;SAYAT;France
30650;SAZE;France
36160;SAZERAY;France
03390;SAZERET;France
37220;SAZILLY;France
65120;SAZOS;France
29390;SCAER;France
20264;SCATA;France
24300;SCEAU ST ANGEL;France
07400;SCEAUTRES;France
89420;SCEAUX;France
92330;SCEAUX;France
49330;SCEAUX D ANJOU;France
45490;SCEAUX DU GATINAIS;France
72160;SCEAUX SUR HUISNE;France
25290;SCEY MAISIERES;France
70360;SCEY SUR SAONE ET ST ALBIN;France
57850;SCHAEFERHOF;France
67150;SCHAEFFERSHEIM;France
67470;SCHAFFHOUSE PRES SELTZ;France
67270;SCHAFFHOUSE SUR ZORN;France
57370;SCHALBACH;France
67350;SCHALKENDORF;France
67310;SCHARRACHBERGHEIM IRMSTETT;France
67630;SCHEIBENHARD;France
67270;SCHERLENHEIM;France
67750;SCHERWILLER;France
67340;SCHILLERSDORF;France
67300;SCHILTIGHEIM;France
67110;SCHIRLENHOF;France
67130;SCHIRMECK;France
67240;SCHIRRHEIN;France
67240;SCHIRRHOFFEN;France
67160;SCHLEITHAL;France
68440;SCHLIERBACH;France
57412;SCHMITTVILLER;France
57400;SCHNECKENBUSCH;France
67710;SCHNEETHAL;France
67370;SCHNERSHEIM;France
67390;SCHOENAU;France
67320;SCHOENBOURG;France
57350;SCHOENECK;France
67250;SCHOENENBOURG;France
67260;SCHOPPERTEN;France
57230;SCHORBACH;France
67660;SCHWABWILLER;France
67130;SCHWARZBACH;France
67440;SCHWEBWILLER;France
68610;SCHWEIGHOUSE;France
67590;SCHWEIGHOUSE SUR MODER;France
68520;SCHWEIGHOUSE THANN;France
67440;SCHWENHEIM;France
57320;SCHWERDORFF;France
57720;SCHWEYEN;France
67270;SCHWINDRATZHEIM;France
68130;SCHWOBEN;France
67390;SCHWOBSHEIM;France
79000;SCIECQ;France
74930;SCIENTRIER;France
32230;SCIEURAC ET FLOURES;France
74140;SCIEZ;France
79240;SCILLE;France
74950;SCIONZIER;France
20290;SCOLCA;France
86140;SCORBE CLAIRVAUX;France
36300;SCOURY;France
29640;SCRIGNAC;France
51340;SCRUPT;France
57160;SCY CHAZELLES;France
70170;SCYE;France
32190;SEAILLES;France
12740;SEBAZAC CONCOURES;France
27190;SEBECOURT;France
50480;SEBEVILLE;France
02110;SEBONCOURT;France
59990;SEBOURG;France
45300;SEBOUVILLE;France
12190;SEBRAZAC;France
64410;SEBY;France
70400;SECENANS;France
08250;SECHAULT;France
07610;SECHERAS;France
08150;SECHEVAL;France
38220;SECHILIENNE;France
25110;SECHIN;France
59113;SECLIN;France
79170;SECONDIGNE SUR BELLE;France
79130;SECONDIGNY;France
57420;SECOURT;France
14740;SECQUEVILLE EN BESSIN;France
08200;SEDAN;France
31580;SEDEILHAC;France
26560;SEDERON;France
64160;SEDZE MAUBECQ;France
64160;SEDZERE;France
67160;SEEBACH;France
61500;SEES;France
73700;SEEZ;France
47410;SEGALAS;France
65140;SEGALAS;France
56160;SEGLIEN;France
01170;SEGNY;France
16130;SEGONZAC;France
19310;SEGONZAC;France
24600;SEGONZAC;France
32400;SEGOS;France
32600;SEGOUFIELLE;France
49500;SEGRE;France
31460;SEGREVILLE;France
72170;SEGRIE;France
61100;SEGRIE FONTAINE;France
21220;SEGROIS;France
36100;SEGRY;France
12290;SEGUR;France
19230;SEGUR LE CHATEAU;France
15300;SEGUR LES VILLAS;France
09120;SEGURA;France
84110;SEGURET;France
65100;SEGUS;France
65150;SEICH;France
54280;SEICHAMPS;France
45530;SEICHEBRIERES;France
54470;SEICHEPREY;France
49140;SEICHES SUR LE LOIR;France
11240;SEIGNALENS;France
17510;SEIGNE;France
89250;SEIGNELAY;France
55000;SEIGNEULLES;France
40510;SEIGNOSSE;France
21150;SEIGNY;France
41110;SEIGY;France
31840;SEILH;France
19700;SEILHAC;France
31510;SEILHAN;France
41150;SEILLAC;France
83440;SEILLANS;France
01470;SEILLONNAZ;France
83470;SEILLONS SOURCE D ARGENS;France
77240;SEINE PORT;France
57450;SEINGBOUSE;France
32260;SEISSAN;France
09140;SEIX;France
54170;SELAINCOURT;France
02300;SELENS;France
67600;SELESTAT;France
79170;SELIGNE;France
39120;SELIGNEY;France
80640;SELINCOURT;France
27500;SELLES;France
51490;SELLES;France
62240;SELLES;France
70210;SELLES;France
41300;SELLES ST DENIS;France
41130;SELLES SUR CHER;France
36180;SELLES SUR NAHON;France
39230;SELLIERES;France
41100;SELOMMES;France
25230;SELONCOURT;France
21260;SELONGEY;France
04460;SELONNET;France
67470;SELTZ;France
59127;SELVIGNY;France
09220;SEM;France
81570;SEMALENS;France
61250;SEMALLE;France
21320;SEMAREY;France
43160;SEMBADEL;France
47360;SEMBAS;France
37360;SEMBLANCAY;France
36210;SEMBLECAY;France
32230;SEMBOUES;France
65600;SEMEAC;France
64350;SEMEACQ BLACHON;France
57280;SEMECOURT;France
58360;SEMELAY;France
33490;SEMENS;France
89560;SEMENTRON;France
59440;SEMERIES;France
41160;SEMERVILLE;France
21220;SEMEZANGES;France
32450;SEMEZIES CACHAN;France
08400;SEMIDE;France
17150;SEMILLAC;France
52700;SEMILLY;France
70120;SEMMADON;France
10700;SEMOINE;France
21450;SEMOND;France
25750;SEMONDANS;France
38260;SEMONS;France
59440;SEMOUSIES;France
17150;SEMOUSSAC;France
52000;SEMOUTIERS MONTSAON;France
45400;SEMOY;France
32700;SEMPESSERRE;France
60400;SEMPIGNY;France
62170;SEMPY;France
21140;SEMUR EN AUXOIS;France
71110;SEMUR EN BRIONNAIS;France
72390;SEMUR EN VALLON;France
17120;SEMUSSAC;France
08130;SEMUY;France
65140;SENAC;France
88320;SENAIDE;France
46210;SENAILLAC LATRONQUIERE;France
46360;SENAILLAC LAUZES;France
21500;SENAILLY;France
89710;SENAN;France
28210;SENANTES;France
60650;SENANTES;France
55250;SENARD;France
31430;SENARENS;France
70110;SENARGENT MIGNAFANS;France
80140;SENARPONT;France
13560;SENAS;France
39160;SENAUD;France
81530;SENAUX;France
24310;SENCENAC PUY DE FOURCHES;France
09250;SENCONAC;France
33690;SENDETS;France
64320;SENDETS;France
56860;SENE;France
30450;SENECHAS;France
12320;SENERGUES;France
09600;SENESSE DE SENABUGUE;France
47430;SENESTIS;France
43510;SENEUJOLS;France
04330;SENEZ;France
15340;SENEZERGUES;France
68610;SENGERN;France
31160;SENGOUAGNET;France
46240;SENIERGUES;France
86100;SENILLE;France
62380;SENINGHEM;France
62240;SENLECQUES;France
60300;SENLIS;France
62310;SENLIS;France
80300;SENLIS LE SEC;France
78720;SENLISSE;France
18340;SENNECAY;France
71000;SENNECE LES MACON;France
71240;SENNECEY LE GRAND;France
21800;SENNECEY LES DIJON;France
45240;SENNELY;France
37600;SENNEVIERES;France
76400;SENNEVILLE SUR FECAMP;France
89160;SENNEVOY LE BAS;France
89160;SENNEVOY LE HAUT;France
55230;SENON;France
28250;SENONCHES;France
70160;SENONCOURT;France
55220;SENONCOURT LES MAUJOUY;France
88210;SENONES;France
88260;SENONGES;France
53390;SENONNES;France
55300;SENONVILLE;France
60240;SENOTS;France
81600;SENOUILLAC;France
50270;SENOVILLE;France
71260;SENOZAN;France
89100;SENS;France
18300;SENS BEAUJEU;France
35490;SENS DE BRETAGNE;France
71330;SENS SUR SEILLE;France
09800;SENTEIN;France
80160;SENTELIE;France
09140;SENTENAC D OUST;France
09240;SENTENAC DE SEROU;France
68780;SENTHEIM;France
61150;SENTILLY;France
65330;SENTOUS;France
08250;SENUC;France
22720;SENVEN LEHART;France
89116;SEPEAUX;France
59269;SEPMERIES;France
37800;SEPMES;France
68580;SEPPOIS LE BAS;France
68580;SEPPOIS LE HAUT;France
69530;SEPT CHEMINS;France
69390;SEPT CHEMINS;France
61330;SEPT FORGES;France
14380;SEPT FRERES;France
76260;SEPT MEULES;France
51400;SEPT SAULX;France
77260;SEPT SORTS;France
14240;SEPT VENTS;France
38780;SEPTEME;France
13240;SEPTEMES LES VALLONS;France
78790;SEPTEUIL;France
82240;SEPTFONDS;France
89170;SEPTFONDS;France
25270;SEPTFONTAINES;France
39310;SEPTMONCEL;France
02200;SEPTMONTS;France
55270;SEPTSARGES;France
02410;SEPTVAUX;France
55140;SEPVIGNY;France
79120;SEPVRET;France
31360;SEPX;France
59320;SEQUEDIN;France
02420;SEQUEHART;France
02110;SERAIN;France
08220;SERAINCOURT;France
95450;SERAINCOURT;France
19160;SERANDON;France
06750;SERANON;France
60240;SERANS;France
61150;SERANS;France
54830;SERANVILLE;France
59400;SERANVILLERS FORENVILLE;France
55250;SERAUCOURT;France
02790;SERAUCOURT LE GRAND;France
88630;SERAUMONT;France
28170;SERAZEREUX;France
03110;SERBANNES;France
89140;SERBONNES;France
02220;SERCHES;France
88600;SERCOEUR;France
59173;SERCUS;France
71460;SERCY;France
66360;SERDINYA;France
32140;SERE;France
65400;SERE EN LAVEDAN;France
65100;SERE LANSO;France
65220;SERE RUSTAING;France
88320;SERECOURT;France
87620;SEREILHAC;France
57290;SEREMANGE ERZANGE;France
32120;SEREMPUY;France
81350;SERENAC;France
56460;SERENT;France
60120;SEREVILLERS;France
27220;SEREZ;France
38300;SEREZIN DE LA TOUR;France
69360;SEREZIN DU RHONE;France
24290;SERGEAC;France
39230;SERGENAUX;France
39120;SERGENON;France
89140;SERGINES;France
01630;SERGY;France
02130;SERGY;France
62270;SERICOURT;France
15100;SERIERS;France
60590;SERIFONTAINE;France
16210;SERIGNAC;France
46700;SERIGNAC;France
82500;SERIGNAC;France
47410;SERIGNAC PEBOUDOU;France
47310;SERIGNAC SUR GARONNE;France
34410;SERIGNAN;France
84830;SERIGNAN DU COMTAT;France
85200;SERIGNE;France
17230;SERIGNY;France
61130;SERIGNY;France
86230;SERIGNY;France
19190;SERILHAC;France
02130;SERINGES ET NESLES;France
41500;SERIS;France
71310;SERLEY;France
58290;SERMAGES;France
49140;SERMAISE;France
91530;SERMAISE;France
45300;SERMAISES;France
60400;SERMAIZE;France
51250;SERMAIZE LES BAINS;France
90300;SERMAMAGNY;France
39700;SERMANGE;France
20212;SERMANO;France
63120;SERMENTIZON;France
14240;SERMENTOT;France
38510;SERMERIEU;France
67230;SERMERSHEIM;France
71350;SERMESSE;France
51500;SERMIERS;France
89200;SERMIZELLES;France
02220;SERMOISE;France
58000;SERMOISE SUR LOIRE;France
01190;SERMOYER;France
23700;SERMUR;France
30210;SERNHAC;France
88320;SEROCOURT;France
65320;SERON;France
38200;SERPAIZE;France
62910;SERQUES;France
52400;SERQUEUX;France
76440;SERQUEUX;France
27470;SERQUIGNY;France
20140;SERRA DI FERRO;France
20243;SERRA DI FIUMORBO;France
20127;SERRA DI SCOPAMENE;France
66230;SERRALONGUE;France
74230;SERRAVAL;France
05240;SERRE CHEVALIER;France
39700;SERRE LES MOULIERES;France
25770;SERRE LES SAPINS;France
38470;SERRE NERPOL;France
05700;SERRES;France
11190;SERRES;France
54370;SERRES;France
64121;SERRES CASTET;France
24500;SERRES ET MONTGUYARD;France
40700;SERRES GASTON;France
64160;SERRES MORLAAS;France
64170;SERRES STE MARIE;France
09000;SERRES SUR ARGET;France
40700;SERRESLOUS ET ARRIBANS;France
20147;SERRIERA;France
07340;SERRIERES;France
54610;SERRIERES;France
71960;SERRIERES;France
01470;SERRIERES DE BRIORD;France
73310;SERRIERES EN CHAUTAGNE;France
01450;SERRIERES SUR AIN;France
89700;SERRIGNY;France
71310;SERRIGNY EN BRESSE;France
77700;SERRIS;France
54560;SERROUVILLE;France
18190;SERRUELLES;France
16410;SERS;France
65120;SERS;France
02700;SERVAIS;France
02160;SERVAL;France
70440;SERVANCE;France
24410;SERVANCHES;France
63560;SERVANT;France
01240;SERVAS;France
30340;SERVAS;France
76116;SERVAVILLE SALMONVILLE;France
48700;SERVERETTE;France
26600;SERVES SUR RHONE;France
34290;SERVIAN;France
48000;SERVIERES;France
19220;SERVIERES LE CHATEAU;France
30700;SERVIERS ET LABAUME;France
81220;SERVIES;France
11220;SERVIES EN VAL;France
01560;SERVIGNAT;France
25680;SERVIGNEY;France
70240;SERVIGNEY;France
50200;SERVIGNY;France
57530;SERVIGNY LES RAVILLE;France
57640;SERVIGNY LES STE BARBE;France
28410;SERVILLE;France
03120;SERVILLY;France
25430;SERVIN;France
62530;SERVINS;France
08150;SERVION;France
50170;SERVON;France
77170;SERVON;France
51800;SERVON MELZICOURT;France
35530;SERVON SUR VILAINE;France
74310;SERVOZ;France
08270;SERY;France
89270;SERY;France
02240;SERY LES MEZIERES;France
60800;SERY MAGNEVAL;France
51170;SERZY ET PRIN;France
67770;SESSENHEIM;France
34200;SETE;France
62380;SETQUES;France
95270;SEUGY;France
08300;SEUIL;France
55250;SEUIL D ARGONNE;France
03260;SEUILLET;France
37500;SEUILLY;France
41120;SEUR;France
21250;SEURRE;France
80540;SEUX;France
55300;SEUZEY;France
42460;SEVELINGES;France
90400;SEVENANS;France
44530;SEVERAC;France
12310;SEVERAC L EGLISE;France
12150;SEVERAC LE CHATEAU;France
70130;SEVEUX;France
22250;SEVIGNAC;France
64160;SEVIGNACQ;France
64260;SEVIGNACQ MEYRACQ;France
61200;SEVIGNY;France
08230;SEVIGNY LA FORET;France
08220;SEVIGNY WALEPPE;France
76850;SEVIS;France
61150;SEVRAI;France
93270;SEVRAN;France
92310;SEVRES;France
86800;SEVRES ANXAUMONT;France
71100;SEVREY;France
74320;SEVRIER;France
18140;SEVRY;France
68290;SEWEN;France
19430;SEXCLES;France
54550;SEXEY AUX FORGES;France
54840;SEXEY LES BOIS;France
52330;SEXFONTAINES;France
63190;SEYCHALLES;France
47350;SEYCHES;France
04140;SEYNE;France
30580;SEYNES;France
74600;SEYNOD;France
31560;SEYRE;France
40180;SEYRESSE;France
01420;SEYSSEL;France
74910;SEYSSEL;France
31600;SEYSSES;France
32130;SEYSSES SAVES;France
38170;SEYSSINET PARISET;France
38180;SEYSSINS;France
38200;SEYSSUEL;France
74210;SEYTHENEX;France
74430;SEYTROUX;France
51120;SEZANNE;France
39270;SEZERIA;France
65500;SIARROUY;France
43300;SIAUGUES STE MARIE;France
29250;SIBIRIL;France
62270;SIBIVILLE;France
38460;SICCIEU ST JULIEN ET CARISIEU;France
58700;SICHAMPS;France
68290;SICKERT;France
50690;SIDEVILLE;France
18270;SIDIAILLES;France
17490;SIECQ;France
67160;SIEGEN;France
57480;SIERCK LES BAINS;France
68510;SIERENTZ;France
57410;SIERSTHAL;France
76690;SIERVILLE;France
40180;SIEST;France
81120;SIEURAC;France
09130;SIEURAS;France
38350;SIEVOZ;France
67320;SIEWILLER;France
06910;SIGALE;France
33690;SIGALENS;France
11130;SIGEAN;France
45110;SIGLOY;France
31440;SIGNAC;France
83870;SIGNES;France
52700;SIGNEVILLE;France
08460;SIGNY L ABBAYE;France
08380;SIGNY LE PETIT;France
08370;SIGNY MONTLIBERT;France
77640;SIGNY SIGNETS;France
16200;SIGOGNE;France
68240;SIGOLSHEIM;France
04300;SIGONCE;France
05700;SIGOTTIER;France
24240;SIGOULES;France
85110;SIGOURNAIS;France
04200;SIGOYER;France
05130;SIGOYER;France
09220;SIGUER;France
77520;SIGY;France
76780;SIGY EN BRAY;France
71250;SIGY LE CHATEL;France
56480;SILFIAC;France
07240;SILHAC;France
38590;SILLANS;France
83690;SILLANS LA CASCADE;France
86320;SILLARS;France
33690;SILLAS;France
72140;SILLE LE GUILLAUME;France
72460;SILLE LE PHILIPPE;France
57420;SILLEGNY;France
51500;SILLERY;France
25330;SILLEY AMANCEY;France
25110;SILLEY BLEFOND;France
74330;SILLINGY;France
61310;SILLY EN GOUFFERN;France
57420;SILLY EN SAULNOIS;France
02460;SILLY LA POTERIE;France
60330;SILLY LE LONG;France
57530;SILLY SUR NIED;France
60430;SILLY TILLARD;France
55000;SILMONT;France
67260;SILTZHEIM;France
20215;SILVARECCIO;France
52120;SILVAROUVRES;France
64350;SIMACOURBE;France
71290;SIMANDRE;France
01250;SIMANDRE SUR SURAN;France
69360;SIMANDRES;France
71330;SIMARD;France
62123;SIMENCOURT;France
24370;SIMEYROLS;France
13109;SIMIANE COLLONGUE;France
04150;SIMIANE LA ROTONDE;France
32420;SIMORRE;France
53360;SIMPLE;France
59450;SIN LE NOBLE;France
38650;SINARD;France
02300;SINCENY;France
21530;SINCEY LES ROUVRAY;France
40110;SINDERES;France
63690;SINGLES;France
24500;SINGLEYRAC;France
08430;SINGLY;France
67440;SINGRIST;France
09310;SINSAT;France
65190;SINZOS;France
32110;SION;France
74150;SION;France
44590;SION LES MINES;France
85270;SION SUR L OCEAN;France
19120;SIONIAC;France
88630;SIONNE;France
54300;SIONVILLER;France
24600;SIORAC DE RIBERAC;France
24170;SIORAC EN PERIGORD;France
50340;SIOUVILLE HAGUE;France
32430;SIRAC;France
62130;SIRACOURT;France
65370;SIRADAN;France
15150;SIRAN;France
34210;SIRAN;France
65400;SIREIX;France
16440;SIREUIL;France
24620;SIREUIL;France
39300;SIROD;France
64230;SIROS;France
20233;SISCO;France
02150;SISSONNE;France
02240;SISSY;France
82340;SISTELS;France
04200;SISTERON;France
84400;SIVERGUES;France
71220;SIVIGNON;France
54610;SIVRY;France
51800;SIVRY ANTE;France
77115;SIVRY COURTRY;France
55100;SIVRY LA PERCHE;France
08240;SIVRY LES BUZANCY;France
55110;SIVRY SUR MEUSE;France
83140;SIX FOURS LES PLAGES;France
74740;SIXT FER A CHEVAL;France
35550;SIXT SUR AFF;France
29450;SIZUN;France
86240;SMARVES;France
76660;SMERMESNIL;France
20125;SOCCIA;France
25600;SOCHAUX;France
88130;SOCOURT;France
59380;SOCX;France
31110;SODE;France
49330;SOEURDRES;France
89260;SOGNES;France
77520;SOGNOLLES EN MONTOIS;France
51520;SOGNY AUX MOULINS;France
51340;SOGNY EN L ANGLE;France
14190;SOIGNOLLES;France
77111;SOIGNOLLES EN BRIE;France
51700;SOILLY;France
78200;SOINDRES;France
70130;SOING CUBRY CHARENTENAY;France
41230;SOINGS EN SOLOGNE;France
21110;SOIRANS;France
21110;SOIRANS FOUFFRANS;France
02200;SOISSONS;France
21270;SOISSONS SUR NACEY;France
77650;SOISY BOUY;France
95230;SOISY SOUS MONTMORENCY;France
91840;SOISY SUR ECOLE;France
91450;SOISY SUR SEINE;France
02340;SOIZE;France
28330;SOIZE;France
51120;SOIZY AUX BOIS;France
69360;SOLAIZE;France
20240;SOLARO;France
67130;SOLBACH;France
04120;SOLEILHAS;France
25190;SOLEMONT;France
60310;SOLENTE;France
20145;SOLENZARA;France
26130;SOLERIEUX;France
77111;SOLERS;France
59730;SOLESMES;France
72300;SOLESMES;France
38460;SOLEYMIEU;France
42560;SOLEYMIEUX;France
40210;SOLFERINO;France
57420;SOLGNE;France
14540;SOLIERS;France
87110;SOLIGNAC;France
43130;SOLIGNAC SOUS ROCHE;France
43370;SOLIGNAC SUR LOIRE;France
63500;SOLIGNAT;France
61380;SOLIGNY LA TRAPPE;France
10400;SOLIGNY LES ETANGS;France
20140;SOLLACARO;France
73500;SOLLIERES SARDIERES;France
83210;SOLLIES PONT;France
83210;SOLLIES TOUCAS;France
83210;SOLLIES VILLE;France
71960;SOLOGNY;France
32120;SOLOMIAC;France
59740;SOLRE LE CHATEAU;France
59740;SOLRINNES;France
45700;SOLTERRE;France
71960;SOLUTRE POUILLY;France
59490;SOMAIN;France
25520;SOMBACOUR;France
21540;SOMBERNON;France
62810;SOMBRIN;France
65700;SOMBRUN;France
49360;SOMLOIRE;France
59213;SOMMAING;France
55250;SOMMAISNE;France
52130;SOMMANCOURT;France
74440;SOMMAND;France
71540;SOMMANT;France
08240;SOMMAUTHE;France
51800;SOMME BIONNE;France
51600;SOMME SUIPPE;France
51600;SOMME TOURBE;France
51460;SOMME VESLE;France
51330;SOMME YEVRE;France
89110;SOMMECAISE;France
55320;SOMMEDIEUE;France
55800;SOMMEILLES;France
02470;SOMMELANS;France
55170;SOMMELONNE;France
51600;SOMMEPY TAHURE;France
08250;SOMMERANCE;France
52150;SOMMERECOURT;France
60210;SOMMEREUX;France
52300;SOMMERMONT;France
02260;SOMMERON;France
14400;SOMMERVIEU;France
54110;SOMMERVILLER;France
76440;SOMMERY;France
76560;SOMMESNIL;France
51320;SOMMESOUS;France
02480;SOMMETTE EAUCOURT;France
10320;SOMMEVAL;France
52170;SOMMEVILLE;France
52220;SOMMEVOIRE;France
30250;SOMMIERES;France
86160;SOMMIERES DU CLAIN;France
79110;SOMPT;France
51320;SOMPUIS;France
51290;SOMSOIS;France
08300;SON;France
46320;SONAC;France
78120;SONCHAMP;France
88170;SONCOURT;France
52320;SONCOURT SUR MARNE;France
68380;SONDERNACH;France
68480;SONDERSDORF;France
60380;SONGEONS;France
39130;SONGESON;France
01260;SONGIEU;France
51240;SONGY;France
12700;SONNAC;France
17160;SONNAC;France
11230;SONNAC SUR L HERS;France
38150;SONNAY;France
73000;SONNAZ;France
16170;SONNEVILLE;France
02270;SONS ET RONCHERES;France
01580;SONTHONNAX LA MONTAGNE;France
37360;SONZAY;France
40150;SOORTS HOSSEGOR;France
06560;SOPHIA ANTIPOLIS;France
68780;SOPPE LE BAS;France
68780;SOPPE LE HAUT;France
09800;SOR;France
70190;SORANS LES BREUREY;France
02580;SORBAIS;France
32110;SORBETS;France
40320;SORBETS;France
55230;SORBEY;France
57580;SORBEY;France
03220;SORBIER;France
05150;SORBIERS;France
42290;SORBIERS;France
20213;SORBO OCAGNANO;France
20152;SORBOLLANO;France
08300;SORBON;France
34520;SORBS;France
08270;SORCY BAUTHEMONT;France
55190;SORCY ST MARTIN;France
40300;SORDE L ABBAYE;France
40430;SORE;France
65350;SOREAC;France
66690;SOREDE;France
80240;SOREL;France
80490;SOREL EN VIMEU;France
28520;SOREL MOUSSEL;France
81540;SOREZE;France
09110;SORGEAT;France
24420;SORGES;France
49130;SORGES;France
84700;SORGUES;France
37250;SORIGNY;France
20258;SORIO;France
89570;SORMERY;France
08150;SORMONNE;France
19290;SORNAC;France
70150;SORNAY;France
71500;SORNAY;France
54280;SORNEVILLE;France
76540;SORQUAINVILLE;France
62170;SORRUS;France
40180;SORT EN CHALOSSE;France
50310;SORTOSVILLE;France
50270;SORTOSVILLE EN BEAUMONT;France
47170;SOS;France
06380;SOSPEL;France
86230;SOSSAIS;France
65370;SOST;France
20146;SOTTA;France
50260;SOTTEVAST;France
50340;SOTTEVILLE;France
76300;SOTTEVILLE LES ROUEN;France
76410;SOTTEVILLE SOUS LE VAL;France
76740;SOTTEVILLE SUR MER;France
46700;SOTURAC;France
57170;SOTZELING;France
51600;SOUAIN PERTHES LES HURLUS;France
81580;SOUAL;France
28400;SOUANCE AU PERCHE;France
66360;SOUANYAS;France
62111;SOUASTRE;France
34700;SOUBES;France
17780;SOUBISE;France
65700;SOUBLECAUSE;France
17150;SOUBRAN;France
23250;SOUBREBOST;France
53300;SOUCE;France
49140;SOUCELLES;France
79000;SOUCHE;France
62153;SOUCHEZ;France
57960;SOUCHT;France
39130;SOUCIA;France
69510;SOUCIEU EN JARREST;France
46300;SOUCIRAC;France
01150;SOUCLIN;France
02600;SOUCY;France
89100;SOUCY;France
19370;SOUDAINE LAVINADIERE;France
44110;SOUDAN;France
79800;SOUDAN;France
24360;SOUDAT;France
41170;SOUDAY;France
51320;SOUDE;France
19300;SOUDEILLES;France
30460;SOUDORGUES;France
51320;SOUDRON;France
31160;SOUEICH;France
09140;SOUEIX ROGALLE;France
81170;SOUEL;France
65430;SOUES;France
80310;SOUES;France
41300;SOUESMES;France
67460;SOUFFELWEYERSHEIM;France
67620;SOUFFLENHEIM;France
16380;SOUFFRIGNAC;France
36500;SOUGE;France
41800;SOUGE;France
72130;SOUGE LE GANELON;France
35610;SOUGEAL;France
89520;SOUGERES EN PUISAYE;France
89470;SOUGERES SUR SINOTTE;France
11190;SOUGRAIGNE;France
45410;SOUGY;France
58300;SOUGY SUR LOIRE;France
21140;SOUHEY;France
11400;SOUILHANELS;France
11400;SOUILHE;France
46200;SOUILLAC;France
72380;SOUILLE;France
55220;SOUILLY;France
77410;SOUILLY;France
09000;SOULA;France
33780;SOULAC SUR MER;France
15100;SOULAGES;France
12210;SOULAGES BONNEVAL;France
52230;SOULAINCOURT;France
10200;SOULAINES DHUYS;France
49610;SOULAINES SUR AUBANCE;France
49460;SOULAIRE ET BOURG;France
28130;SOULAIRES;France
09320;SOULAN;France
51300;SOULANGES;France
18220;SOULANGIS;France
14700;SOULANGY;France
11350;SOULATGE;France
52150;SOULAUCOURT SUR MOUZON;France
24540;SOULAURES;France
25190;SOULCE CERNAY;France
53210;SOULGE SUR OUETTE;France
51130;SOULIERES;France
79600;SOULIEVRES;France
33760;SOULIGNAC;France
72210;SOULIGNE FLACE;France
72290;SOULIGNE SOUS BALLON;France
17250;SOULIGNONNE;France
10320;SOULIGNY;France
72370;SOULITRE;France
85300;SOULLANS;France
50750;SOULLES;France
65260;SOULOM;France
46240;SOULOMES;France
88630;SOULOSSE SOUS ST ELOPHE;France
68360;SOULTZ HAUT RHIN;France
67120;SOULTZ LES BAINS;France
67250;SOULTZ SOUS FORETS;France
68230;SOULTZBACH LES BAINS;France
68140;SOULTZEREN;France
68570;SOULTZMATT;France
44660;SOULVACHE;France
89570;SOUMAINTRAIN;France
23600;SOUMANS;France
47120;SOUMENSAC;France
17130;SOUMERAS;France
34700;SOUMONT;France
14420;SOUMONT ST QUENTIN;France
64420;SOUMOULOU;France
11320;SOUPEX;France
02160;SOUPIR;France
80290;SOUPLICOURT;France
77460;SOUPPES SUR LOING;France
40250;SOUPROSSE;France
64250;SOURAIDE;France
25250;SOURANS;France
69210;SOURCIEUX LES MINES;France
50150;SOURDEVAL;France
50450;SOURDEVAL LES BOIS;France
80250;SOURDON;France
77171;SOURDUN;France
66730;SOURNIA;France
15200;SOURNIAC;France
04290;SOURRIBES;France
28630;SOURS;France
19550;SOURSAC;France
24400;SOURZAC;France
69700;SOURZY;France
38780;SOUS COTE;France
23150;SOUS PARSAT;France
46190;SOUSCEYRAC;France
17130;SOUSMOULINS;France
26160;SOUSPIERRE;France
33790;SOUSSAC;France
33460;SOUSSANS;France
21350;SOUSSEY SUR BRIONNE;France
30110;SOUSTELLE;France
40140;SOUSTONS;France
38350;SOUSVILLE;France
42260;SOUTERNON;France
79310;SOUTIERS;France
39380;SOUVANS;France
30250;SOUVIGNARGUES;France
16240;SOUVIGNE;France
37330;SOUVIGNE;France
79800;SOUVIGNE;France
72400;SOUVIGNE SUR MEME;France
72300;SOUVIGNE SUR SARTHE;France
03210;SOUVIGNY;France
37530;SOUVIGNY DE TOURAINE;France
41600;SOUVIGNY EN SOLOGNE;France
65350;SOUYEAUX;France
49400;SOUZAY CHAMPIGNY;France
69610;SOUZY;France
91580;SOUZY LA BRICHE;France
20250;SOVERIA;France
26400;SOYANS;France
16800;SOYAUX;France
25250;SOYE;France
18340;SOYE EN SEPTAINE;France
80200;SOYECOURT;France
52400;SOYERS;France
07130;SOYONS;France
55300;SPADA;France
67340;SPARSBACH;France
72700;SPAY;France
68720;SPECHBACH LE BAS;France
68720;SPECHBACH LE HAUT;France
20226;SPELONCATO;France
06530;SPERACEDES;France
29540;SPEZET;France
57350;SPICHEREN;France
55230;SPINCOURT;France
54800;SPONVILLE;France
10200;SPOY;France
21120;SPOY;France
59380;SPYCKER;France
22200;SQUIFFIEC;France
22400;ST AARON;France
64800;ST ABIT;France
56140;ST ABRAHAM;France
80370;ST ACHEUL;France
16310;ST ADJUTORY;France
22390;ST ADRIEN;France
12400;ST AFFRIQUE;France
81290;ST AFFRIQUE LES MONTAGNES;France
22200;ST AGATHON;France
41170;ST AGIL;France
02330;ST AGNAN;France
58230;ST AGNAN;France
71160;ST AGNAN;France
81500;ST AGNAN;France
89340;ST AGNAN;France
27390;ST AGNAN DE CERNIERES;France
26420;ST AGNAN EN VERCORS;France
14260;ST AGNAN LE MALHERBE;France
61340;ST AGNAN SUR ERRE;France
61170;ST AGNAN SUR SARTHE;France
17620;ST AGNANT;France
23300;ST AGNANT DE VERSILLAT;France
23260;ST AGNANT PRES CROCQ;France
55300;ST AGNANT SOUS LES COTES;France
24520;ST AGNE;France
40800;ST AGNET;France
38300;ST AGNIN SUR BION;France
63260;ST AGOULIN;France
07320;ST AGREVE;France
08350;ST AIGNAN;France
33126;ST AIGNAN;France
41110;ST AIGNAN;France
56480;ST AIGNAN;France
72110;ST AIGNAN;France
82100;ST AIGNAN;France
53250;ST AIGNAN DE COUPTRAIN;France
14540;ST AIGNAN DE CRAMESNIL;France
45460;ST AIGNAN DES GUES;France
18600;ST AIGNAN DES NOYERS;France
44860;ST AIGNAN GRANDLIEU;France
45600;ST AIGNAN LE JAILLARD;France
53390;ST AIGNAN SUR ROE;France
76116;ST AIGNAN SUR RY;France
36300;ST AIGNY;France
17360;ST AIGULIN;France
54580;ST AIL;France
71260;ST ALBAIN;France
01450;ST ALBAN;France
22400;ST ALBAN;France
31140;ST ALBAN;France
07120;ST ALBAN AURIOLLES;France
07790;ST ALBAN D AY;France
73610;ST ALBAN DE MONTBEL;France
38300;ST ALBAN DE ROCHE;France
73220;ST ALBAN DES HURTIERES;France
73130;ST ALBAN DES VILLARDS;France
38370;ST ALBAN DU RHONE;France
07590;ST ALBAN EN MONTAGNE;France
42370;ST ALBAN LES EAUX;France
73230;ST ALBAN LEYSSE;France
48120;ST ALBAN SUR LIMAGNOLE;France
38480;ST ALBIN DE VAULSERRE;France
30130;ST ALEXANDRE;France
02260;ST ALGIS;France
56500;ST ALLOUESTRE;France
23200;ST ALPINIEN;France
63220;ST ALYRE D ARLANC;France
63420;ST ALYRE ES MONTAGNE;France
09100;ST AMADOU;France
81110;ST AMANCET;France
23200;ST AMAND;France
50160;ST AMAND;France
62760;ST AMAND;France
24170;ST AMAND DE BELVES;France
24290;ST AMAND DE COLY;France
16120;ST AMAND DE GRAVES;France
24380;ST AMAND DE VERGT;France
27370;ST AMAND DES HAUTES TERRES;France
58310;ST AMAND EN PUISAYE;France
23400;ST AMAND JARTOUDEIX;France
87120;ST AMAND LE PETIT;France
59230;ST AMAND LES EAUX;France
41310;ST AMAND LONGPRE;France
87290;ST AMAND MAGNAZEIX;France
18200;ST AMAND MONTROND;France
51300;ST AMAND SUR FION;France
55500;ST AMAND SUR ORNAIN;France
79700;ST AMAND SUR SEVRE;France
15190;ST AMANDIN;France
09100;ST AMANS;France
11270;ST AMANS;France
48700;ST AMANS;France
82110;ST AMANS DE PELLAGAL;France
12460;ST AMANS DES COTS;France
82150;ST AMANS DU PECH;France
81240;ST AMANS SOULT;France
81240;ST AMANS VALTORET;France
16190;ST AMANT;France
16330;ST AMANT DE BOIXE;France
16230;ST AMANT DE BONNIEURE;France
16170;ST AMANT DE NOUERE;France
63890;ST AMANT ROCHE SAVINE;France
63450;ST AMANT TALLENDE;France
68550;ST AMARIN;France
71240;ST AMBREUIL;France
18290;ST AMBROIX;France
30500;ST AMBROIX;France
88120;ST AME;France
39160;ST AMOUR;France
71570;ST AMOUR BELLEVUE;France
63610;ST ANASTAISE;France
58150;ST ANDELAIN;France
26150;ST ANDEOL;France
38650;ST ANDEOL;France
07170;ST ANDEOL DE BERG;France
48160;ST ANDEOL DE CLERGUEMORT;France
07160;ST ANDEOL DE FOURCHADES;France
07600;ST ANDEOL DE VALS;France
69700;ST ANDEOL LE CHATEAU;France
21530;ST ANDEUX;France
13670;ST ANDIOL;France
70600;ST ANDOCHE;France
06730;ST ANDRE;France
16100;ST ANDRE;France
31420;ST ANDRE;France
32200;ST ANDRE;France
66690;ST ANDRE;France
73500;ST ANDRE;France
81250;ST ANDRE;France
48800;ST ANDRE CAPCEZE;France
24200;ST ANDRE D ALLAS;France
42370;ST ANDRE D APCHON;France
05200;ST ANDRE D EMBRUN;France
14130;ST ANDRE D HEBERTOT;France
01290;ST ANDRE D HUIRIAT;France
30330;ST ANDRE D OLERARGUES;France
01380;ST ANDRE DE BAGE;France
74420;ST ANDRE DE BOEGE;France
50500;ST ANDRE DE BOHON;France
61220;ST ANDRE DE BRIOUZE;France
34190;ST ANDRE DE BUEGES;France
43130;ST ANDRE DE CHALENCON;France
01390;ST ANDRE DE CORCY;France
07460;ST ANDRE DE CRUZIERES;France
33240;ST ANDRE DE CUBZAC;France
24190;ST ANDRE DE DOUBLE;France
50680;ST ANDRE DE L EPINE;France
27220;ST ANDRE DE L EURE;France
49450;ST ANDRE DE LA MARCHE;France
48240;ST ANDRE DE LANCIZE;France
17260;ST ANDRE DE LIDON;France
30570;ST ANDRE DE MAJENCOULES;France
61440;ST ANDRE DE MESSEI;France
12270;ST ANDRE DE NAJAC;France
11200;ST ANDRE DE ROQUELONGUE;France
30630;ST ANDRE DE ROQUEPERTUIS;France
05150;ST ANDRE DE ROSANS;France
34725;ST ANDRE DE SANGONIS;France
40390;ST ANDRE DE SEIGNANX;France
30940;ST ANDRE DE VALBORGNE;France
12720;ST ANDRE DE VEZINES;France
22630;ST ANDRE DES EAUX;France
44117;ST ANDRE DES EAUX;France
33490;ST ANDRE DU BOIS;France
55220;ST ANDRE EN BARROIS;France
71440;ST ANDRE EN BRESSE;France
58140;ST ANDRE EN MORVAN;France
38680;ST ANDRE EN ROYANS;France
89420;ST ANDRE EN TERRE PLAINE;France
07690;ST ANDRE EN VIVARAIS;France
33220;ST ANDRE ET APPELLES;France
60480;ST ANDRE FARIVILLERS;France
85250;ST ANDRE GOULE D OIE;France
69440;ST ANDRE LA COTE;France
07230;ST ANDRE LACHAMP;France
01240;ST ANDRE LE BOUCHOUX;France
63310;ST ANDRE LE COQ;France
71220;ST ANDRE LE DESERT;France
38490;ST ANDRE LE GAZ;France
42210;ST ANDRE LE PUY;France
04170;ST ANDRE LES ALPES;France
10120;ST ANDRE LES VERGERS;France
59350;ST ANDRE LEZ LILLE;France
76690;ST ANDRE SUR CAILLY;France
14320;ST ANDRE SUR ORNE;France
79380;ST ANDRE SUR SEVRE;France
01240;ST ANDRE SUR VIEUX JONC;France
85260;ST ANDRE TREIZE VOIES;France
74150;ST ANDRE VAL DE FIER;France
33390;ST ANDRONY;France
28170;ST ANGE ET TORCAY;France
77710;ST ANGE LE VIEL;France
16230;ST ANGEAU;France
03170;ST ANGEL;France
19200;ST ANGEL;France
63410;ST ANGEL;France
63660;ST ANTHEME;France
21540;ST ANTHOT;France
15220;ST ANTOINE;France
20240;ST ANTOINE;France
25370;ST ANTOINE;France
32340;ST ANTOINE;France
33240;ST ANTOINE;France
24410;ST ANTOINE CUMOND;France
24330;ST ANTOINE D AUBEROCHE;France
24230;ST ANTOINE DE BREUILH;France
47340;ST ANTOINE DE FICALBA;France
33790;ST ANTOINE DU QUEYRET;France
37360;ST ANTOINE DU ROCHER;France
38160;ST ANTOINE L ABBAYE;France
76170;ST ANTOINE LA FORET;France
33660;ST ANTOINE SUR L ISLE;France
06260;ST ANTONIN;France
32120;ST ANTONIN;France
81120;ST ANTONIN DE LACALM;France
27250;ST ANTONIN DE SOMMAIRE;France
83510;ST ANTONIN DU VAR;France
82140;ST ANTONIN NOBLE VAL;France
13100;ST ANTONIN SUR BAYON;France
36100;ST AOUSTRILLE;France
36120;ST AOUT;France
05160;ST APOLLINAIRE;France
21850;ST APOLLINAIRE;France
07240;ST APOLLINAIRE DE RIAS;France
69170;ST APPOLINAIRE;France
38160;ST APPOLINARD;France
42520;ST APPOLINARD;France
24110;ST AQUILIN;France
27390;ST AQUILIN D AUGERONS;France
61380;ST AQUILIN DE CORBION;France
27120;ST AQUILIN DE PACY;France
31430;ST ARAILLE;France
32350;ST ARAILLES;France
43300;ST ARCONS D ALLIER;France
43420;ST ARCONS DE BARGES;France
38350;ST AREY;France
35230;ST ARMEL;France
56450;ST ARMEL;France
64160;ST ARMOU;France
66220;ST ARNAC;France
14800;ST ARNOULT;France
41800;ST ARNOULT;France
60220;ST ARNOULT;France
76490;ST ARNOULT;France
28190;ST ARNOULT DES BOIS;France
78730;ST ARNOULT EN YVELINES;France
32300;ST ARROMAN;France
65250;ST ARROMAN;France
82210;ST ARROUMEX;France
24110;ST ASTIER;France
47120;ST ASTIER;France
04600;ST AUBAN;France
06850;ST AUBAN;France
05400;ST AUBAN D OZE;France
26170;ST AUBAN SUR L OUVEZE;France
59188;ST AUBERT;France
61210;ST AUBERT SUR ORNE;France
02300;ST AUBIN;France
10400;ST AUBIN;France
21190;ST AUBIN;France
36100;ST AUBIN;France
39410;ST AUBIN;France
40250;ST AUBIN;France
47150;ST AUBIN;France
59440;ST AUBIN;France
62170;ST AUBIN;France
91190;ST AUBIN;France
76520;ST AUBIN CELLOVILLE;France
89110;ST AUBIN CHATEAU NEUF;France
61170;ST AUBIN D APPENAI;France
14970;ST AUBIN D ARQUENAY;France
35250;ST AUBIN D AUBIGNE;France
27110;ST AUBIN D ECROSVILLE;France
79700;ST AUBIN DE BAUBIGNE;France
33820;ST AUBIN DE BLAYE;France
61470;ST AUBIN DE BONNEVAL;France
33420;ST AUBIN DE BRANNE;France
24500;ST AUBIN DE CADELECH;France
61560;ST AUBIN DE COURTERAIE;France
76190;ST AUBIN DE CRETOT;France
24560;ST AUBIN DE LANQUAIS;France
72130;ST AUBIN DE LOCQUENAY;France
49190;ST AUBIN DE LUIGNE;France
33160;ST AUBIN DE MEDOC;France
24250;ST AUBIN DE NABIRAT;France
27230;ST AUBIN DE SCELLON;France
50111;ST AUBIN DE TERREGATTE;France
14380;ST AUBIN DES BOIS;France
28300;ST AUBIN DES BOIS;France
44110;ST AUBIN DES CHATEAUX;France
58190;ST AUBIN DES CHAUMES;France
72400;ST AUBIN DES COUDRAIS;France
61340;ST AUBIN DES GROIS;France
27410;ST AUBIN DES HAYES;France
35500;ST AUBIN DES LANDES;France
85130;ST AUBIN DES ORMEAUX;France
50380;ST AUBIN DES PREAUX;France
35140;ST AUBIN DU CORMIER;France
53700;ST AUBIN DU DESERT;France
35410;ST AUBIN DU PAVAIL;France
50490;ST AUBIN DU PERRON;France
79300;ST AUBIN DU PLAIN;France
27270;ST AUBIN DU THENNEY;France
60650;ST AUBIN EN BRAY;France
71430;ST AUBIN EN CHAROLLAIS;France
76160;ST AUBIN EPINAY;France
53120;ST AUBIN FOSSE LOUVAIN;France
85210;ST AUBIN LA PLAINE;France
76510;ST AUBIN LE CAUF;France
79450;ST AUBIN LE CLOUD;France
37370;ST AUBIN LE DEPEINT;France
27410;ST AUBIN LE GUICHARD;France
03160;ST AUBIN LE MONIAL;France
27300;ST AUBIN LE VERTUEUX;France
14340;ST AUBIN LEBIZAY;France
76410;ST AUBIN LES ELBEUF;France
58130;ST AUBIN LES FORGES;France
80540;ST AUBIN MONTENOY;France
80430;ST AUBIN RIVIERE;France
76430;ST AUBIN ROUTOT;France
60600;ST AUBIN SOUS ERQUERY;France
55500;ST AUBIN SUR AIRE;France
14340;ST AUBIN SUR ALGOT;France
27600;ST AUBIN SUR GAILLON;France
71140;ST AUBIN SUR LOIRE;France
14750;ST AUBIN SUR MER;France
76740;ST AUBIN SUR MER;France
27680;ST AUBIN SUR QUILLEBEUF;France
76550;ST AUBIN SUR SCIE;France
89300;ST AUBIN SUR YONNE;France
17570;ST AUGUSTIN;France
19390;ST AUGUSTIN;France
77515;ST AUGUSTIN;France
49170;ST AUGUSTIN DES BOIS;France
19130;ST AULAIRE;France
16300;ST AULAIS LA CHAPELLE;France
24410;ST AULAYE;France
34130;ST AUNES;France
32160;ST AUNIX LENGROS;France
38960;ST AUPRE;France
43380;ST AUSTREMOINE;France
87310;ST AUVENT;France
85540;ST AVAUGOURD DES LANDES;France
56890;ST AVE;France
31110;ST AVENTIN;France
37550;ST AVERTIN;France
16210;ST AVIT;France
26330;ST AVIT;France
40090;ST AVIT;France
41170;ST AVIT;France
47350;ST AVIT;France
63380;ST AVIT;France
81110;ST AVIT;France
33220;ST AVIT DE SOULEGE;France
23200;ST AVIT DE TARDES;France
24260;ST AVIT DE VIALARD;France
32700;ST AVIT FRANDAT;France
23480;ST AVIT LE PAUVRE;France
28120;ST AVIT LES GUESPIERES;France
24540;ST AVIT RIVIERE;France
24440;ST AVIT SENIEUR;France
33220;ST AVIT ST NAZAIRE;France
57500;ST AVOLD;France
73130;ST AVRE;France
45130;ST AY;France
59163;ST AYBERT;France
83370;ST AYGULF;France
63500;ST BABEL;France
73190;ST BALDOPH;France
02290;ST BANDRY;France
39120;ST BARAING;France
87330;ST BARBANT;France
23260;ST BARD;France
26260;ST BARDOUX;France
22600;ST BARNABE;France
38270;ST BARTHELEMY;France
40390;ST BARTHELEMY;France
50140;ST BARTHELEMY;France
56150;ST BARTHELEMY;France
70270;ST BARTHELEMY;France
77320;ST BARTHELEMY;France
47350;ST BARTHELEMY D AGENAIS;France
49124;ST BARTHELEMY D ANJOU;France
38270;ST BARTHELEMY DE BEAUREPAIRE;France
24700;ST BARTHELEMY DE BELLEGARDE;France
24360;ST BARTHELEMY DE BUSSIERE;France
38220;ST BARTHELEMY DE SECHILIENNE;France
26240;ST BARTHELEMY DE VALS;France
07270;ST BARTHELEMY GROZON;France
07160;ST BARTHELEMY LE MEIL;France
07270;ST BARTHELEMY LE PIN;France
07300;ST BARTHELEMY LE PLAIN;France
42110;ST BARTHELEMY LESTRA;France
07270;ST BASILE;France
88260;ST BASLEMONT;France
18160;ST BAUDEL;France
53100;ST BAUDELLE;France
38118;ST BAUDILLE DE LA TOUR;France
38710;ST BAUDILLE ET PIPET;France
37310;ST BAULD;France
54470;ST BAUSSANT;France
09120;ST BAUZEIL;France
30730;ST BAUZELY;France
07210;ST BAUZILE;France
48000;ST BAUZILE;France
34230;ST BAUZILLE DE LA SYLVE;France
34160;ST BAUZILLE DE MONTMEL;France
34190;ST BAUZILLE DE PUTOIS;France
87150;ST BAZILE;France
19320;ST BAZILE DE LA ROCHE;France
19500;ST BAZILE DE MEYSSAC;France
31440;ST BEAT;France
12540;ST BEAULIZE;France
82150;ST BEAUZEIL;France
12620;ST BEAUZELY;France
81140;ST BEAUZILE;France
43100;ST BEAUZIRE;France
63360;ST BEAUZIRE;France
30350;ST BENEZET;France
01190;ST BENIGNE;France
59360;ST BENIN;France
58270;ST BENIN D AZY;France
58330;ST BENIN DES BOIS;France
85540;ST BENOIST SUR MER;France
10160;ST BENOIST SUR VANNE;France
01300;ST BENOIT;France
04240;ST BENOIT;France
11230;ST BENOIT;France
86280;ST BENOIT;France
14130;ST BENOIT D HEBERTOT;France
81400;ST BENOIT DE CARMAUX;France
27450;ST BENOIT DES OMBRES;France
35114;ST BENOIT DES ONDES;France
36170;ST BENOIT DU SAULT;France
26340;ST BENOIT EN DIOIS;France
55210;ST BENOIT EN WOEVRE;France
88700;ST BENOIT LA CHIPOTTE;France
37500;ST BENOIT LA FORET;France
45730;ST BENOIT SUR LOIRE;France
10180;ST BENOIT SUR SEINE;France
43300;ST BERAIN;France
71300;ST BERAIN SOUS SANVIGNES;France
71510;ST BERAIN SUR DHEUNE;France
01600;ST BERNARD;France
21700;ST BERNARD;France
38660;ST BERNARD;France
57220;ST BERNARD;France
68720;ST BERNARD;France
38660;ST BERNARD DU TOUVET;France
73520;ST BERON;France
53940;ST BERTHEVIN;France
53220;ST BERTHEVIN LA TANNIERE;France
31510;ST BERTRAND DE COMMINGES;France
72220;ST BIEZ EN BELIN;France
22800;ST BIHY;France
06670;ST BLAISE;France
74350;ST BLAISE;France
38140;ST BLAISE DU BUIS;France
67420;ST BLAISE LA ROCHE;France
32140;ST BLANCARD;France
80960;ST BLIMONT;France
52700;ST BLIN SEMILLY;France
64300;ST BOES;France
41330;ST BOHAIRE;France
71940;ST BOIL;France
54290;ST BOINGT;France
01300;ST BOIS;France
28330;ST BOMER;France
61700;ST BOMER LES FORGES;France
51310;ST BON;France
73120;ST BON TARENTAISE;France
16300;ST BONNET;France
19150;ST BONNET AVALOUZE;France
87260;ST BONNET BRIANCE;France
87300;ST BONNET DE BELLAC;France
38840;ST BONNET DE CHAVAGNE;France
48100;ST BONNET DE CHIRAC;France
15190;ST BONNET DE CONDAT;France
71340;ST BONNET DE CRAY;France
03390;ST BONNET DE FOUR;France
71220;ST BONNET DE JOUX;France
48600;ST BONNET DE MONTAUROUX;France
69720;ST BONNET DE MURE;France
03800;ST BONNET DE ROCHEFORT;France
30460;ST BONNET DE SALENDRINQUE;France
15140;ST BONNET DE SALERS;France
26350;ST BONNET DE VALCLERIEUX;France
71430;ST BONNET DE VIEILLE VIGNE;France
69790;ST BONNET DES BRUYERES;France
42310;ST BONNET DES QUARTS;France
30210;ST BONNET DU GARD;France
19380;ST BONNET ELVERT;France
71310;ST BONNET EN BRESSE;France
05500;ST BONNET EN CHAMPSAUR;France
19410;ST BONNET L ENFANTIER;France
19130;ST BONNET LA RIVIERE;France
63630;ST BONNET LE BOURG;France
63630;ST BONNET LE CHASTEL;France
42380;ST BONNET LE CHATEAU;France
42940;ST BONNET LE COURREAU;France
43290;ST BONNET LE FROID;France
69870;ST BONNET LE TRONCY;France
63800;ST BONNET LES ALLIER;France
42330;ST BONNET LES OULES;France
19430;ST BONNET LES TOURS DE MERLE;France
19200;ST BONNET PRES BORT;France
63210;ST BONNET PRES ORCIVAL;France
63200;ST BONNET PRES RIOM;France
17150;ST BONNET SUR GIRONDE;France
03360;ST BONNET TRONCAIS;France
58700;ST BONNOT;France
18300;ST BOUIZE;France
89630;ST BRANCHER;France
37320;ST BRANCHS;France
22800;ST BRANDAN;France
30500;ST BRES;France
32120;ST BRES;France
34670;ST BRES;France
30440;ST BRESSON;France
70280;ST BRESSON;France
46120;ST BRESSOU;France
44250;ST BREVIN L OCEAN;France
44250;ST BREVIN LES PINS;France
35800;ST BRIAC SUR MER;France
16100;ST BRICE;France
33540;ST BRICE;France
50300;ST BRICE;France
53290;ST BRICE;France
61700;ST BRICE;France
77160;ST BRICE;France
51370;ST BRICE COURCELLES;France
50730;ST BRICE DE LANDELLES;France
35460;ST BRICE EN COGLES;France
95350;ST BRICE SOUS FORET;France
61150;ST BRICE SOUS RANES;France
87200;ST BRICE SUR VIENNE;France
22000;ST BRIEUC;France
56430;ST BRIEUC DE MAURON;France
35630;ST BRIEUC DES IFFS;France
17770;ST BRIS DES BOIS;France
89530;ST BRIS LE VINEUX;France
58230;ST BRISSON;France
45500;ST BRISSON SUR LOIRE;France
70100;ST BROING;France
21290;ST BROING LES MOINES;France
52190;ST BROINGT LE BOIS;France
52190;ST BROINGT LES FOSSES;France
35120;ST BROLADRE;France
38620;ST BUEIL;France
72120;ST CALAIS;France
53140;ST CALAIS DU DESERT;France
72600;ST CALEZ EN SAOSNOIS;France
13760;ST CANNAT;France
03190;ST CAPRAIS;France
18400;ST CAPRAIS;France
32200;ST CAPRAIS;France
46250;ST CAPRAIS;France
33820;ST CAPRAIS DE BLAYE;France
33880;ST CAPRAIS DE BORDEAUX;France
47270;ST CAPRAIS DE LERM;France
24500;ST CAPRAISE D EYMET;France
24150;ST CAPRAISE DE LALINDE;France
22600;ST CARADEC;France
56540;ST CARADEC TREGOMEL;France
22100;ST CARNE;France
22150;ST CARREUC;France
24540;ST CASSIEN;France
38500;ST CASSIEN;France
73160;ST CASSIN;France
22380;ST CAST LE GUILDO;France
64160;ST CASTIN;France
72110;ST CELERIN;France
53150;ST CENERE;France
61250;ST CENERI LE GEREI;France
18220;ST CEOLS;France
46400;ST CERE;France
74140;ST CERGUES;France
15310;ST CERNIN;France
46360;ST CERNIN;France
24550;ST CERNIN DE L HERM;France
24560;ST CERNIN DE LABARDE;France
19600;ST CERNIN DE LARCHE;France
24580;ST CERNIN DE REILHAC;France
17770;ST CESAIRE;France
30900;ST CESAIRE;France
30360;ST CESAIRE DE GAUZIGNAN;France
06780;ST CEZAIRE SUR SIAGNE;France
31330;ST CEZERT;France
23130;ST CHABRAIS;France
05330;ST CHAFFREY;France
15140;ST CHAMANT;France
19380;ST CHAMANT;France
46310;ST CHAMARAND;France
13250;ST CHAMAS;France
24260;ST CHAMASSY;France
42400;ST CHAMOND;France
01300;ST CHAMP;France
30190;ST CHAPTES;France
54860;ST CHARLES;France
14350;ST CHARLES DE PERCY;France
53170;ST CHARLES LA FORET;France
36400;ST CHARTIER;France
86330;ST CHARTRES;France
38890;ST CHEF;France
46160;ST CHELS;France
48200;ST CHELY D APCHER;France
12470;ST CHELY D AUBRAC;France
51290;ST CHERON;France
91530;ST CHERON;France
28170;ST CHERON DES CHAMPS;France
34360;ST CHINIAN;France
80200;ST CHRIST BRIOST;France
31310;ST CHRISTAUD;France
32320;ST CHRISTAUD;France
42320;ST CHRISTO EN JAREZ;France
07160;ST CHRISTOL;France
34400;ST CHRISTOL;France
84390;ST CHRISTOL;France
30760;ST CHRISTOL DE RODIERES;France
30380;ST CHRISTOL LES ALES;France
33920;ST CHRISTOLY DE BLAYE;France
33340;ST CHRISTOLY MEDOC;France
03120;ST CHRISTOPHE;France
16420;ST CHRISTOPHE;France
17220;ST CHRISTOPHE;France
23000;ST CHRISTOPHE;France
28200;ST CHRISTOPHE;France
69860;ST CHRISTOPHE;France
73360;ST CHRISTOPHE;France
81190;ST CHRISTOPHE;France
86230;ST CHRISTOPHE;France
02290;ST CHRISTOPHE A BERRY;France
43340;ST CHRISTOPHE D ALLIER;France
61800;ST CHRISTOPHE DE CHAULIEU;France
33230;ST CHRISTOPHE DE DOUBLE;France
35140;ST CHRISTOPHE DE VALAINS;France
33330;ST CHRISTOPHE DES BARDES;France
35210;ST CHRISTOPHE DES BOIS;France
10500;ST CHRISTOPHE DODINICOURT;France
49280;ST CHRISTOPHE DU BOIS;France
50340;ST CHRISTOPHE DU FOC;France
72170;ST CHRISTOPHE DU JAMBET;France
85670;ST CHRISTOPHE DU LIGNERON;France
53150;ST CHRISTOPHE DU LUAT;France
36210;ST CHRISTOPHE EN BAZELLE;France
36400;ST CHRISTOPHE EN BOUCHERIE;France
71370;ST CHRISTOPHE EN BRESSE;France
71800;ST CHRISTOPHE EN BRIONNAIS;France
72540;ST CHRISTOPHE EN CHAMPAGNE;France
38520;ST CHRISTOPHE EN OISANS;France
26350;ST CHRISTOPHE ET LE LARIS;France
49270;ST CHRISTOPHE LA COUPERIE;France
18270;ST CHRISTOPHE LE CHAUDRY;France
61570;ST CHRISTOPHE LE JAJOLET;France
15700;ST CHRISTOPHE LES GORGES;France
27820;ST CHRISTOPHE SUR AVRE;France
27450;ST CHRISTOPHE SUR CONDE;France
43370;ST CHRISTOPHE SUR DOLAISON;France
38380;ST CHRISTOPHE SUR GUIERS;France
37370;ST CHRISTOPHE SUR LE NAIS;France
79220;ST CHRISTOPHE SUR ROC;France
12330;ST CHRISTOPHE VALLON;France
33570;ST CIBARD;France
07800;ST CIERGE LA SERRE;France
07160;ST CIERGE SOUS LE CHEYLARD;France
52200;ST CIERGUES;France
17520;ST CIERS CHAMPAGNE;France
33910;ST CIERS D ABZAC;France
33710;ST CIERS DE CANESSE;France
17240;ST CIERS DU TAILLON;France
16230;ST CIERS SUR BONNIEURE;France
33820;ST CIERS SUR GIRONDE;France
81340;ST CIRGUE;France
43380;ST CIRGUES;France
46210;ST CIRGUES;France
15590;ST CIRGUES DE JORDANNE;France
15140;ST CIRGUES DE MALBERT;France
07380;ST CIRGUES DE PRADES;France
07510;ST CIRGUES EN MONTAGNE;France
19220;ST CIRGUES LA LOUTRE;France
63320;ST CIRGUES SUR COUZE;France
82340;ST CIRICE;France
24260;ST CIRQ;France
82300;ST CIRQ;France
46330;ST CIRQ LAPOPIE;France
46300;ST CIRQ MADELON;France
46300;ST CIRQ SOUILLAGUET;France
36170;ST CIVRAN;France
07430;ST CLAIR;France
46300;ST CLAIR;France
82400;ST CLAIR;France
86330;ST CLAIR;France
27300;ST CLAIR D ARCEY;France
61490;ST CLAIR DE HALOUZE;France
38110;ST CLAIR DE LA TOUR;France
38370;ST CLAIR DU RHONE;France
95770;ST CLAIR SUR EPTE;France
38940;ST CLAIR SUR GALAURE;France
50680;ST CLAIR SUR L ELLE;France
76190;ST CLAIR SUR LES MONTS;France
32380;ST CLAR;France
31600;ST CLAR DE RIVIERE;France
16450;ST CLAUD;France
39200;ST CLAUDE;France
41350;ST CLAUDE DE DIRAY;France
02360;ST CLEMENT;France
03250;ST CLEMENT;France
07310;ST CLEMENT;France
15800;ST CLEMENT;France
19700;ST CLEMENT;France
30260;ST CLEMENT;France
54950;ST CLEMENT;France
89100;ST CLEMENT;France
08310;ST CLEMENT A ARNES;France
49370;ST CLEMENT DE LA PLACE;France
63310;ST CLEMENT DE REGNAT;France
34980;ST CLEMENT DE RIVIERE;France
63660;ST CLEMENT DE VALORGUE;France
69790;ST CLEMENT DE VERS;France
17590;ST CLEMENT DES BALEINES;France
49350;ST CLEMENT DES LEVEES;France
69930;ST CLEMENT LES PLACES;France
50140;ST CLEMENT RANCOUDRAY;France
05600;ST CLEMENT SUR DURANCE;France
71460;ST CLEMENT SUR GUYE;France
69170;ST CLEMENT SUR VALSONNE;France
79150;ST CLEMENTIN;France
22260;ST CLET;France
92210;ST CLOUD;France
28200;ST CLOUD EN DUNOIS;France
47410;ST COLOMB DE LAUZUN;France
44310;ST COLOMBAN;France
73130;ST COLOMBAN DES VILLARDS;France
05700;ST COLOMBE;France
33430;ST COME;France
12500;ST COME D OLT;France
14960;ST COME DE FRESNE;France
50500;ST COME DU MONT;France
30870;ST COME ET MARUEJOLS;France
56140;ST CONGARD;France
22480;ST CONNAN;France
22530;ST CONNEC;France
15600;ST CONSTANT;France
14280;ST CONTEST;France
72460;ST CORNEILLE;France
61800;ST CORNIER DES LANDES;France
68210;ST COSME;France
72110;ST COSME EN VAIRAIS;France
11700;ST COUAT D AUDE;France
11300;ST COUAT DU RAZES;France
29150;ST COULITZ;France
35350;ST COULOMB;France
16350;ST COUTANT;France
79120;ST COUTANT;France
17430;ST COUTANT LE GRAND;France
32380;ST CREAC;France
65100;ST CREAC;France
05600;ST CREPIN;France
17380;ST CREPIN;France
60170;ST CREPIN AUX BOIS;France
24330;ST CREPIN D AUBEROCHE;France
24310;ST CREPIN DE RICHEMONT;France
24590;ST CREPIN ET CARLUCET;France
60149;ST CREPIN IBOUVILLERS;France
14270;ST CRESPIN;France
76590;ST CRESPIN;France
49230;ST CRESPIN SUR MOINE;France
32430;ST CRICQ;France
40700;ST CRICQ CHALOSSE;France
40300;ST CRICQ DU GAVE;France
40190;ST CRICQ VILLENEUVE;France
16170;ST CYBARDEAUX;France
24250;ST CYBRANET;France
19130;ST CYPRIEN;France
24220;ST CYPRIEN;France
42160;ST CYPRIEN;France
46800;ST CYPRIEN;France
66750;ST CYPRIEN;France
66750;ST CYPRIEN PLAGE;France
12320;ST CYPRIEN SUR DOURDOU;France
07430;ST CYR;France
50310;ST CYR;France
71240;ST CYR;France
86130;ST CYR;France
87310;ST CYR;France
69450;ST CYR AU MONT D OR;France
42132;ST CYR DE FAVIERES;France
27800;ST CYR DE SALERNE;France
42114;ST CYR DE VALORGES;France
85410;ST CYR DES GATS;France
50720;ST CYR DU BAILLEUL;France
17170;ST CYR DU DORET;France
41190;ST CYR DU GAULT;France
14290;ST CYR DU RONCERAY;France
95510;ST CYR EN ARTHIES;France
49260;ST CYR EN BOURG;France
53140;ST CYR EN PAIL;France
44580;ST CYR EN RETZ;France
85540;ST CYR EN TALMONDAIS;France
45590;ST CYR EN VAL;France
78210;ST CYR L ECOLE;France
27370;ST CYR LA CAMPAGNE;France
79100;ST CYR LA LANDE;France
91690;ST CYR LA RIVIERE;France
19130;ST CYR LA ROCHE;France
61130;ST CYR LA ROSIERE;France
69870;ST CYR LE CHATOUX;France
53320;ST CYR LE GRAVELAIS;France
24270;ST CYR LES CHAMPAGNES;France
89800;ST CYR LES COLONS;France
42210;ST CYR LES VIGNES;France
39600;ST CYR MONTMALIN;France
91410;ST CYR SOUS DOURDAN;France
69560;ST CYR SUR LE RHONE;France
37540;ST CYR SUR LOIRE;France
01380;ST CYR SUR MENTHON;France
83270;ST CYR SUR MER;France
77750;ST CYR SUR MORIN;France
36700;ST CYRAN DU JAMBOT;France
06430;ST DALMAS DE TENDE;France
06660;ST DALMAS LE SELVAGE;France
46800;ST DAUNES;France
11310;ST DENIS;France
30500;ST DENIS;France
79220;ST DENIS;France
89100;ST DENIS;France
93200;ST DENIS;France
46150;ST DENIS CATUS;France
63310;ST DENIS COMBARNAZAT;France
76860;ST DENIS D ACLON;France
53290;ST DENIS D ANJOU;France
27390;ST DENIS D AUGERONS;France
28480;ST DENIS D AUTHOU;France
17650;ST DENIS D OLERON;France
72350;ST DENIS D ORQUES;France
42750;ST DENIS DE CABANNE;France
53500;ST DENIS DE GASTINES;France
36230;ST DENIS DE JOUHET;France
45550;ST DENIS DE L HOTEL;France
14100;ST DENIS DE MAILLOC;France
14110;ST DENIS DE MERE;France
18130;ST DENIS DE PALIN;France
33910;ST DENIS DE PILE;France
71640;ST DENIS DE VAUX;France
61330;ST DENIS DE VILLENETTE;France
72110;ST DENIS DES COUDRAIS;France
27520;ST DENIS DES MONTS;France
87400;ST DENIS DES MURS;France
28240;ST DENIS DES PUITS;France
27160;ST DENIS DU BEHELAN;France
53170;ST DENIS DU MAINE;France
85580;ST DENIS DU PAYRE;France
17400;ST DENIS DU PIN;France
01500;ST DENIS EN BUGEY;France
48700;ST DENIS EN MARGERIDE;France
45560;ST DENIS EN VAL;France
85170;ST DENIS LA CHEVASSE;France
27140;ST DENIS LE FERMENT;France
50450;ST DENIS LE GAST;France
76116;ST DENIS LE THIBOULT;France
50210;ST DENIS LE VETU;France
01000;ST DENIS LES BOURG;France
46600;ST DENIS LES MARTEL;France
28200;ST DENIS LES PONTS;France
77510;ST DENIS LES REBAIS;France
14350;ST DENIS MAISONCELLES;France
42140;ST DENIS SUR COISE;France
61400;ST DENIS SUR HUISNE;France
41000;ST DENIS SUR LOIRE;France
89120;ST DENIS SUR OUANNE;France
61420;ST DENIS SUR SARTHON;France
76890;ST DENIS SUR SCIE;France
60380;ST DENISCOURT;France
62990;ST DENOEUX;France
22400;ST DENOUAL;France
29440;ST DERRIEN;France
71390;ST DESERT;France
14100;ST DESIR;France
07340;ST DESIRAT;France
03370;ST DESIRE;France
19200;ST DEZERY;France
30190;ST DEZERY;France
21210;ST DIDIER;France
35220;ST DIDIER;France
39570;ST DIDIER;France
58190;ST DIDIER;France
84210;ST DIDIER;France
69370;ST DIDIER AU MONT D OR;France
43580;ST DIDIER D ALLIER;France
01340;ST DIDIER D AUSSIAT;France
38690;ST DIDIER DE BIZONNES;France
26300;ST DIDIER DE CHARPEY;France
01600;ST DIDIER DE FORMANS;France
38110;ST DIDIER DE LA TOUR;France
27370;ST DIDIER DES BOIS;France
71620;ST DIDIER EN BRESSE;France
71110;ST DIDIER EN BRIONNAIS;France
03130;ST DIDIER EN DONJON;France
43140;ST DIDIER EN VELAY;France
03110;ST DIDIER LA FORET;France
07200;ST DIDIER SOUS AUBENAS;France
61320;ST DIDIER SOUS ECOUVES;France
69440;ST DIDIER SOUS RIVERIE;France
71190;ST DIDIER SUR ARROUX;France
69430;ST DIDIER SUR BEAUJEU;France
01140;ST DIDIER SUR CHALARONNE;France
43440;ST DIDIER SUR DOULON;France
42111;ST DIDIER SUR ROCHEFORT;France
88100;ST DIE;France
63520;ST DIER D AUVERGNE;France
63320;ST DIERY;France
30980;ST DIONIZY;France
05250;ST DISDIER;France
29800;ST DIVY;France
17150;ST DIZANT DU BOIS;France
17240;ST DIZANT DU GUA;France
52100;ST DIZIER;France
26310;ST DIZIER EN DIOIS;France
90100;ST DIZIER L EVEQUE;France
23130;ST DIZIER LA TOUR;France
23270;ST DIZIER LES DOMAINES;France
23400;ST DIZIER LEYRENNE;France
56130;ST DOLAY;France
23190;ST DOMET;France
35190;ST DOMINEUC;France
22800;ST DONAN;France
63680;ST DONAT;France
26260;ST DONAT SUR L HERBASSE;France
64270;ST DOS;France
18230;ST DOULCHARD;France
34160;ST DREZERY;France
41500;ST DYE SUR LOIRE;France
43300;ST EBLE;France
50750;ST EBREMOND DE BONFOSSE;France
71740;ST EDMOND;France
22310;ST EFFLAM;France
38120;ST EGREVE;France
27190;ST ELIER;France
28240;ST ELIPH;France
32450;ST ELIX;France
31430;ST ELIX LE CHATEAU;France
31420;ST ELIX SEGLAN;France
32300;ST ELIX THEUX;France
49320;ST ELLIER;France
53220;ST ELLIER DU MAINE;France
61320;ST ELLIER LES BOIS;France
01800;ST ELOI;France
22540;ST ELOI;France
23000;ST ELOI;France
58000;ST ELOI;France
27800;ST ELOI DE FOURQUES;France
29460;ST ELOY;France
03370;ST ELOY D ALLIER;France
18110;ST ELOY DE GY;France
63890;ST ELOY LA GLACIERE;France
63700;ST ELOY LES MINES;France
19210;ST ELOY LES TUILERIES;France
28120;ST EMAN;France
71490;ST EMILAND;France
44130;ST EMILIEN DE BLAIN;France
33330;ST EMILION;France
03400;ST ENNEMOND;France
37800;ST EPAIN;France
57580;ST EPVRE;France
35230;ST ERBLON;France
53390;ST ERBLON;France
02820;ST ERME OUTRE ET RAMECOURT;France
91410;ST ESCOBILLE;France
64640;ST ESTEBEN;France
16440;ST ESTEPHE;France
24360;ST ESTEPHE;France
33180;ST ESTEPHE;France
66240;ST ESTEVE;France
13610;ST ESTEVE JANSON;France
42000;ST ETIENNE;France
42100;ST ETIENNE;France
08310;ST ETIENNE A ARNES;France
62360;ST ETIENNE AU MONT;France
51460;ST ETIENNE AU TEMPLE;France
19200;ST ETIENNE AUX CLOS;France
15150;ST ETIENNE CANTALES;France
34390;ST ETIENNE D ALBAGNAN;France
40300;ST ETIENNE D ORTHE;France
64430;ST ETIENNE DE BAIGORRY;France
07200;ST ETIENNE DE BOULOGNE;France
85210;ST ETIENNE DE BRILLOUET;France
15130;ST ETIENNE DE CARLAT;France
37230;ST ETIENNE DE CHIGNY;France
15400;ST ETIENNE DE CHOMEIL;France
38960;ST ETIENNE DE CROSSEY;France
73130;ST ETIENNE DE CUINES;France
07200;ST ETIENNE DE FONTBELLON;France
47380;ST ETIENNE DE FOUGERES;France
23290;ST ETIENNE DE FURSAC;France
34700;ST ETIENNE DE GOURGAS;France
30360;ST ETIENNE DE L OLM;France
33330;ST ETIENNE DE LISSE;France
07590;ST ETIENNE DE LUGDARES;France
15600;ST ETIENNE DE MAURS;France
44270;ST ETIENNE DE MER MORTE;France
44360;ST ETIENNE DE MONTLUC;France
24400;ST ETIENNE DE PUYCORBIER;France
07190;ST ETIENNE DE SERRE;France
38590;ST ETIENNE DE ST GEOIRS;France
06660;ST ETIENNE DE TINEE;France
82410;ST ETIENNE DE TULMONT;France
07340;ST ETIENNE DE VALOUX;France
03300;ST ETIENNE DE VICQ;France
47210;ST ETIENNE DE VILLEREAL;France
63380;ST ETIENNE DES CHAMPS;France
41190;ST ETIENNE DES GUERETS;France
69460;ST ETIENNE DES OULLIERES;France
30200;ST ETIENNE DES SORTS;France
01370;ST ETIENNE DU BOIS;France
85670;ST ETIENNE DU BOIS;France
13103;ST ETIENNE DU GRES;France
22210;ST ETIENNE DU GUE DE L ISLE;France
76800;ST ETIENNE DU ROUVRAY;France
48000;ST ETIENNE DU VALDONNEZ;France
27430;ST ETIENNE DU VAUVRAY;France
43420;ST ETIENNE DU VIGAN;France
71370;ST ETIENNE EN BRESSE;France
35460;ST ETIENNE EN COGLES;France
05250;ST ETIENNE EN DEVOLUY;France
34260;ST ETIENNE ESTRECHOUX;France
27450;ST ETIENNE L ALLIER;France
79360;ST ETIENNE LA CIGOGNE;France
19160;ST ETIENNE LA GENESTE;France
14950;ST ETIENNE LA THILLAYE;France
69460;ST ETIENNE LA VARENNE;France
43260;ST ETIENNE LARDEYROL;France
05130;ST ETIENNE LE LAUS;France
42130;ST ETIENNE LE MOLARD;France
04230;ST ETIENNE LES ORGUES;France
88200;ST ETIENNE LES REMIREMONT;France
60350;ST ETIENNE ROILAYE;France
27920;ST ETIENNE SOUS BAILLEUL;France
10700;ST ETIENNE SOUS BARBUISE;France
43450;ST ETIENNE SUR BLESLE;France
01140;ST ETIENNE SUR CHALARONNE;France
01190;ST ETIENNE SUR REYSSOUZE;France
51110;ST ETIENNE SUR SUIPPE;France
63580;ST ETIENNE SUR USSON;France
48330;ST ETIENNE VALLEE FRANCAISE;France
02330;ST EUGENE;France
17520;ST EUGENE;France
71190;ST EUGENE;France
52100;ST EULIEN;France
51390;ST EUPHRAISE ET CLAIRIZET;France
21140;ST EUPHRONE;France
71210;ST EUSEBE;France
74150;ST EUSEBE;France
05500;ST EUSEBE EN CHAMPSAUR;France
74410;ST EUSTACHE;France
76210;ST EUSTACHE LA FORET;France
16190;ST EUTROPE;France
47210;ST EUTROPE DE BORN;France
29170;ST EVARZEC;France
61230;ST EVROULT DE MONTFORT;France
61550;ST EVROULT NOTRE DAME DU BOIS;France
33190;ST EXUPERY;France
19200;ST EXUPERY LES ROCHES;France
89170;ST FARGEAU;France
77310;ST FARGEAU PONTHIERRY;France
03420;ST FARGEOL;France
64110;ST FAUST;France
07410;ST FELICIEN;France
66170;ST FELIU D AMONT;France
66170;ST FELIU D AVALL;France
03260;ST FELIX;France
16480;ST FELIX;France
17330;ST FELIX;France
46100;ST FELIX;France
60370;ST FELIX;France
74540;ST FELIX;France
24340;ST FELIX DE BOURDEILLES;France
33540;ST FELIX DE FONCAUDE;France
34520;ST FELIX DE L HERAS;France
34725;ST FELIX DE LODEZ;France
12320;ST FELIX DE LUNEL;France
30140;ST FELIX DE PALLIERES;France
24260;ST FELIX DE REILLAC ET MORTEMA;France
09120;ST FELIX DE RIEUTORD;France
12400;ST FELIX DE SORGUES;France
09500;ST FELIX DE TOURNEGAT;France
24510;ST FELIX DE VILLADEIX;France
31540;ST FELIX LAURAGAIS;France
08360;ST FERGEUX;France
70110;ST FERJEUX;France
33580;ST FERME;France
31350;ST FERREOL;France
74210;ST FERREOL;France
43330;ST FERREOL D AUROURE;France
63600;ST FERREOL DES COTES;France
31250;ST FERREOL LE LAC;France
26110;ST FERREOL TRENTE PAS;France
11500;ST FERRIOL;France
22720;ST FIACRE;France
77470;ST FIACRE;France
44690;ST FIACRE SUR MAINE;France
23000;ST FIEL;France
05800;ST FIRMIN;France
54930;ST FIRMIN;France
58270;ST FIRMIN;France
71670;ST FIRMIN;France
45220;ST FIRMIN DES BOIS;France
41100;ST FIRMIN DES PRES;France
45360;ST FIRMIN SUR LOIRE;France
10350;ST FLAVY;France
20217;ST FLORENT;France
45600;ST FLORENT;France
79000;ST FLORENT;France
85310;ST FLORENT DES BOIS;France
49410;ST FLORENT LE VIEIL;France
30960;ST FLORENT SUR AUZONNET;France
18400;ST FLORENT SUR CHER;France
36150;ST FLORENTIN;France
89600;ST FLORENTIN;France
63320;ST FLORET;France
62350;ST FLORIS;France
15100;ST FLOUR;France
63520;ST FLOUR;France
48300;ST FLOUR DE MERCOIRE;France
37600;ST FLOVIER;France
50310;ST FLOXEL;France
62370;ST FOLQUIN;France
69190;ST FONS;France
71400;ST FORGEOT;France
78720;ST FORGET;France
69490;ST FORGEUX;France
42640;ST FORGEUX LESPINASSE;France
53200;ST FORT;France
17240;ST FORT SUR GIRONDE;France
16130;ST FORT SUR LE NE;France
07360;ST FORTUNAT SUR EYRIEUX;France
16140;ST FRAIGNE;France
61350;ST FRAIMBAULT;France
53300;ST FRAIMBAULT DE PRIERES;France
31230;ST FRAJOU;France
73360;ST FRANC;France
58330;ST FRANCHY;France
73340;ST FRANCOIS DE SALES;France
57320;ST FRANCOIS LACROIX;France
73130;ST FRANCOIS LONGCHAMP;France
29260;ST FREGANT;France
19200;ST FREJOUX;France
48170;ST FREZAL D ALBUGES;France
48240;ST FREZAL DE VENTALON;France
11800;ST FRICHOUX;France
23500;ST FRION;France
50620;ST FROMOND;France
16460;ST FRONT;France
43550;ST FRONT;France
24460;ST FRONT D ALEMPS;France
24400;ST FRONT DE PRADOUX;France
24300;ST FRONT LA RIVIERE;France
47500;ST FRONT SUR LEMANCE;France
24300;ST FRONT SUR NIZONNE;France
17780;ST FROULT;France
85250;ST FULGENT;France
61130;ST FULGENT DES ORMES;France
80680;ST FUSCIEN;France
14480;ST GABRIEL BRECY;France
48700;ST GAL;France
63440;ST GAL SUR SIOULE;France
67440;ST GALL;France
42330;ST GALMIER;France
70130;ST GAND;France
35550;ST GANTON;France
14130;ST GATIEN DES BOIS;France
31800;ST GAUDENS;France
86400;ST GAUDENT;France
11270;ST GAUDERIC;France
53360;ST GAULT;France
36800;ST GAULTIER;France
81390;ST GAUZENS;France
47400;ST GAYRAND;France
40190;ST GEIN;France
79410;ST GELAIS;France
22570;ST GELVEN;France
34980;ST GELY DU FESC;France
79500;ST GENARD;France
87510;ST GENCE;France
79600;ST GENEROUX;France
63122;ST GENES CHAMPANELLE;France
63850;ST GENES CHAMPESPE;France
33390;ST GENES DE BLAYE;France
33350;ST GENES DE CASTILLON;France
33240;ST GENES DE FRONSAC;France
33670;ST GENES DE LOMBAUD;France
63260;ST GENES DU RETZ;France
63580;ST GENES LA TOURETTE;France
03310;ST GENEST;France
88700;ST GENEST;France
86140;ST GENEST D AMBIERE;France
07230;ST GENEST DE BEAUZON;France
81440;ST GENEST DE CONTEST;France
07160;ST GENEST LACHAMP;France
42530;ST GENEST LERPT;France
42660;ST GENEST MALIFAUX;France
87260;ST GENEST SUR ROSELLE;France
43350;ST GENEYS PRES ST PAULIEN;France
02810;ST GENGOULPH;France
71260;ST GENGOUX DE SCISSE;France
71460;ST GENGOUX LE NATIONAL;France
24590;ST GENIES;France
31180;ST GENIES BELLEVUE;France
30150;ST GENIES DE COMOLAS;France
34480;ST GENIES DE FONTEDIT;France
30190;ST GENIES DE MALGOIRES;France
34610;ST GENIES DE VARENSAL;France
34160;ST GENIES DES MOURGUES;France
04200;ST GENIEZ;France
12130;ST GENIEZ D OLT;France
19220;ST GENIEZ O MERLE;France
05300;ST GENIS;France
38710;ST GENIS;France
16570;ST GENIS D HIERSAC;France
16250;ST GENIS DE BLANZAC;France
17240;ST GENIS DE SAINTONGE;France
66740;ST GENIS DES FONTAINES;France
33760;ST GENIS DU BOIS;France
69610;ST GENIS L ARGENTIERE;France
69230;ST GENIS LAVAL;France
69290;ST GENIS LES OLLIERES;France
01630;ST GENIS POUILLY;France
01380;ST GENIS SUR MENTHON;France
73240;ST GENIX SUR GUIERS;France
36500;ST GENOU;France
37510;ST GENOUPH;France
38620;ST GEOIRE EN VALDAINE;France
38590;ST GEOIRS;France
15100;ST GEORGES;France
16700;ST GEORGES;France
32430;ST GEORGES;France
33570;ST GEORGES;France
47370;ST GEORGES;France
57830;ST GEORGES;France
62770;ST GEORGES;France
82240;ST GEORGES;France
17240;ST GEORGES ANTIGNAC;France
25340;ST GEORGES ARMONT;France
24130;ST GEORGES BLANCANEIX;France
53100;ST GEORGES BUTTAVENT;France
61600;ST GEORGES D ANNEBECQ;France
14260;ST GEORGES D AUNAY;France
43230;ST GEORGES D AURAC;France
50680;ST GEORGES D ELLE;France
38790;ST GEORGES D ESPERANCHE;France
17190;ST GEORGES D OLERON;France
34680;ST GEORGES D ORQUES;France
42510;ST GEORGES DE BAROILLE;France
50500;ST GEORGES DE BOHON;France
35140;ST GEORGES DE CHESNE;France
38450;ST GEORGES DE COMMIERS;France
17110;ST GEORGES DE DIDONNE;France
35610;ST GEORGES DE GREHAIGNE;France
72150;ST GEORGES DE LA COUEE;France
50270;ST GEORGES DE LA RIVIERE;France
48500;ST GEORGES DE LEVEJAC;France
50370;ST GEORGES DE LIVOYE;France
17470;ST GEORGES DE LONGUEPIERRE;France
12100;ST GEORGES DE LUZENCON;France
63780;ST GEORGES DE MONS;France
85600;ST GEORGES DE MONTAIGU;France
24140;ST GEORGES DE MONTCLARD;France
79400;ST GEORGES DE NOISNE;France
85150;ST GEORGES DE POINTINDOUX;France
18200;ST GEORGES DE POISIEUX;France
35420;ST GEORGES DE REINTEMBAULT;France
69830;ST GEORGES DE RENEINS;France
79210;ST GEORGES DE REX;France
50720;ST GEORGES DE ROUELLEY;France
17150;ST GEORGES DES AGOUTS;France
17810;ST GEORGES DES COTEAUX;France
49120;ST GEORGES DES GARDES;France
61100;ST GEORGES DES GROSEILLERS;France
73220;ST GEORGES DES HURTIERES;France
49350;ST GEORGES DES SEPT VOIES;France
17700;ST GEORGES DU BOIS;France
49250;ST GEORGES DU BOIS;France
72700;ST GEORGES DU BOIS;France
27560;ST GEORGES DU MESNIL;France
72110;ST GEORGES DU ROSAY;France
27450;ST GEORGES DU VIEVRE;France
14140;ST GEORGES EN AUGE;France
42990;ST GEORGES EN COUZAN;France
42610;ST GEORGES HAUTE VILLE;France
23250;ST GEORGES LA POUGE;France
43500;ST GEORGES LAGRICOL;France
53480;ST GEORGES LE FLECHARD;France
72590;ST GEORGES LE GAULTIER;France
86130;ST GEORGES LES BAILLARGEAUX;France
07800;ST GEORGES LES BAINS;France
87160;ST GEORGES LES LANDES;France
50000;ST GEORGES MONTCOCQ;France
27710;ST GEORGES MOTEL;France
23500;ST GEORGES NIGREMONT;France
63800;ST GEORGES SUR ALLIER;France
36100;ST GEORGES SUR ARNON;France
89000;ST GEORGES SUR BAULCHE;France
41400;ST GEORGES SUR CHER;France
53600;ST GEORGES SUR ERVE;France
28190;ST GEORGES SUR EURE;France
76690;ST GEORGES SUR FONTAINE;France
59820;ST GEORGES SUR L AA;France
18100;ST GEORGES SUR LA PREE;France
49700;ST GEORGES SUR LAYON;France
49170;ST GEORGES SUR LOIRE;France
18110;ST GEORGES SUR MOULON;France
01400;ST GEORGES SUR RENON;France
52200;ST GEOSMES;France
40380;ST GEOURS D AURIBAT;France
40230;ST GEOURS DE MAREMNE;France
56920;ST GERAND;France
03340;ST GERAND DE VAUX;France
03150;ST GERAND LE PUY;France
47120;ST GERAUD;France
24700;ST GERAUD DE CORPS;France
44150;ST GEREON;France
07170;ST GERMAIN;France
10120;ST GERMAIN;France
13013;ST GERMAIN;France
54290;ST GERMAIN;France
70200;ST GERMAIN;France
86310;ST GERMAIN;France
69650;ST GERMAIN AU MONT D OR;France
23160;ST GERMAIN BEAUPRE;France
58300;ST GERMAIN CHASSENAY;France
53240;ST GERMAIN D ANXURE;France
72500;ST GERMAIN D ARCE;France
61470;ST GERMAIN D AUNAY;France
14240;ST GERMAIN D ECTOT;France
50810;ST GERMAIN D ELLE;France
33340;ST GERMAIN D ESTEUIL;France
76590;ST GERMAIN D ETABLES;France
24170;ST GERMAIN DE BELVES;France
48370;ST GERMAIN DE CALBERTE;France
61240;ST GERMAIN DE CLAIREFEUILLE;France
16500;ST GERMAIN DE CONFOLENS;France
53700;ST GERMAIN DE COULAMER;France
27220;ST GERMAIN DE FRESNEY;France
33490;ST GERMAIN DE GRAVE;France
01130;ST GERMAIN DE JOUX;France
61130;ST GERMAIN DE LA COUDRE;France
78640;ST GERMAIN DE LA GRANGE;France
33240;ST GERMAIN DE LA RIVIERE;France
14100;ST GERMAIN DE LIVET;France
79200;ST GERMAIN DE LONGUE CHAUME;France
17500;ST GERMAIN DE LUSIGNAN;France
17700;ST GERMAIN DE MARENCENNES;France
61560;ST GERMAIN DE MARTIGNY;France
21530;ST GERMAIN DE MODEON;France
16380;ST GERMAIN DE MONTBRON;France
14140;ST GERMAIN DE MONTGOMMERY;France
27370;ST GERMAIN DE PASQUIER;France
85110;ST GERMAIN DE PRINCAY;France
03140;ST GERMAIN DE SALLES;France
14500;ST GERMAIN DE TALLEVENDE;France
50700;ST GERMAIN DE TOURNEBUT;France
50480;ST GERMAIN DE VARREVILLE;France
17500;ST GERMAIN DE VIBRAC;France
27930;ST GERMAIN DES ANGLES;France
18340;ST GERMAIN DES BOIS;France
58210;ST GERMAIN DES BOIS;France
89630;ST GERMAIN DES CHAMPS;France
76750;ST GERMAIN DES ESSOURTS;France
03260;ST GERMAIN DES FOSSES;France
61110;ST GERMAIN DES GROIS;France
24160;ST GERMAIN DES PRES;France
45220;ST GERMAIN DES PRES;France
49170;ST GERMAIN DES PRES;France
81700;ST GERMAIN DES PRES;France
71600;ST GERMAIN DES RIVES;France
50440;ST GERMAIN DES VAUX;France
46310;ST GERMAIN DU BEL AIR;France
71330;ST GERMAIN DU BOIS;France
61000;ST GERMAIN DU CORBEIS;France
14110;ST GERMAIN DU CRIOULT;France
14230;ST GERMAIN DU PERT;France
35370;ST GERMAIN DU PINEL;France
71370;ST GERMAIN DU PLAIN;France
33750;ST GERMAIN DU PUCH;France
18390;ST GERMAIN DU PUY;France
24190;ST GERMAIN DU SALEMBRE;France
17240;ST GERMAIN DU SEUDRE;France
48340;ST GERMAIN DU TEIL;France
71610;ST GERMAIN EN BRIONNAIS;France
35133;ST GERMAIN EN COGLES;France
78100;ST GERMAIN EN LAYE;France
39300;ST GERMAIN EN MONTAGNE;France
24520;ST GERMAIN ET MONS;France
85390;ST GERMAIN L AIGUILLER;France
63630;ST GERMAIN L HERM;France
14280;ST GERMAIN LA BLANCHE HERBE;France
27230;ST GERMAIN LA CAMPAGNE;France
73410;ST GERMAIN LA CHAMBOTTE;France
28300;ST GERMAIN LA GATINE;France
42670;ST GERMAIN LA MONTAGNE;France
60650;ST GERMAIN LA POTERIE;France
51240;ST GERMAIN LA VILLE;France
14700;ST GERMAIN LANGOT;France
43700;ST GERMAIN LAPRADE;France
42260;ST GERMAIN LAVAL;France
77130;ST GERMAIN LAVAL;France
19290;ST GERMAIN LAVOLPS;France
77950;ST GERMAIN LAXIS;France
90110;ST GERMAIN LE CHATELET;France
53240;ST GERMAIN LE FOUILLOUX;France
28190;ST GERMAIN LE GAILLARD;France
50340;ST GERMAIN LE GAILLARD;France
53240;ST GERMAIN LE GUILLAUME;France
21510;ST GERMAIN LE ROCHEUX;France
14190;ST GERMAIN LE VASSON;France
61390;ST GERMAIN LE VIEUX;France
63340;ST GERMAIN LEMBRON;France
39210;ST GERMAIN LES ARLAY;France
91180;ST GERMAIN LES ARPAJON;France
87380;ST GERMAIN LES BELLES;France
71390;ST GERMAIN LES BUXY;France
91250;ST GERMAIN LES CORBEIL;France
01300;ST GERMAIN LES PAROISSES;France
21500;ST GERMAIN LES SENAILLY;France
19330;ST GERMAIN LES VERGNES;France
42640;ST GERMAIN LESPINASSE;France
63470;ST GERMAIN PRES HERMENT;France
21690;ST GERMAIN SOURCE SEINE;France
76690;ST GERMAIN SOUS CAILLY;France
77169;ST GERMAIN SOUS DOUE;France
27320;ST GERMAIN SUR AVRE;France
50430;ST GERMAIN SUR AY;France
80430;ST GERMAIN SUR BRESLE;France
76270;ST GERMAIN SUR EAULNE;France
77930;ST GERMAIN SUR ECOLE;France
35250;ST GERMAIN SUR ILLE;France
69210;ST GERMAIN SUR L ARBRESLE;France
55140;ST GERMAIN SUR MEUSE;France
49230;ST GERMAIN SUR MOINE;France
77860;ST GERMAIN SUR MORIN;France
01240;ST GERMAIN SUR RENON;France
01200;ST GERMAIN SUR RHONE;France
72130;ST GERMAIN SUR SARTHE;France
50190;ST GERMAIN SUR SEVES;France
37500;ST GERMAIN SUR VIENNE;France
27500;ST GERMAIN VILLAGE;France
08190;ST GERMAINMONT;France
32400;ST GERME;France
60850;ST GERMER DE FLY;France
31290;ST GERMIER;France
32200;ST GERMIER;France
79340;ST GERMIER;France
81210;ST GERMIER;France
43360;ST GERON;France
15150;ST GERONS;France
12460;ST GERVAIS;France
16700;ST GERVAIS;France
30200;ST GERVAIS;France
33240;ST GERVAIS;France
38470;ST GERVAIS;France
85230;ST GERVAIS;France
95420;ST GERVAIS;France
63390;ST GERVAIS D AUVERGNE;France
72120;ST GERVAIS DE VIC;France
61160;ST GERVAIS DES SABLONS;France
61500;ST GERVAIS DU PERRON;France
72220;ST GERVAIS EN BELIN;France
71350;ST GERVAIS EN VALLIERE;France
41350;ST GERVAIS LA FORET;France
74170;ST GERVAIS LES BAINS;France
86230;ST GERVAIS LES TROIS CLOCHERS;France
63880;ST GERVAIS SOUS MEYMONT;France
71490;ST GERVAIS SUR COUCHES;France
34610;ST GERVAIS SUR MARE;France
26160;ST GERVAIS SUR ROUBION;France
30320;ST GERVASY;France
63340;ST GERVAZY;France
24400;ST GERY;France
46330;ST GERY;France
24330;ST GEYRAC;France
51510;ST GIBRIEN;France
22800;ST GILDAS;France
56730;ST GILDAS DE RHUYS;France
44530;ST GILDAS DES BOIS;France
30800;ST GILLES;France
35590;ST GILLES;France
36170;ST GILLES;France
50180;ST GILLES;France
51170;ST GILLES;France
71510;ST GILLES;France
85800;ST GILLES CROIX DE VIE;France
76490;ST GILLES DE CRETOT;France
76430;ST GILLES DE LA NEUVILLE;France
61700;ST GILLES DES MARAIS;France
22330;ST GILLES DU MENE;France
22290;ST GILLES LES BOIS;France
87130;ST GILLES LES FORETS;France
22480;ST GILLES PLIGEAUX;France
22530;ST GILLES VIEUX MARCHE;France
07580;ST GINEIS EN COIRON;France
74500;ST GINGOLPH;France
73410;ST GIROD;France
09200;ST GIRONS;France
40560;ST GIRONS;France
64300;ST GIRONS;France
33920;ST GIRONS D AIGUEVIVES;France
40560;ST GIRONS PLAGE;France
64390;ST GLADIE ARRIVE MUNEIN;France
22510;ST GLEN;France
29520;ST GOAZEC;France
02410;ST GOBAIN;France
02140;ST GOBERT;France
64400;ST GOIN;France
45500;ST GONDON;France
35630;ST GONDRAN;France
35750;ST GONLAY;France
56920;ST GONNERY;France
40120;ST GOR;France
56350;ST GORGON;France
88700;ST GORGON;France
25520;ST GORGON MAIN;France
22330;ST GOUENO;France
41310;ST GOURGON;France
16700;ST GOURSON;France
23430;ST GOUSSAUD;France
56580;ST GOUVRY;France
80260;ST GRATIEN;France
95210;ST GRATIEN;France
58340;ST GRATIEN SAVIGNY;France
56220;ST GRAVE;France
35760;ST GREGOIRE;France
81350;ST GREGOIRE;France
17240;ST GREGOIRE D ARDENNES;France
27450;ST GREGOIRE DU VIEVRE;France
32110;ST GRIEDE;France
16230;ST GROUX;France
22530;ST GUEN;France
29760;ST GUENOLE;France
34150;ST GUILHEM LE DESERT;France
38650;ST GUILLAUME;France
44160;ST GUILLAUME;France
35430;ST GUINOUX;France
34725;ST GUIRAUD;France
56460;ST GUYOMARD;France
43340;ST HAON;France
42370;ST HAON LE CHATEL;France
42370;ST HAON LE VIEUX;France
42570;ST HEAND;France
22100;ST HELEN;France
21690;ST HELIER;France
76680;ST HELLIER;France
44800;ST HERBLAIN;France
44150;ST HERBLON;France
63340;ST HERENT;France
29270;ST HERNIN;France
22460;ST HERVE;France
