9420;Aaigem;Belgique
8511;Aalbeke;Belgique
9300;Aalst;Belgique
3800;Aalst (Limb.);Belgique
9880;Aalter;Belgique
3200;Aarschot;Belgique
8700;Aarsele;Belgique
8211;Aartrijke;Belgique
2630;Aartselaar;Belgique
4557;Abée;Belgique
4280;Abolens;Belgique
3930;Achel;Belgique
5590;Achêne;Belgique
5362;Achet;Belgique
4219;Acosse;Belgique
6280;Acoz;Belgique
9991;Adegem;Belgique
8660;Adinkerke;Belgique
1790;Affligem;Belgique
9051;Afsnee;Belgique
5544;Agimont;Belgique
4317;Aineffe;Belgique
5310;Aische-en-Refail;Belgique
6250;Aiseau;Belgique
6250;Aiseau-Presles;Belgique
5070;Aisemont;Belgique
3570;Alken;Belgique
5550;Alle;Belgique
4432;Alleur;Belgique
1652;Alsemberg;Belgique
8690;Alveringem;Belgique
4540;Amay;Belgique
6680;Amberloup;Belgique
4770;Amblève;Belgique
6953;Ambly;Belgique
4219;Ambresin;Belgique
4770;Amel;Belgique
6997;Amonines;Belgique
7750;Amougies;Belgique
4540;Ampsin;Belgique
5300;Andenne;Belgique
1070;Anderlecht;Belgique
6150;Anderlues;Belgique
4821;Andrimont;Belgique
4031;Angleur;Belgique
7387;Angre;Belgique
7387;Angreau;Belgique
5537;Anhée;Belgique
6721;Anlier;Belgique
6890;Anloy;Belgique
5537;Annevoie-Rouillon;Belgique
4430;Ans;Belgique
5500;Anseremme;Belgique
7750;Anseroeul;Belgique
5520;Anthée;Belgique
4520;Antheit;Belgique
4160;Anthisnes;Belgique
7640;Antoing;Belgique
2000;Antwerpen 1;Belgique
2018;Antwerpen 1;Belgique
2020;Antwerpen 2;Belgique
2030;Antwerpen 3;Belgique
2040;Antwerpen 4;Belgique
2050;Antwerpen 5;Belgique
2060;Antwerpen 6;Belgique
7910;Anvaing;Belgique
8570;Anzegem;Belgique
9200;Appels;Belgique
9400;Appelterre-Eichem;Belgique
7811;Arbre (Ht.);Belgique
5170;Arbre (Nam.);Belgique
4990;Arbrefontaine;Belgique
7910;Arc-Ainières;Belgique
1390;Archennes;Belgique
7910;Arc-Wattripont;Belgique
8850;Ardooie;Belgique
2370;Arendonk;Belgique
4601;Argenteau;Belgique
6700;Arlon;Belgique
7181;Arquennes;Belgique
5060;Arsimont;Belgique
6870;Arville;Belgique
3665;As;Belgique
9404;Aspelare;Belgique
9890;Asper;Belgique
7040;Asquillies;Belgique
1730;Asse;Belgique
8310;Assebroek;Belgique
9960;Assenede;Belgique
6860;Assenois;Belgique
3460;Assent;Belgique
5330;Assesse;Belgique
9800;Astene;Belgique
7800;Ath;Belgique
7387;Athis;Belgique
6791;Athus;Belgique
3404;Attenhoven;Belgique
3384;Attenrode;Belgique
6717;Attert;Belgique
7941;Attre;Belgique
6790;Aubange;Belgique
7972;Aubechies;Belgique
4880;Aubel;Belgique
5660;Aublain;Belgique
6880;Auby-sur-Semois;Belgique
1160;Auderghem;Belgique
7382;Audregnies;Belgique
7040;Aulnois;Belgique
6706;Autelbas;Belgique
1367;Autre-Eglise;Belgique
7387;Autreppe;Belgique
5060;Auvelais;Belgique
5580;Ave-et-Auffe;Belgique
8630;Avekapelle;Belgique
8580;Avelgem;Belgique
4260;Avennes;Belgique
3271;Averbode;Belgique
4280;Avernas-le-Bauduin;Belgique
4280;Avin;Belgique
4340;Awans;Belgique
6870;Awenne;Belgique
4400;Awirs;Belgique
6900;Aye;Belgique
4630;Ayeneux;Belgique
4920;Aywaille;Belgique
9890;Baaigem;Belgique
3128;Baal;Belgique
9310;Baardegem;Belgique
2387;Baarle-Hertog;Belgique
9200;Baasrode;Belgique
9800;Bachte-Maria-Leerne;Belgique
4837;Baelen (Lg.);Belgique
5550;Bagimont;Belgique
6464;Baileux;Belgique
6460;Bailièvre;Belgique
5555;Baillamont;Belgique
7730;Bailleul;Belgique
5377;Baillonville;Belgique
7380;Baisieux;Belgique
1470;Baisy-thy;Belgique
5190;Balâtre;Belgique
9860;Balegem;Belgique
2490;Balen;Belgique
9420;Bambrugge;Belgique
6951;Bande;Belgique
6500;Barbençon;Belgique
4671;Barchon;Belgique
5570;Baronville;Belgique
7534;Barry;Belgique
5370;Barvaux-Condroz;Belgique
6940;Barvaux-sur-Ourthe;Belgique
7971;Basècles;Belgique
4520;Bas-Oha;Belgique
4983;Basse-Bodeux;Belgique
4690;Bassenge;Belgique
9968;Bassevelde;Belgique
7830;Bassilly;Belgique
6600;Bastogne;Belgique
7784;Bas-Warneton;Belgique
3870;Batsheers;Belgique
4651;Battice;Belgique
7130;Battignies;Belgique
7331;Baudour;Belgique
7870;Bauffe;Belgique
7604;Baugnies;Belgique
1401;Baulers;Belgique
9520;Bavegem;Belgique
8531;Bavikhove;Belgique
9150;Bazel;Belgique
4052;Beaufays;Belgique
6500;Beaumont;Belgique
5570;Beauraing;Belgique
6980;Beausaint;Belgique
1320;Beauvechain;Belgique
6594;Beauwelz;Belgique
7532;Beclers;Belgique
3960;Beek;Belgique
9630;Beerlegem;Belgique
8730;Beernem;Belgique
2340;Beerse;Belgique
1650;Beersel;Belgique
8600;Beerst;Belgique
1673;Beert;Belgique
9080;Beervelde;Belgique
2580;Beerzel;Belgique
5000;Beez;Belgique
6987;Beffe;Belgique
3130;Begijnendijk;Belgique
6672;Beho;Belgique
1852;Beigem;Belgique
8480;Bekegem;Belgique
1730;Bekkerzeel;Belgique
3460;Bekkevoort;Belgique
5001;Belgrade;Belgique
4610;Bellaire;Belgique
7170;Bellecourt;Belgique
6730;Bellefontaine (Lux.);Belgique
5555;Bellefontaine (Nam.);Belgique
8510;Bellegem;Belgique
9881;Bellem;Belgique
6834;Bellevaux;Belgique
4960;Bellevaux-Ligneuville;Belgique
1674;Bellingen;Belgique
7970;Beloeil;Belgique
9111;Belsele;Belgique
4500;Ben-Ahin;Belgique
6941;Bende;Belgique
3540;Berbroek;Belgique
2600;Berchem (Antwerpen);Belgique
9690;Berchem (O.-Vl.);Belgique
1082;Berchem-Sainte-Agathe;Belgique
2040;Berendrecht;Belgique
1910;Berg (Bt.);Belgique
3700;Berg (Limb.);Belgique
4360;Bergilers;Belgique
3580;Beringen;Belgique
2590;Berlaar;Belgique
9290;Berlare;Belgique
3830;Berlingen;Belgique
4257;Berloz;Belgique
4607;Berneau;Belgique
7320;Bernissart;Belgique
6560;Bersillies-l'Abbaye;Belgique
3060;Bertem;Belgique
6687;Bertogne;Belgique
4280;Bertrée;Belgique
6880;Bertrix;Belgique
5651;Berzée;Belgique
8980;Beselare;Belgique
3130;Betekom;Belgique
4300;Bettincourt;Belgique
5030;Beuzet;Belgique
2560;Bevel;Belgique
1547;Bever;Belgique
4960;Bevercé;Belgique
9700;Bevere;Belgique
8791;Beveren (Leie);Belgique
8800;Beveren (Roeselare);Belgique
8691;Beveren-aan-den-Ijzer;Belgique
9120;Beveren-Waas;Belgique
3581;Beverlo;Belgique
3740;Beverst;Belgique
4610;Beyne-Heusay;Belgique
6543;Bienne-lez-Happart;Belgique
3360;Bierbeek;Belgique
6533;Biercée;Belgique
1301;Bierges;Belgique
1430;Bierghes;Belgique
4460;Bierset;Belgique
5380;Bierwart;Belgique
5640;Biesme;Belgique
5640;Biesmerée;Belgique
6531;Biesme-sous-Thuin;Belgique
1547;Biévène;Belgique
5555;Bièvre;Belgique
1390;Biez;Belgique
6690;Bihain;Belgique
8920;Bikschote;Belgique
4831;Bilstain;Belgique
3740;Bilzen;Belgique
7130;Binche;Belgique
3850;Binderveld;Belgique
3211;Binkom;Belgique
5537;Bioul;Belgique
8501;Bissegem;Belgique
7783;Bizet;Belgique
2830;Blaasveld;Belgique
5542;Blaimont;Belgique
7522;Blandain;Belgique
3052;Blanden;Belgique
8370;Blankenberge;Belgique
7040;Blaregnies;Belgique
7321;Blaton;Belgique
7370;Blaugies;Belgique
4670;Blégny;Belgique
7620;Bléharies;Belgique
4280;Blehen;Belgique
6760;Bleid;Belgique
4300;Bleret;Belgique
7903;Blicquy;Belgique
3950;Bocholt;Belgique
2530;Boechout;Belgique
3890;Boekhout;Belgique
9961;Boekhoute;Belgique
4250;Boëlhe;Belgique
8904;Boezinge;Belgique
1670;Bogaarden;Belgique
5550;Bohan;Belgique
5140;Boignée;Belgique
4690;Boirs;Belgique
7866;Bois-de-Lessines;Belgique
5170;Bois-de-Villers;Belgique
7170;Bois-d'Haine;Belgique
4560;Bois-et-Borsu;Belgique
5310;Bolinne;Belgique
4653;Bolland;Belgique
1367;Bomal (Bt.);Belgique
6941;Bomal-sur-Ourthe;Belgique
4607;Bombaye;Belgique
3840;Bommershoven;Belgique
4100;Boncelles;Belgique
5310;Boneffe;Belgique
2820;Bonheiden;Belgique
5021;Boninne;Belgique
1325;Bonlez;Belgique
6700;Bonnert;Belgique
5300;Bonneville;Belgique
7603;Bon-Secours;Belgique
5377;Bonsin;Belgique
2221;Booischot;Belgique
8630;Booitshoeke;Belgique
2850;Boom;Belgique
3631;Boorsem;Belgique
3190;Boortmeerbeek;Belgique
1761;Borchtlombeek;Belgique
2140;Borgerhout (Antwerpen);Belgique
3840;Borgloon;Belgique
4317;Borlez;Belgique
3891;Borlo;Belgique
6941;Borlon;Belgique
2880;Bornem;Belgique
1404;Bornival;Belgique
2150;Borsbeek (Antw.);Belgique
9552;Borsbeke;Belgique
5032;Bossière;Belgique
8583;Bossuit;Belgique
1390;Bossut-Gottechain;Belgique
3300;Bost;Belgique
5032;Bothey;Belgique
9820;Bottelare;Belgique
6200;Bouffioulx;Belgique
5004;Bouge;Belgique
7040;Bougnies;Belgique
6830;Bouillon;Belgique
6464;Bourlers;Belgique
5575;Bourseigne-Neuve;Belgique
5575;Bourseigne-Vieille;Belgique
7110;Boussoit;Belgique
7300;Boussu;Belgique
5660;Boussu-en-Fagne;Belgique
6440;Boussu-lez-Walcourt;Belgique
1470;Bousval;Belgique
3370;Boutersem;Belgique
5500;Bouvignes-sur-Meuse;Belgique
7803;Bouvignies;Belgique
2288;Bouwel;Belgique
8680;Bovekerke;Belgique
3870;Bovelingen;Belgique
4300;Bovenistier;Belgique
5081;Bovesse;Belgique
6671;Bovigny;Belgique
4990;Bra;Belgique
7604;Braffe;Belgique
5590;Braibant;Belgique
1420;Braine-l'Alleud;Belgique
1440;Braine-le-Château;Belgique
7090;Braine-le-Comte;Belgique
4260;Braives;Belgique
9660;Brakel;Belgique
5310;Branchon;Belgique
6800;Bras;Belgique
7604;Brasmenil;Belgique
2930;Brasschaat;Belgique
7130;Bray;Belgique
2960;Brecht;Belgique
8450;Bredene;Belgique
3960;Bree;Belgique
2870;Breendonk;Belgique
4020;Bressoux;Belgique
8900;Brielen;Belgique
2520;Broechem;Belgique
3840;Broekom;Belgique
1931;Brucargo;Belgique
7940;Brugelette;Belgique
8000;Brugge;Belgique
5660;Brûly;Belgique
5660;Brûly-de-Pesche;Belgique
7620;Brunehaut;Belgique
1785;Brussegem;Belgique
1000;Brussel 1;Belgique
1120;Brussel 12;Belgique
1130;Brussel 13;Belgique
1140;Brussel 14;Belgique
1150;Brussel 15;Belgique
1160;Brussel 16;Belgique
1170;Brussel 17;Belgique
1180;Brussel 18;Belgique
1190;Brussel 19;Belgique
1020;Brussel 2;Belgique
1200;Brussel 20;Belgique
1210;Brussel 21;Belgique
1030;Brussel 3;Belgique
1040;Brussel 4;Belgique
1050;Brussel 5;Belgique
1060;Brussel 6;Belgique
1070;Brussel 7;Belgique
1080;Brussel 8;Belgique
1090;Brussel 9;Belgique
3800;Brustem;Belgique
1000;Bruxelles 1;Belgique
1120;Bruxelles 12;Belgique
1130;Bruxelles 13;Belgique
1140;Bruxelles 14;Belgique
1150;Bruxelles 15;Belgique
1160;Bruxelles 16;Belgique
1170;Bruxelles 17;Belgique
1180;Bruxelles 18;Belgique
1190;Bruxelles 19;Belgique
1020;Bruxelles 2;Belgique
1200;Bruxelles 20;Belgique
1210;Bruxelles 21;Belgique
1030;Bruxelles 3;Belgique
1040;Bruxelles 4;Belgique
1050;Bruxelles 5;Belgique
1060;Bruxelles 6;Belgique
1070;Bruxelles 7;Belgique
1080;Bruxelles 8;Belgique
1090;Bruxelles 9;Belgique
7641;Bruyelle;Belgique
6222;Brye;Belgique
3440;Budingen;Belgique
9255;Buggenhout;Belgique
7911;Buissenal;Belgique
5580;Buissonville;Belgique
1501;Buizingen;Belgique
1910;Buken;Belgique
4760;Bullange;Belgique
4760;Büllingen;Belgique
8630;Bulskamp;Belgique
3380;Bunsbeek;Belgique
2070;Burcht;Belgique
4210;Burdinne;Belgique
6927;Bure;Belgique
4790;Burg-Reuland;Belgique
9420;Burst;Belgique
7602;Bury;Belgique
4750;Butgenbach;Belgique
4750;Bütgenbach;Belgique
3891;Buvingen;Belgique
7133;Buvrinnes;Belgique
6743;Buzenol;Belgique
6230;Buzet;Belgique
7604;Callenelle;Belgique
7642;Calonne;Belgique
7940;Cambron-Casteau;Belgique
7870;Cambron-Saint-Vincent;Belgique
6850;Carlsbourg;Belgique
7141;Carnières;Belgique
7020;Casteau (Mons);Belgique
7061;Casteau (Soignies);Belgique
5650;Castillon;Belgique
7760;Celles (Ht.);Belgique
4317;Celles (Lg.);Belgique
5561;Celles (Nam.);Belgique
4632;Cerexhe-Heuseux;Belgique
5630;Cerfontaine;Belgique
1341;Céroux-Mousty;Belgique
7063;Ch.-Notre-Dame-Louvignies;Belgique
4650;Chaineux;Belgique
5550;Chairière;Belgique
5020;Champion;Belgique
6971;Champlon;Belgique
6921;Chanly;Belgique
6742;Chantemelle;Belgique
7903;Chapelle-à-Oie;Belgique
7903;Chapelle-à-Wattines;Belgique
7160;Chapelle-lez-Herlaimont;Belgique
4537;Chapon-Seraing;Belgique
6000;Charleroi;Belgique
4654;Charneux;Belgique
6824;Chassepierre;Belgique
1450;Chastre;Belgique
5650;Chastrès;Belgique
1450;Chastre-Villeroux-Blanmont;Belgique
6200;Châtelet;Belgique
6200;Châtelineau;Belgique
6747;Châtillon;Belgique
4050;Chaudfontaine;Belgique
1325;Chaumont-Gistoux;Belgique
4032;Chênée;Belgique
6673;Cherain;Belgique
4602;Cheratte;Belgique
7521;Chercq;Belgique
5590;Chevetogne;Belgique
4987;Chevron;Belgique
7950;Chièvres;Belgique
6460;Chimay;Belgique
6810;Chiny;Belgique
4400;Chokier;Belgique
5560;Ciergnon;Belgique
5590;Ciney;Belgique
4260;Ciplet;Belgique
7024;Ciply;Belgique
1480;Clabecq;Belgique
4560;Clavier;Belgique
4890;Clermont (Lg.);Belgique
5650;Clermont (Nam.);Belgique
4480;Clermont-sous-Huy;Belgique
5022;Cognelée;Belgique
7340;Colfontaine;Belgique
4170;Comblain-au-Pont;Belgique
4180;Comblain-Fairon;Belgique
4180;Comblain-la-Tour;Belgique
7780;Comines;Belgique
7780;Comines-Warneton;Belgique
5590;Conneux;Belgique
1435;Corbais;Belgique
6838;Corbion;Belgique
7910;Cordes;Belgique
5620;Corenne;Belgique
4860;Cornesse;Belgique
5555;Cornimont;Belgique
5032;Corroy-le-Château;Belgique
1325;Corroy-le-Grand;Belgique
4257;Corswarem;Belgique
1450;Cortil-Noirmont;Belgique
5380;Cortil-Wodon;Belgique
6010;Couillet;Belgique
6180;Courcelles;Belgique
5336;Courrière;Belgique
6120;Cour-sur-Heure;Belgique
1490;Court-Saint-Etienne;Belgique
4218;Couthuin;Belgique
5300;Coutisse;Belgique
1380;Couture-Saint-Germain;Belgique
5660;Couvin;Belgique
4280;Cras-Avernas;Belgique
4280;Crehen;Belgique
4367;Crisnée;Belgique
7120;Croix-lez-Rouveroy;Belgique
4784;Crombach;Belgique
5332;Crupet;Belgique
7033;Cuesmes;Belgique
6880;Cugnon;Belgique
5660;Cul-des-Sarts;Belgique
5562;Custinne;Belgique
8890;Dadizele;Belgique
5660;Dailly;Belgique
9160;Daknam;Belgique
4607;Dalhem;Belgique
8340;Damme;Belgique
6767;Dampicourt;Belgique
6020;Dampremy;Belgique
4253;Darion;Belgique
5630;Daussois;Belgique
5020;Daussoulx;Belgique
5100;Dave;Belgique
6929;Daverdisse;Belgique
8420;De Haan;Belgique
9170;De Klinge;Belgique
8630;De Moeren;Belgique
8660;De Panne;Belgique
9840;De Pinte;Belgique
8540;Deerlijk;Belgique
9570;Deftinge;Belgique
9800;Deinze;Belgique
9280;Denderbelle;Belgique
9450;Denderhoutem;Belgique
9470;Denderleeuw;Belgique
9200;Dendermonde;Belgique
9400;Denderwindeke;Belgique
5537;Denée;Belgique
8720;Dentergem;Belgique
7912;Dergneau;Belgique
2480;Dessel;Belgique
8792;Desselgem;Belgique
9070;Destelbergen;Belgique
9831;Deurle;Belgique
2100;Deurne (Antwerpen);Belgique
3290;Deurne (Bt.);Belgique
7864;Deux-Acren;Belgique
5310;Dhuy;Belgique
1831;Diegem;Belgique
3590;Diepenbeek;Belgique
3290;Diest;Belgique
3700;Diets-Heur;Belgique
8900;Dikkebus;Belgique
9630;Dikkele;Belgique
9890;Dikkelvenne;Belgique
8600;Diksmuide;Belgique
1700;Dilbeek;Belgique
3650;Dilsen;Belgique
5500;Dinant;Belgique
5570;Dion;Belgique
1325;Dion-Valmont;Belgique
4820;Dison;Belgique
6960;Dochamps;Belgique
9130;Doel;Belgique
6836;Dohan;Belgique
5680;Doische;Belgique
4140;Dolembreux;Belgique
4357;Donceel;Belgique
1370;Dongelberg;Belgique
3540;Donk;Belgique
6536;Donstiennes;Belgique
5530;Dorinne;Belgique
3440;Dormaal;Belgique
7711;Dottenijs;Belgique
7711;Dottignies;Belgique
7370;Dour;Belgique
5670;Dourbes;Belgique
8951;Dranouter;Belgique
5500;Dréhance;Belgique
8600;Driekapellen;Belgique
3350;Drieslinter;Belgique
1620;Drogenbos;Belgique
9031;Drongen;Belgique
8380;Dudzele;Belgique
2570;Duffel;Belgique
3080;Duisburg;Belgique
3803;Duras;Belgique
6940;Durbuy;Belgique
5530;Durnal;Belgique
1653;Dworp;Belgique
4690;Eben-Emael;Belgique
6860;Ebly;Belgique
7190;Ecaussinnes;Belgique
7190;Ecaussinnes-d'Enghien;Belgique
7191;Ecaussinnes-Lalaing;Belgique
2650;Edegem;Belgique
9700;Edelare;Belgique
7850;Edingen;Belgique
9900;Eeklo;Belgique
8480;Eernegem;Belgique
8740;Egem;Belgique
8630;Eggewaartskapelle;Belgique
5310;Eghezée;Belgique
4480;Ehein (Engis);Belgique
4120;Ehein (Neupré);Belgique
3740;Eigenbilzen;Belgique
2430;Eindhout;Belgique
9700;Eine;Belgique
3630;Eisden;Belgique
9810;Eke;Belgique
2180;Ekeren (Antwerpen);Belgique
9160;Eksaarde;Belgique
3941;Eksel;Belgique
3650;Elen;Belgique
9620;Elene;Belgique
1982;Elewijt;Belgique
3400;Eliksem;Belgique
1671;Elingen;Belgique
4590;Ellemelle;Belgique
7890;Ellezelles;Belgique
7910;Ellignies-lez-Frasnes;Belgique
7972;Ellignies-Sainte-Anne;Belgique
3670;Ellikom;Belgique
7370;Elouges;Belgique
9790;Elsegem;Belgique
4750;Elsenborn;Belgique
1050;Elsene;Belgique
9660;Elst;Belgique
8906;Elverdinge;Belgique
9140;Elversele;Belgique
2520;Emblem;Belgique
4053;Embourg;Belgique
8870;Emelgem;Belgique
5080;Emines;Belgique
5363;Emptinne;Belgique
9700;Ename;Belgique
3800;Engelmanshoven;Belgique
7850;Enghien;Belgique
4480;Engis;Belgique
1350;Enines;Belgique
4800;Ensival;Belgique
7134;Epinois;Belgique
1980;Eppegem;Belgique
5580;Eprave;Belgique
7050;Erbaut;Belgique
7050;Erbisoeul;Belgique
7500;Ere;Belgique
9320;Erembodegem;Belgique
6997;Erezée;Belgique
5644;Ermeton-sur-Biert;Belgique
5030;Ernage;Belgique
6972;Erneuville;Belgique
4920;Ernonheid;Belgique
9420;Erondegem;Belgique
9420;Erpe;Belgique
9420;Erpe-Mere;Belgique
5101;Erpent;Belgique
6441;Erpion;Belgique
3071;Erps-kwerps;Belgique
6560;Erquelinnes;Belgique
7387;Erquennes;Belgique
9940;Ertvelde;Belgique
9620;Erwetegem;Belgique
7760;Escanaffles;Belgique
8600;Esen;Belgique
4130;Esneux;Belgique
8587;Espierres;Belgique
8587;Espierres-Helchin;Belgique
7502;Esplechin;Belgique
7743;Esquelmes;Belgique
2910;Essen;Belgique
1790;Essene;Belgique
7730;Estaimbourg;Belgique
7730;Estaimpuis;Belgique
7120;Estinnes;Belgique
7120;Estinnes-au-Mont;Belgique
7120;Estinnes-au-Val;Belgique
6740;Etalle;Belgique
6760;Ethe;Belgique
9680;Etikhove;Belgique
8460;Ettelgem;Belgique
1040;Etterbeek;Belgique
7340;Eugies (Colfontaine);Belgique
7080;Eugies (Frameries);Belgique
4700;Eupen;Belgique
4631;Evegnée;Belgique
5350;Evelette;Belgique
9660;Everbeek;Belgique
3078;Everberg;Belgique
1140;Evere;Belgique
9940;Evergem;Belgique
7730;Evregnies;Belgique
5530;Evrehailles;Belgique
4731;Eynatten;Belgique
3400;Ezemaal;Belgique
5600;Fagnolle;Belgique
4317;Faimes;Belgique
5522;Falaën;Belgique
5060;Falisolle;Belgique
4260;Fallais;Belgique
5500;Falmagne;Belgique
5500;Falmignoul;Belgique
7181;Familleureux;Belgique
6240;Farciennes;Belgique
5340;Faulx-les-Tombes;Belgique
7120;Fauroeulx;Belgique
6637;Fauvillers;Belgique
4950;Faymonville;Belgique
6856;Fays-les-Veneurs;Belgique
7387;Fayt-le-Franc;Belgique
7170;Fayt-lez-Manage;Belgique
5570;Felenne;Belgique
7181;Feluy;Belgique
4607;Feneur;Belgique
5380;Fernelmont;Belgique
4190;Ferrières;Belgique
5570;Feschaux;Belgique
4347;Fexhe-le-Haut-Clocher;Belgique
4458;Fexhe-Slins;Belgique
4181;Filot;Belgique
5560;Finnevaux;Belgique
4530;Fize-Fontaine;Belgique
4367;Fize-le-Marsal;Belgique
6686;Flamierge;Belgique
5620;Flavion;Belgique
5020;Flawinne;Belgique
4400;Flémalle;Belgique
4400;Flémalle-Grande;Belgique
4400;Flémalle-Haute;Belgique
7012;Flénu;Belgique
4620;Fléron;Belgique
6220;Fleurus;Belgique
7880;Flobecq;Belgique
4540;Flône;Belgique
5334;Florée;Belgique
5150;Floreffe;Belgique
5620;Florennes;Belgique
6820;Florenville;Belgique
5150;Floriffoux;Belgique
5370;Flostoy;Belgique
5572;Focant;Belgique
1350;Folx-les-Caves;Belgique
6140;Fontaine-l'Evêque;Belgique
6567;Fontaine-Valmont;Belgique
5650;Fontenelle;Belgique
6820;Fontenoille;Belgique
7643;Fontenoy;Belgique
4340;Fooz;Belgique
6141;Forchies-la-Marche;Belgique
1190;Forest;Belgique
7910;Forest (Ht.);Belgique
4870;Forêt;Belgique
6596;Forge-Philippe;Belgique
6464;Forges;Belgique
6953;Forrières;Belgique
5380;Forville;Belgique
4980;Fosse (Lg.);Belgique
5070;Fosses-la-Ville;Belgique
7830;Fouleng;Belgique
6440;Fourbechies;Belgique
3798;Fouron-le-Comte;Belgique
3790;Fourons;Belgique
3790;Fouron-Saint-Martin;Belgique
3792;Fouron-Saint-Pierre;Belgique
5504;Foy-Notre-Dame;Belgique
4870;Fraipont;Belgique
5650;Fraire;Belgique
4557;Fraiture;Belgique
7080;Frameries;Belgique
6853;Framont;Belgique
5600;Franchimont;Belgique
4970;Francorchamps;Belgique
5380;Franc-Waret;Belgique
5150;Franière;Belgique
5660;Frasnes (Nam.);Belgique
7911;Frasnes-lez-Buissenal;Belgique
6210;Frasnes-lez-Gosselies;Belgique
4347;Freloux;Belgique
6800;Freux;Belgique
6440;Froidchapelle;Belgique
5576;Froidfontaine;Belgique
7504;Froidmont;Belgique
6990;Fronville;Belgique
7503;Froyennes;Belgique
4260;Fumal;Belgique
5500;Furfooz;Belgique
5641;Furnaux;Belgique
1750;Gaasbeek;Belgique
7943;Gages;Belgique
7906;Gallaix;Belgique
1570;Galmaarden;Belgique
1083;Ganshoren;Belgique
7530;Gaurain-Ramecroix;Belgique
9890;Gavere;Belgique
5575;Gedinne;Belgique
2440;Geel;Belgique
4250;Geer;Belgique
1367;Geest-Gérompont-Pt-Rosière;Belgique
3450;Geetbets;Belgique
5024;Gelbressée;Belgique
3800;Gelinden;Belgique
3620;Gellik;Belgique
3200;Gelrode;Belgique
8980;Geluveld;Belgique
8940;Geluwe;Belgique
6929;Gembes;Belgique
5030;Gembloux;Belgique
4851;Gemmenich;Belgique
1470;Genappe;Belgique
3600;Genk;Belgique
7040;Genly;Belgique
3770;Genoelselderen;Belgique
9000;Gent;Belgique
9050;Gentbrugge;Belgique
1450;Gentinnes;Belgique
1332;Genval;Belgique
9500;Geraardsbergen;Belgique
3960;Gerdingen;Belgique
5524;Gerin;Belgique
1367;Gérompont;Belgique
6769;Gérouville;Belgique
6280;Gerpinnes;Belgique
2590;Gestel;Belgique
5340;Gesves;Belgique
7822;Ghislenghien;Belgique
7011;Ghlin;Belgique
7863;Ghoy;Belgique
7823;Gibecq;Belgique
2275;Gierle;Belgique
8691;Gijverinkhove;Belgique
9308;Gijzegem;Belgique
8570;Gijzelbrechtegem;Belgique
9860;Gijzenzele;Belgique
6060;Gilly (Charleroi);Belgique
5680;Gimnée;Belgique
3890;Gingelom;Belgique
8470;Gistel;Belgique
8830;Gits;Belgique
7041;Givry;Belgique
1473;Glabais;Belgique
3380;Glabbeek(Zuurbemde);Belgique
4000;Glain;Belgique
4400;Gleixhe;Belgique
1315;Glimes;Belgique
4690;Glons;Belgique
5680;Gochenée;Belgique
7160;Godarville;Belgique
5530;Godinne;Belgique
9620;Godveerdegem;Belgique
4834;Goé;Belgique
9500;Goeferdinge;Belgique
7040;Goegnies-Chaussée;Belgique
5353;Goesnes;Belgique
3300;Goetsenhoven;Belgique
4140;Gomze-Andoumont;Belgique
7830;Gondregnies;Belgique
5660;Gonrieux;Belgique
9090;Gontrode;Belgique
1755;Gooik;Belgique
3803;Gorsem;Belgique
3840;Gors-Opleeuw;Belgique
6041;Gosselies;Belgique
3840;Gotem;Belgique
9800;Gottem;Belgique
7070;Gottignies;Belgique
6280;Gougnies;Belgique
5651;Gourdinne;Belgique
6030;Goutroux;Belgique
6670;Gouvy;Belgique
6181;Gouy-lez-Piéton;Belgique
6534;Gozée;Belgique
4460;Grâce-Berleur;Belgique
4460;Grâce-Hollogne;Belgique
5555;Graide;Belgique
9800;Grammene;Belgique
4300;Grand-Axhe;Belgique
7973;Grandglise;Belgique
4280;Grand-Hallet;Belgique
6698;Grand-Halleux;Belgique
6940;Grandhan;Belgique
5031;Grand-Leez;Belgique
5030;Grand-Manil;Belgique
6960;Grandmenil;Belgique
7900;Grandmetz;Belgique
4650;Grand-Rechain;Belgique
6560;Grand-Reng;Belgique
6470;Grandrieu;Belgique
1367;Grand-Rosière-Hottomont;Belgique
4360;Grandville;Belgique
6840;Grandvoir;Belgique
6840;Grapfontaine;Belgique
7830;Graty;Belgique
5640;Graux;Belgique
3450;Grazen;Belgique
9200;Grembergen;Belgique
1390;Grez-Doiceau;Belgique
1850;Grimbergen;Belgique
9506;Grimminge;Belgique
4030;Grivegnée (Liège);Belgique
2280;Grobbendonk;Belgique
1702;Groot-Bijgaarden;Belgique
3800;Groot-Gelmen;Belgique
3840;Groot-Loon;Belgique
7950;Grosage;Belgique
5555;Gros-Fays;Belgique
3990;Grote-Brogel;Belgique
9620;Grotenberge;Belgique
3740;Grote-Spouwen;Belgique
3670;Gruitrode;Belgique
6952;Grune;Belgique
6927;Grupont;Belgique
7620;Guignies;Belgique
3723;Guigoven;Belgique
6704;Guirsch;Belgique
8560;Gullegem;Belgique
3870;Gutschoven;Belgique
3150;Haacht;Belgique
9450;Haaltert;Belgique
9120;Haasdonk;Belgique
3053;Haasrode;Belgique
6720;Habay;Belgique
6720;Habay-la-Neuve;Belgique
6723;Habay-la-Vieille;Belgique
6782;Habergy;Belgique
4684;Haccourt;Belgique
6720;Hachy;Belgique
7911;Hacquegnies;Belgique
5351;Haillot;Belgique
7100;Haine-Saint-Paul;Belgique
7100;Haine-Saint-Pierre;Belgique
7350;Hainin;Belgique
3300;Hakendover;Belgique
6792;Halanzy;Belgique
3545;Halen;Belgique
2220;Hallaar;Belgique
1500;Halle;Belgique
2980;Halle (Kempen);Belgique
3440;Halle-Booienhoven;Belgique
6986;Halleux;Belgique
6922;Halma;Belgique
3800;Halmaal;Belgique
5340;Haltinne;Belgique
3945;Ham;Belgique
6840;Hamipré;Belgique
1785;Hamme (Bt.);Belgique
9220;Hamme (O.-Vl.);Belgique
1320;Hamme-Mille;Belgique
4180;Hamoir;Belgique
5360;Hamois;Belgique
3930;Hamont;Belgique
3930;Hamont-Achel;Belgique
6990;Hampteau;Belgique
6120;Ham-sur-Heure;Belgique
6120;Ham-sur-Heure/Nalinnes;Belgique
5190;Ham-sur-Sambre;Belgique
8610;Handzame;Belgique
4357;Haneffe;Belgique
4210;Hannêche;Belgique
4280;Hannut;Belgique
5310;Hanret;Belgique
9850;Hansbeke;Belgique
5580;Han-sur-Lesse;Belgique
6560;Hantes-Wihéries;Belgique
5621;Hanzinelle;Belgique
5621;Hanzinne;Belgique
7321;Harchies;Belgique
8530;Harelbeke;Belgique
3840;Haren (Borgloon);Belgique
3700;Haren (Tongeren);Belgique
6900;Hargimont;Belgique
7022;Harmignies;Belgique
6767;Harnoncourt;Belgique
6960;Harre;Belgique
6950;Harsin;Belgique
7022;Harveng;Belgique
4920;Harzé;Belgique
3500;Hasselt;Belgique
5540;Hastière;Belgique
5540;Hastière-Lavaux;Belgique
5541;Hastière-par-Delà;Belgique
6870;Hatrival;Belgique
7120;Haulchin;Belgique
4730;Hauset;Belgique
6929;Haut-Fays;Belgique
1461;Haut-Ittre;Belgique
5537;Haut-le-Wastia;Belgique
7334;Hautrage;Belgique
7041;Havay;Belgique
5370;Havelange;Belgique
5590;Haversin;Belgique
7531;Havinnes;Belgique
7021;Havré;Belgique
3940;Hechtel;Belgique
5543;Heer;Belgique
3870;Heers;Belgique
3740;Hees;Belgique
8551;Heestert;Belgique
2801;Heffen;Belgique
1670;Heikruis;Belgique
2830;Heindonk;Belgique
6700;Heinsch;Belgique
8301;Heist-aan-Zee;Belgique
2220;Heist-Op-Den-Berg;Belgique
1790;Hekelgem;Belgique
3870;Heks;Belgique
8587;Helchin;Belgique
3530;Helchteren;Belgique
9450;Heldergem;Belgique
1357;Hélécine;Belgique
3440;Helen-Bos;Belgique
8587;Helkijn;Belgique
7830;Hellebecq;Belgique
9571;Hemelveerdegem;Belgique
2620;Hemiksem;Belgique
5380;Hemptinne (Fernelmont);Belgique
5620;Hemptinne-lez-Florennes;Belgique
3840;Hendrieken;Belgique
3700;Henis;Belgique
7090;Hennuyères;Belgique
4841;Henri-Chapelle;Belgique
7090;Henripont;Belgique
7350;Hensies;Belgique
3971;Heppen;Belgique
4771;Heppenbach;Belgique
6220;Heppignies;Belgique
6887;Herbeumont;Belgique
7050;Herchies;Belgique
3770;Herderen;Belgique
9310;Herdersem;Belgique
3020;Herent;Belgique
2200;Herentals;Belgique
2270;Herenthout;Belgique
1540;Herfelingen;Belgique
4728;Hergenrath;Belgique
7742;Hérinnes-lez-Pecq;Belgique
3540;Herk-de-Stad;Belgique
4681;Hermalle-sous-Argenteau;Belgique
4480;Hermalle-sous-Huy;Belgique
4680;Hermée;Belgique
5540;Hermeton-sur-Meuse;Belgique
1540;Herne;Belgique
4217;Héron;Belgique
7911;Herquegies;Belgique
7712;Herseaux;Belgique
2230;Herselt;Belgique
4040;Herstal;Belgique
3717;Herstappe;Belgique
7522;Hertain;Belgique
3831;Herten;Belgique
8020;Hertsberge;Belgique
4650;Herve;Belgique
9550;Herzele;Belgique
8501;Heule;Belgique
5377;Heure (Nam.);Belgique
4682;Heure-le-Romain;Belgique
9700;Heurne;Belgique
3550;Heusden (Limb.);Belgique
9070;Heusden (O.-Vl.);Belgique
3550;Heusden-Zolder;Belgique
4802;Heusy;Belgique
3191;Hever;Belgique
3001;Heverlee;Belgique
1435;Hévillers;Belgique
6941;Heyd;Belgique
9550;Hillegem;Belgique
2880;Hingene;Belgique
5380;Hingeon;Belgique
6984;Hives;Belgique
2660;Hoboken (Antwerpen);Belgique
4351;Hodeige;Belgique
6987;Hodister;Belgique
4162;Hody;Belgique
3320;Hoegaarden;Belgique
1560;Hoeilaart;Belgique
8340;Hoeke;Belgique
3746;Hoelbeek;Belgique
3471;Hoeleden;Belgique
3840;Hoepertingen;Belgique
3730;Hoeselt;Belgique
2940;Hoevenen;Belgique
1981;Hofstade (Bt.);Belgique
9308;Hofstade (O.-Vl.);Belgique
5377;Hogne;Belgique
4342;Hognoul;Belgique
7620;Hollain;Belgique
6637;Hollange;Belgique
8902;Hollebeke;Belgique
4460;Hollogne-aux-Pierres;Belgique
4250;Hollogne-sur-Geer;Belgique
3220;Holsbeek;Belgique
2811;Hombeek;Belgique
4852;Hombourg;Belgique
6640;Hompré;Belgique
6780;Hondelange;Belgique
5570;Honnay;Belgique
7387;Honnelles;Belgique
8830;Hooglede;Belgique
8690;Hoogstade;Belgique
2320;Hoogstraten;Belgique
9667;Horebeke;Belgique
4460;Horion-Hozémont;Belgique
7301;Hornu;Belgique
3870;Horpmaal;Belgique
7060;Horrues;Belgique
6990;Hotton;Belgique
6724;Houdemont;Belgique
7110;Houdeng-Aimeries;Belgique
7110;Houdeng-Goegnies;Belgique
5575;Houdremont;Belgique
6660;Houffalize;Belgique
5563;Hour;Belgique
4671;Housse;Belgique
7812;Houtaing;Belgique
1476;Houtain-le-Val;Belgique
4682;Houtain-Saint-Siméon;Belgique
8377;Houtave;Belgique
8630;Houtem (W.-Vl.);Belgique
3530;Houthalen;Belgique
3530;Houthalen-Helchteren;Belgique
7781;Houthem (Comines);Belgique
8650;Houthulst;Belgique
2235;Houtvenne;Belgique
3390;Houwaart;Belgique
5530;Houx;Belgique
5560;Houyet;Belgique
2540;Hove;Belgique
7830;Hoves (Ht.);Belgique
7624;Howardries;Belgique
4520;Huccorgne;Belgique
9750;Huise;Belgique
7950;Huissignies;Belgique
1654;Huizingen;Belgique
3040;Huldenberg;Belgique
2235;Hulshout;Belgique
5560;Hulsonniaux;Belgique
8531;Hulste;Belgique
6900;Humain;Belgique
1851;Humbeek;Belgique
9630;Hundelgem;Belgique
1367;Huppaye;Belgique
4500;Huy;Belgique
7022;Hyon;Belgique
8480;Ichtegem;Belgique
9472;Iddergem;Belgique
9506;Idegem;Belgique
8900;Ieper;Belgique
9340;Impe;Belgique
1315;Incourt;Belgique
8770;Ingelmunster;Belgique
8570;Ingooigem;Belgique
7801;Irchonwelz;Belgique
7822;Isières;Belgique
5032;Isnes;Belgique
2222;Itegem;Belgique
1701;Itterbeek;Belgique
1460;Ittre;Belgique
4400;Ivoz-Ramet;Belgique
1050;Ixelles;Belgique
8870;Izegem;Belgique
6810;Izel;Belgique
8691;Izenberge;Belgique
6941;Izier;Belgique
8490;Jabbeke;Belgique
4845;Jalhay;Belgique
5354;Jallet;Belgique
5600;Jamagne;Belgique
5100;Jambes (Namur);Belgique
5600;Jamiolle;Belgique
6120;Jamioulx;Belgique
6810;Jamoigne;Belgique
1350;Jandrain-Jandrenouille;Belgique
1350;Jauche;Belgique
1370;Jauchelette;Belgique
5570;Javingue;Belgique
4540;Jehay;Belgique
6880;Jehonville;Belgique
7012;Jemappes;Belgique
5580;Jemelle;Belgique
4101;Jemeppe-sur-Meuse;Belgique
5190;Jemeppe-sur-Sambre;Belgique
4357;Jeneffe (Lg.);Belgique
5370;Jeneffe (Nam.);Belgique
3840;Jesseren;Belgique
1090;Jette;Belgique
3890;Jeuk;Belgique
1370;Jodoigne;Belgique
1370;Jodoigne-Souveraine;Belgique
7620;Jollain-Merlin;Belgique
6280;Joncret;Belgique
4650;Julémont;Belgique
6040;Jumet (Charleroi);Belgique
4020;Jupille-sur-Meuse;Belgique
4450;Juprelle;Belgique
7050;Jurbise;Belgique
6642;Juseret;Belgique
8600;Kaaskerke;Belgique
8870;Kachtem;Belgique
3293;Kaggevinne;Belgique
7540;Kain (Tournai);Belgique
9270;Kalken;Belgique
9120;Kallo (Beveren-Waas);Belgique
9130;Kallo (Kieldrecht);Belgique
2920;Kalmthout;Belgique
1910;Kampenhout;Belgique
8700;Kanegem;Belgique
3770;Kanne;Belgique
2950;Kapellen (Antw.);Belgique
3381;Kapellen (Bt.);Belgique
1880;Kapelle-op-den-Bos;Belgique
9970;Kaprijke;Belgique
8572;Kaster;Belgique
2460;Kasterlee;Belgique
3950;Kaulille;Belgique
3140;Keerbergen;Belgique
8600;Keiem;Belgique
4720;Kelmis;Belgique
4367;Kemexhe;Belgique
8956;Kemmel;Belgique
9190;Kemzeke;Belgique
8581;Kerkhove;Belgique
3370;Kerkom;Belgique
3800;Kerkom-bij-Sint-Truiden;Belgique
9451;Kerksken;Belgique
3510;Kermt;Belgique
3840;Kerniel;Belgique
3472;Kersbeek-Miskom;Belgique
2560;Kessel;Belgique
3010;Kessel-Lo;Belgique
3640;Kessenich;Belgique
1755;Kester;Belgique
4701;Kettenis;Belgique
5060;Keumiée;Belgique
9130;Kieldrecht (Beveren);Belgique
3640;Kinrooi;Belgique
3990;Kleine-Brogel;Belgique
3740;Kleine-Spouwen;Belgique
3870;Klein-Gelmen;Belgique
8420;Klemskerke;Belgique
8650;Klerken;Belgique
9690;Kluisbergen;Belgique
9940;Kluizen;Belgique
9910;Knesselare;Belgique
8300;Knokke;Belgique
8300;Knokke-Heist;Belgique
1730;Kobbegem;Belgique
8680;Koekelare;Belgique
1081;Koekelberg;Belgique
3582;Koersel;Belgique
8670;Koksijde;Belgique
3840;Kolmont (Borgloon);Belgique
3700;Kolmont (Tongeren);Belgique
7780;Komen;Belgique
7780;Komen-Waasten;Belgique
2500;Koningshooikt;Belgique
3700;Koninksem;Belgique
2550;Kontich;Belgique
8510;Kooigem;Belgique
8000;Koolkerke;Belgique
8851;Koolskamp;Belgique
3060;Korbeek-Dijle;Belgique
3360;Korbeek-Lo;Belgique
8610;Kortemark;Belgique
3470;Kortenaken;Belgique
3070;Kortenberg;Belgique
3720;Kortessem;Belgique
3890;Kortijs;Belgique
8500;Kortrijk;Belgique
3220;Kortrijk-Dutsel;Belgique
3850;Kozen;Belgique
1950;Kraainem;Belgique
8972;Krombeke;Belgique
9150;Kruibeke;Belgique
9770;Kruishoutem;Belgique
3300;Kumtich;Belgique
3511;Kuringen;Belgique
3840;Kuttekoven;Belgique
8520;Kuurne;Belgique
3945;Kwaadmechelen;Belgique
9690;Kwaremont;Belgique
7080;La Bouverie;Belgique
4720;La Calamine;Belgique
7611;La Glanerie;Belgique
4987;La Gleize;Belgique
7170;La Hestre;Belgique
1310;La Hulpe;Belgique
7100;La Louvière;Belgique
4910;La Reid;Belgique
6980;La Roche-en-Ardenne;Belgique
3400;Laar;Belgique
9270;Laarne;Belgique
6567;Labuissière;Belgique
6821;Lacuisine;Belgique
7950;Ladeuze;Belgique
1020;Laeken;Belgique
5550;Laforêt;Belgique
7890;Lahamaide;Belgique
7522;Lamain;Belgique
4800;Lambermont;Belgique
6220;Lambusart;Belgique
4350;Lamine;Belgique
4210;Lamontzée;Belgique
6767;Lamorteau;Belgique
8600;Lampernisse;Belgique
3620;Lanaken;Belgique
4600;Lanaye;Belgique
9850;Landegem;Belgique
6111;Landelies;Belgique
3400;Landen;Belgique
5300;Landenne;Belgique
9860;Landskouter;Belgique
5651;Laneffe;Belgique
3201;Langdorp;Belgique
8920;Langemark;Belgique
8920;Langemark-Poelkapelle;Belgique
3650;Lanklaar;Belgique
7800;Lanquesaint;Belgique
4450;Lantin;Belgique
4300;Lantremange;Belgique
7622;Laplaigne;Belgique
8340;Lapscheure;Belgique
1380;Lasne;Belgique
1380;Lasne-Chapelle-St-Lambert;Belgique
1370;Lathuy;Belgique
4261;Latinne;Belgique
6761;Latour;Belgique
3700;Lauw;Belgique
8930;Lauwe;Belgique
6681;Lavacherie;Belgique
5580;Lavaux-Sainte-Anne;Belgique
4217;Lavoir;Belgique
5670;Le Mesnil;Belgique
7070;Le Roeulx;Belgique
5070;Le Roux;Belgique
9280;Lebbeke;Belgique
1320;L'Ecluse;Belgique
9340;Lede;Belgique
9050;Ledeberg (Gent);Belgique
8880;Ledegem;Belgique
3061;Leefdaal;Belgique
1755;Leerbeek;Belgique
6142;Leernes;Belgique
6530;Leers-et-Fosteau;Belgique
7730;Leers-Nord;Belgique
2811;Leest;Belgique
9620;Leeuwergem;Belgique
8432;Leffinge;Belgique
6860;Léglise;Belgique
5590;Leignon;Belgique
8691;Leisele;Belgique
8600;Leke;Belgique
1502;Lembeek;Belgique
9971;Lembeke;Belgique
9820;Lemberge;Belgique
8860;Lendelede;Belgique
1750;Lennik;Belgique
7870;Lens;Belgique
4280;Lens-Saint-Remy;Belgique
4250;Lens-Saint-Servais;Belgique
4360;Lens-sur-Geer;Belgique
3970;Leopoldsburg;Belgique
4560;Les Avins;Belgique
6811;Les Bulles;Belgique
6830;Les Hayons;Belgique
4317;Les Waleffes;Belgique
6464;L'Escaillère;Belgique
7621;Lesdain;Belgique
7860;Lessines;Belgique
5580;Lessive;Belgique
6953;Lesterny;Belgique
5170;Lesve;Belgique
7850;Lettelingen;Belgique
9521;Letterhoutem;Belgique
6500;Leugnies;Belgique
9700;Leupegem;Belgique
3630;Leut;Belgique
3000;Leuven;Belgique
5310;Leuze (Nam.);Belgique
7900;Leuze-en-Hainaut;Belgique
6500;Leval-Chaudeville;Belgique
7134;Leval-Trahegnies;Belgique
6238;Liberchies;Belgique
6890;Libin;Belgique
6800;Libramont-Chevigny;Belgique
2460;Lichtaart;Belgique
8810;Lichtervelde;Belgique
1770;Liedekerke;Belgique
9400;Lieferinge;Belgique
4000;Liège 1;Belgique
4020;Liège 2;Belgique
2500;Lier;Belgique
9570;Lierde;Belgique
4990;Lierneux;Belgique
5310;Liernu;Belgique
4042;Liers;Belgique
2870;Liezele;Belgique
7812;Ligne;Belgique
4254;Ligney;Belgique
5140;Ligny;Belgique
2275;Lille;Belgique
2040;Lillo;Belgique
1428;Lillois-Witterzée;Belgique
1300;Limal;Belgique
4830;Limbourg;Belgique
1342;Limelette;Belgique
6670;Limerlé;Belgique
4357;Limont;Belgique
4287;Lincent;Belgique
3210;Linden;Belgique
1630;Linkebeek;Belgique
3560;Linkhout;Belgique
1357;Linsmeau;Belgique
2547;Lint;Belgique
3350;Linter;Belgique
2890;Lippelo;Belgique
5501;Lisogne;Belgique
8380;Lissewege;Belgique
5101;Lives-sur-Meuse;Belgique
4600;Lixhe;Belgique
8647;Lo;Belgique
6540;Lobbes;Belgique
9080;Lochristi;Belgique
6042;Lodelinsart;Belgique
2990;Loenhout;Belgique
8958;Loker;Belgique
9160;Lokeren;Belgique
3545;Loksbergen;Belgique
8434;Lombardsijde;Belgique
7870;Lombise;Belgique
3920;Lommel;Belgique
4783;Lommersweiler;Belgique
6463;Lompret;Belgique
6924;Lomprez;Belgique
4431;Loncin;Belgique
1840;Londerzeel;Belgique
6688;Longchamps (Lux.);Belgique
5310;Longchamps (Nam.);Belgique
6840;Longlier;Belgique
1325;Longueville;Belgique
6600;Longvilly;Belgique
4710;Lontzen;Belgique
5030;Lonzée;Belgique
3040;Loonbeek;Belgique
8210;Loppem;Belgique
4987;Lorcé;Belgique
8647;Lo-Reninge;Belgique
1651;Lot;Belgique
9880;Lotenhulle;Belgique
5575;Louette-Saint-Denis;Belgique
5575;Louette-Saint-Pierre;Belgique
1471;Loupoigne;Belgique
1348;Louvain-la-Neuve;Belgique
4920;Louveigné (Aywaille);Belgique
4141;Louveigné (Sprimont);Belgique
9920;Lovendegem;Belgique
3360;Lovenjoel;Belgique
6280;Loverval;Belgique
5101;Loyers;Belgique
3210;Lubbeek;Belgique
7700;Luingne;Belgique
3560;Lummen;Belgique
5170;Lustin;Belgique
6238;Luttre;Belgique
L121;LUXEMBOURG (BEGGEN);Belgique
9680;Maarkedal;Belgique
9680;Maarke-Kerkem;Belgique
3680;Maaseik;Belgique
3630;Maasmechelen;Belgique
6663;Mabompré;Belgique
1830;Machelen (Bt);Belgique
9870;Machelen (O.-Vl.);Belgique
6591;Macon;Belgique
6593;Macquenoise;Belgique
5374;Maffe;Belgique
7810;Maffle;Belgique
4623;Magnée;Belgique
5330;Maillen;Belgique
7812;Mainvault;Belgique
7020;Maisières;Belgique
6852;Maissin;Belgique
5300;Maizeret;Belgique
3700;Mal;Belgique
9990;Maldegem;Belgique
1840;Malderen;Belgique
6960;Malempré;Belgique
1360;Malèves-Ste-Marie-Wastines;Belgique
2390;Malle;Belgique
4960;Malmédy;Belgique
5020;Malonne;Belgique
5575;Malvoisin;Belgique
7170;Manage;Belgique
4760;Manderfeld;Belgique
6960;Manhay;Belgique
8433;Mannekensvere;Belgique
1380;Maransart;Belgique
1495;Marbais (Bt.);Belgique
6120;Marbaix (Ht.);Belgique
6900;Marche-en-Famenne;Belgique
5024;Marche-les-Dames;Belgique
7190;Marche-lez-Ecaussinnes;Belgique
6030;Marchienne-au-Pont;Belgique
4570;Marchin;Belgique
7387;Marchipont;Belgique
5380;Marchovelette;Belgique
6001;Marcinelle;Belgique
6987;Marcourt;Belgique
7850;Marcq;Belgique
6990;Marenne;Belgique
9030;Mariakerke (Gent);Belgique
2880;Mariekerke (Bornem);Belgique
5660;Mariembourg;Belgique
1350;Marilles;Belgique
7850;Mark;Belgique
8510;Marke (Kortrijk);Belgique
8720;Markegem;Belgique
4210;Marneffe;Belgique
7522;Marquain;Belgique
6630;Martelange;Belgique
3742;Martenslinde;Belgique
5573;Martouzin-Neuville;Belgique
6953;Masbourg;Belgique
7020;Masnuy-Saint-Jean (Mons);Belgique
7050;Masnuy-Saint-Pierre;Belgique
7050;Masnuy-St-Jean (Jurbise);Belgique
9230;Massemen;Belgique
2240;Massenhoven;Belgique
5680;Matagne-la-Grande;Belgique
5680;Matagne-la-Petite;Belgique
9700;Mater;Belgique
7640;Maubray;Belgique
7534;Maulde;Belgique
7110;Maurage;Belgique
5670;Mazée;Belgique
1745;Mazenzele;Belgique
5032;Mazy;Belgique
5372;Méan;Belgique
2800;Mechelen;Belgique
3630;Mechelen-aan-de-Maas;Belgique
3870;Mechelen-Bovelingen;Belgique
4219;Meeffe;Belgique
3391;Meensel-Kiezegem;Belgique
2321;Meer;Belgique
3078;Meerbeek;Belgique
9402;Meerbeke;Belgique
9170;Meerdonk;Belgique
2450;Meerhout;Belgique
2328;Meerle;Belgique
3630;Meeswijk;Belgique
8377;Meetkerke;Belgique
3670;Meeuwen;Belgique
3670;Meeuwen-Gruitrode;Belgique
5310;Mehaigne;Belgique
9800;Meigem;Belgique
9630;Meilegem;Belgique
1860;Meise;Belgique
6769;Meix-devant-Virton;Belgique
6747;Meix-le-Tige;Belgique
9700;Melden;Belgique
3320;Meldert (Bt.);Belgique
3560;Meldert (Limb.);Belgique
9310;Meldert (O.-Vl.);Belgique
4633;Melen;Belgique
1370;Mélin;Belgique
3350;Melkwezer;Belgique
9090;Melle;Belgique
1495;Mellery;Belgique
7540;Melles;Belgique
6211;Mellet;Belgique
6860;Mellier;Belgique
1820;Melsbroek;Belgique
9120;Melsele;Belgique
9820;Melsen;Belgique
4837;Membach;Belgique
5550;Membre;Belgique
3770;Membruggen;Belgique
9042;Mendonk;Belgique
8930;Menen;Belgique
6567;Merbes-le-Château;Belgique
6567;Merbes-Sainte-Marie;Belgique
1785;Merchtem;Belgique
4280;Merdorp;Belgique
9420;Mere;Belgique
9820;Merelbeke;Belgique
9850;Merendree;Belgique
8650;Merkem;Belgique
2170;Merksem (Antwerpen);Belgique
2330;Merksplas;Belgique
5600;Merlemont;Belgique
8957;Mesen;Belgique
7822;Meslin-l'Evêque;Belgique
5560;Mesnil-Eglise;Belgique
5560;Mesnil-Saint-Blaise;Belgique
9200;Mespelare;Belgique
6780;Messancy;Belgique
3272;Messelbroek;Belgique
8957;Messines;Belgique
7022;Mesvin;Belgique
3870;Mettekoven;Belgique
5640;Mettet;Belgique
8760;Meulebeke;Belgique
5081;Meux;Belgique
7942;Mévergnies-lez-Lens;Belgique
4770;Meyrode;Belgique
9660;Michelbeke;Belgique
4630;Micheroux;Belgique
9992;Middelburg;Belgique
8430;Middelkerke;Belgique
5376;Miécret;Belgique
3891;Mielen-boven-Aalst;Belgique
7070;Mignault;Belgique
3770;Millen;Belgique
4041;Milmort;Belgique
2322;Minderhout;Belgique
6870;Mirwart;Belgique
4577;Modave;Belgique
3790;Moelingen;Belgique
8552;Moen;Belgique
9500;Moerbeke;Belgique
9180;Moerbeke-Waas;Belgique
8470;Moere;Belgique
8340;Moerkerke;Belgique
9220;Moerzeke;Belgique
7700;Moeskroen;Belgique
4520;Moha;Belgique
5361;Mohiville;Belgique
5060;Moignelée;Belgique
6800;Moircy;Belgique
2400;Mol;Belgique
7760;Molenbaix;Belgique
1080;Molenbeek-Saint-Jean;Belgique
3461;Molenbeek-Wersbeek;Belgique
3640;Molenbeersel;Belgique
3294;Molenstede;Belgique
1730;Mollem;Belgique
4350;Momalle;Belgique
6590;Momignies;Belgique
5555;Monceau-en-Ardenne;Belgique
6592;Monceau-Imbrechies;Belgique
6031;Monceau-sur-Sambre;Belgique
7000;Mons;Belgique
4400;Mons-lez-Liège;Belgique
1400;Monstreux;Belgique
6661;Mont (Lux.);Belgique
5530;Mont (Nam.);Belgique
6470;Montbliart;Belgique
7750;Mont-de-l'Enclus;Belgique
4420;Montegnée;Belgique
3890;Montenaken;Belgique
5580;Mont-Gauthier;Belgique
7870;Montignies-lez-Lens;Belgique
6560;Montignies-St-Christophe;Belgique
7387;Montignies-sur-Roc;Belgique
6061;Montignies-sur-Sambre;Belgique
6110;Montigny-le-Tilleul;Belgique
6674;Montleban;Belgique
7911;Montroeul-au-Bois;Belgique
7350;Montroeul-sur-Haine;Belgique
1367;Mont-Saint-André;Belgique
7542;Mont-Saint-Aubert;Belgique
7141;Mont-Sainte-Aldegonde;Belgique
6540;Mont-Sainte-Geneviève;Belgique
1435;Mont-Saint-Guibert;Belgique
6032;Mont-sur-Marchienne;Belgique
4850;Montzen;Belgique
9310;Moorsel;Belgique
8560;Moorsele;Belgique
8890;Moorslede;Belgique
9860;Moortsele;Belgique
3740;Mopertingen;Belgique
9790;Moregem;Belgique
4850;Moresnet;Belgique
6640;Morhet;Belgique
5621;Morialmé;Belgique
2200;Morkhoven;Belgique
7140;Morlanwelz;Belgique
7140;Morlanwelz-Mariemont;Belgique
6997;Mormont;Belgique
5190;Mornimont;Belgique
4670;Mortier;Belgique
4607;Mortroux;Belgique
2640;Mortsel;Belgique
5620;Morville;Belgique
3790;Mouland;Belgique
7812;Moulbaix;Belgique
7543;Mourcourt;Belgique
7700;Mouscron;Belgique
7911;Moustier (Ht.);Belgique
5190;Moustier-sur-Sambre;Belgique
5550;Mouzaive;Belgique
4280;Moxhe;Belgique
5340;Mozet;Belgique
3891;Muizen (Limb.);Belgique
2812;Muizen (Mechelen);Belgique
9700;Mullem;Belgique
9630;Munkzwalm;Belgique
6820;Muno;Belgique
3740;Munsterbilzen;Belgique
9820;Munte;Belgique
6750;Musson;Belgique
6750;Mussy-la-Ville;Belgique
4190;My;Belgique
7062;Naast;Belgique
6660;Nadrin;Belgique
5550;Nafraiture;Belgique
6120;Nalinnes;Belgique
5300;Namêche;Belgique
5000;Namur;Belgique
4550;Nandrin;Belgique
5100;Naninne;Belgique
5555;Naomé;Belgique
6950;Nassogne;Belgique
5360;Natoye;Belgique
9810;Nazareth;Belgique
7730;Néchin;Belgique
1120;Neder-over-Heembeek;Belgique
9500;Nederboelare;Belgique
9660;Nederbrakel;Belgique
9700;Nederename;Belgique
9400;Nederhasselt;Belgique
1910;Nederokkerzeel;Belgique
9636;Nederzwalm-Hermelgem;Belgique
3670;Neerglabbeek;Belgique
3620;Neerharen;Belgique
3350;Neerhespen;Belgique
1357;Neerheylissem;Belgique
3040;Neerijse;Belgique
3404;Neerlanden;Belgique
3350;Neerlinter;Belgique
3680;Neeroeteren;Belgique
3910;Neerpelt;Belgique
3700;Neerrepen;Belgique
3370;Neervelp;Belgique
7784;Neerwaasten;Belgique
3400;Neerwinden;Belgique
9403;Neigem;Belgique
3700;Nerem;Belgique
4870;Nessonvaux;Belgique
1390;Nethen;Belgique
5377;Nettinne;Belgique
6840;Neufchâteau;Belgique
4608;Neufchâteau (Lg.);Belgique
7332;Neufmaison;Belgique
7063;Neufvilles;Belgique
4721;Neu-Moresnet;Belgique
4120;Neupré;Belgique
5600;Neuville (Philippeville);Belgique
4121;Neuville-en-Condroz;Belgique
9850;Nevele;Belgique
2845;Niel;Belgique
3668;Niel-bij-As;Belgique
3890;Niel-bij-Sint-Truiden;Belgique
9506;Nieuwenhove;Belgique
1880;Nieuwenrode;Belgique
9320;Nieuwerkerken (Aalst);Belgique
3850;Nieuwerkerken (Limb.);Belgique
8600;Nieuwkapelle;Belgique
8950;Nieuwkerke;Belgique
9100;Nieuwkerken-Waas;Belgique
8377;Nieuwmunster;Belgique
8620;Nieuwpoort;Belgique
3221;Nieuwrode;Belgique
2560;Nijlen;Belgique
1457;Nil-St-Vincent-St-Martin;Belgique
7020;Nimy (Mons);Belgique
9400;Ninove;Belgique
5670;Nismes;Belgique
1400;Nivelles;Belgique
5680;Niverlée;Belgique
6640;Nives;Belgique
6717;Nobressart;Belgique
1320;Nodebais;Belgique
1350;Noduwez;Belgique
7080;Noirchain;Belgique
6831;Noirefontaine;Belgique
5377;Noiseux;Belgique
9771;Nokere;Belgique
6851;Nollevaux;Belgique
2200;Noorderwijk;Belgique
8647;Noordschote;Belgique
1930;Nossegem;Belgique
6717;Nothomb;Belgique
7022;Nouvelles;Belgique
4347;Noville (Lg.);Belgique
6600;Noville (Lux.);Belgique
5380;Noville-les-Bois;Belgique
5310;Noville-sur-Méhaigne;Belgique
9681;Nukerke;Belgique
6230;Obaix;Belgique
7743;Obigies;Belgique
7034;Obourg;Belgique
6890;Ochamps;Belgique
4560;Ocquier;Belgique
6960;Odeigne;Belgique
4367;Odeur;Belgique
8730;Oedelem;Belgique
8800;Oekene;Belgique
2520;Oelegem;Belgique
8690;Oeren;Belgique
8720;Oeselgem;Belgique
1755;Oetingen;Belgique
7911;Oeudeghien;Belgique
2260;Oevel;Belgique
6850;Offagne;Belgique
7862;Ogy;Belgique
1380;Ohain;Belgique
5350;Ohey;Belgique
5670;Oignies-en-Thiérache;Belgique
1480;Oisquercq;Belgique
5555;Oizy;Belgique
9400;Okegem;Belgique
2250;Olen;Belgique
4300;Oleye;Belgique
7866;Ollignies;Belgique
5670;Olloy-sur-Viroin;Belgique
2491;Olmen;Belgique
4877;Olne;Belgique
9870;Olsene;Belgique
4252;Omal;Belgique
4540;Ombret;Belgique
5600;Omezée;Belgique
6900;On;Belgique
5520;Onhaye;Belgique
9500;Onkerzele;Belgique
7387;Onnezies;Belgique
5190;Onoz;Belgique
1760;Onze-Lieve-Vrouw-Lombeek;Belgique
2861;Onze-Lieve-Vrouw-Waver;Belgique
8710;Ooigem;Belgique
9700;Ooike (Oudenaarde);Belgique
9790;Ooike (Wortegem-Petegem);Belgique
9520;Oomb.(St-Lievens-Houtem);Belgique
9620;Oombergen (Zottegem);Belgique
3300;Oorbeek;Belgique
9340;Oordegem;Belgique
9041;Oostakker;Belgique
8670;Oostduinkerke;Belgique
9968;Oosteeklo;Belgique
8400;Oostende;Belgique
9860;Oosterzele;Belgique
3945;Oostham;Belgique
8020;Oostkamp;Belgique
8340;Oostkerke (Damme);Belgique
8600;Oostkerke (Diksmuide);Belgique
2390;Oostmalle;Belgique
8840;Oostnieuwkerke;Belgique
8780;Oostrozebeke;Belgique
8640;Oostvleteren;Belgique
9931;Oostwinkel;Belgique
9660;Opbrakel;Belgique
9255;Opdorp;Belgique
3660;Opglabbeek;Belgique
3630;Opgrimbie;Belgique
1421;Ophain-Bois-Seigneur-Isaac;Belgique
9500;Ophasselt;Belgique
3870;Opheers;Belgique
1357;Opheylissem;Belgique
3640;Ophoven;Belgique
3960;Opitter;Belgique
3300;Oplinter;Belgique
3680;Opoeteren;Belgique
6852;Opont;Belgique
1315;Opprebais;Belgique
2890;Oppuurs;Belgique
3360;Opvelp;Belgique
1745;Opwijk;Belgique
1360;Orbais;Belgique
5550;Orchimont;Belgique
7501;Orcq;Belgique
3800;Ordingen;Belgique
5640;Oret;Belgique
4360;Oreye;Belgique
6880;Orgeo;Belgique
7802;Ormeignies;Belgique
1350;Orp-Jauche;Belgique
1350;Orp-le-Grand;Belgique
7750;Orroir;Belgique
3350;Orsmaal-Gussenhoven;Belgique
6983;Ortho;Belgique
7804;Ostiches;Belgique
8553;Otegem;Belgique
4210;Oteppe;Belgique
4340;Othée;Belgique
4360;Otrange;Belgique
3040;Ottenburg;Belgique
9420;Ottergem;Belgique
1340;Ottignies;Belgique
9200;Oudegem;Belgique
8600;Oudekapelle;Belgique
9700;Oudenaarde;Belgique
1600;Oudenaken;Belgique
8460;Oudenburg;Belgique
1160;Oudergem;Belgique
3050;Oud-Heverlee;Belgique
2360;Oud-Turnhout;Belgique
4590;Ouffet;Belgique
4102;Ougrée;Belgique
4680;Oupeye;Belgique
9406;Outer;Belgique
3321;Outgaarden;Belgique
4577;Outrelouxhe;Belgique
8582;Outrijve;Belgique
9750;Ouwegem;Belgique
9500;Overboelare;Belgique
3350;Overhespen;Belgique
3090;Overijse;Belgique
9290;Overmere;Belgique
3900;Overpelt;Belgique
3700;Overrepen;Belgique
3400;Overwinden;Belgique
3583;Paal;Belgique
4452;Paifve;Belgique
4560;Pailhe;Belgique
6850;Paliseul;Belgique
1760;Pamel;Belgique
7861;Papignies;Belgique
9661;Parike;Belgique
7500;PARIS;Belgique
8980;Passendale;Belgique
5575;Patignies;Belgique
7340;Pâturages;Belgique
9630;Paulatem;Belgique
7740;Pecq;Belgique
3990;Peer;Belgique
7120;Peissant;Belgique
4287;Pellaines;Belgique
3212;Pellenberg;Belgique
1670;Pepingen;Belgique
4860;Pepinster;Belgique
1820;Perk;Belgique
7640;Péronnes-lez-Antoing;Belgique
7134;Péronnes-lez-Binche;Belgique
7600;Péruwelz;Belgique
8600;Pervijze;Belgique
1360;Perwez;Belgique
5352;Perwez-Haillot;Belgique
5660;Pesche;Belgique
5590;Pessoux;Belgique
9800;Petegem-aan-de-Leie;Belgique
9790;Petegem-aan-de-Schelde;Belgique
5660;Petigny;Belgique
5660;Petite-Chapelle;Belgique
7850;Petit-Enghien;Belgique
5555;Petit-Fays;Belgique
4280;Petit-Hallet;Belgique
4800;Petit-Rechain;Belgique
7090;Petit-Roeulx-lez-Braine;Belgique
7181;Petit-Roeulx-lez-Nivelles;Belgique
6692;Petit-Thier;Belgique
1800;Peutie;Belgique
5600;Philippeville;Belgique
7160;Piéton;Belgique
1370;Piétrain;Belgique
1315;Piètrebais;Belgique
7904;Pipaix;Belgique
3700;Piringen;Belgique
6240;Pironchamps;Belgique
8740;Pittem;Belgique
4122;Plainevaux;Belgique
1380;Plancenoit;Belgique
7782;Ploegsteert;Belgique
4850;Plombières;Belgique
2275;Poederlee;Belgique
9880;Poeke;Belgique
8920;Poelkapelle;Belgique
9850;Poesele;Belgique
9401;Pollare;Belgique
4910;Polleur (Theux);Belgique
4800;Polleur (Verviers);Belgique
8647;Pollinkhove;Belgique
7322;Pommeroeul;Belgique
5574;Pondrôme;Belgique
6230;Pont-à-Celles;Belgique
6250;Pont-de-Loup;Belgique
5380;Pontillas;Belgique
8970;Poperinge;Belgique
2382;Poppel;Belgique
7760;Popuelles;Belgique
6929;Porcheresse (Lux.);Belgique
5370;Porcheresse (Nam.);Belgique
7760;Pottes;Belgique
4280;Poucet;Belgique
4171;Poulseur;Belgique
6830;Poupehan;Belgique
4350;Pousset;Belgique
5660;Presgaux;Belgique
6250;Presles;Belgique
5170;Profondeville;Belgique
8972;Proven;Belgique
5650;Pry;Belgique
2242;Pulderbos;Belgique
2243;Pulle;Belgique
5530;Purnode;Belgique
5550;Pussemange;Belgique
2580;Putte;Belgique
2870;Puurs;Belgique
7390;Quaregnon;Belgique
7540;Quartes;Belgique
1430;Quenast;Belgique
4610;Queue-du-Bois;Belgique
7972;Quevaucamps;Belgique
7040;Quévy-le-Grand;Belgique
7040;Quévy-le-Petit;Belgique
7380;Quiévrain;Belgique
6792;Rachecourt;Belgique
4287;Racour;Belgique
4730;Raeren;Belgique
6532;Ragnies;Belgique
4987;Rahier;Belgique
7971;Ramegnies;Belgique
7520;Ramegnies-Chin;Belgique
4557;Ramelot;Belgique
1367;Ramillies;Belgique
1880;Ramsdonk;Belgique
2230;Ramsel;Belgique
8301;Ramskapelle (Knokke-Heist);Belgique
8620;Ramskapelle (Nieuwpoort);Belgique
6470;Rance;Belgique
6043;Ransart;Belgique
3470;Ransberg;Belgique
2520;Ranst;Belgique
2380;Ravels;Belgique
7804;Rebaix;Belgique
1430;Rebecq;Belgique
1430;Rebecq-Rognon;Belgique
4780;Recht;Belgique
6800;Recogne;Belgique
6890;Redu;Belgique
2840;Reet;Belgique
3621;Rekem;Belgique
8930;Rekkem;Belgique
1731;Relegem;Belgique
6800;Remagne;Belgique
3791;Remersdaal;Belgique
4350;Remicourt;Belgique
9600;Renaix;Belgique
6987;Rendeux;Belgique
8647;Reninge;Belgique
8970;Reningelst;Belgique
6500;Renlies;Belgique
3950;Reppel;Belgique
7134;Ressaix;Belgique
9551;Ressegem;Belgique
6927;Resteigne;Belgique
2470;Retie;Belgique
4621;Retinne;Belgique
4790;Reuland;Belgique
6210;Rèves;Belgique
5080;Rhisnes;Belgique
1640;Rhode-Saint-Genèse;Belgique
4600;Richelle;Belgique
3770;Riemst;Belgique
5575;Rienne;Belgique
6464;Rièzes;Belgique
3840;Rijkel;Belgique
2310;Rijkevorsel;Belgique
3740;Rijkhoven;Belgique
2820;Rijmenam;Belgique
3700;Riksingen;Belgique
3202;Rillaar;Belgique
5170;Rivière;Belgique
1330;Rixensart;Belgique
6460;Robechies;Belgique
6769;Robelmont;Belgique
4950;Robertville;Belgique
9630;Roborst;Belgique
5580;Rochefort;Belgique
6830;Rochehaut;Belgique
4761;Rocherath;Belgique
4690;Roclenge-sur-Geer;Belgique
4000;Rocourt;Belgique
8972;Roesbrugge-Haringe;Belgique
8800;Roeselare;Belgique
5651;Rognée;Belgique
7387;Roisin;Belgique
8460;Roksem;Belgique
8510;Rollegem;Belgique
8880;Rollegem-Kapelle;Belgique
4347;Roloux;Belgique
5600;Roly;Belgique
5600;Romedenne;Belgique
5680;Romerée;Belgique
3730;Romershoven;Belgique
4624;Romsée;Belgique
7623;Rongy;Belgique
7090;Ronquières;Belgique
9600;Ronse;Belgique
9932;Ronsele;Belgique
3370;Roosbeek;Belgique
1760;Roosdaal;Belgique
4012;ROQUEFORT;Belgique
5620;Rosée;Belgique
6250;Roselies;Belgique
1331;Rosières;Belgique
3740;Rosmeer;Belgique
4257;Rosoux-Crenwick;Belgique
6730;Rossignol;Belgique
3650;Rotem;Belgique
4120;Rotheux-Rimière;Belgique
3110;Rotselaar;Belgique
7601;Roucourt;Belgique
7120;Rouveroy (Ht.);Belgique
4140;Rouvreux;Belgique
6767;Rouvroy;Belgique
6044;Roux;Belgique
1315;Roux-Miroir;Belgique
6900;Roy;Belgique
9630;Rozebeke;Belgique
8020;Ruddervoorde;Belgique
6760;Ruette;Belgique
9690;Ruien;Belgique
2870;Ruisbroek (Antw.);Belgique
1601;Ruisbroek (Bt.);Belgique
8755;Ruiselede;Belgique
3870;Rukkelingen-Loon;Belgique
6724;Rulles;Belgique
8800;Rumbeke;Belgique
7610;Rumes;Belgique
7540;Rumillies;Belgique
3454;Rummen;Belgique
3400;Rumsdorp;Belgique
2840;Rumst;Belgique
3803;Runkelen;Belgique
9150;Rupelmonde;Belgique
7750;Russeignies;Belgique
3700;Rutten;Belgique
3798;'s Gravenvoeren;Belgique
2970;'s Gravenwezel;Belgique
3700;'s Herenelderen;Belgique
6221;Saint-Amand;Belgique
4606;Saint-André;Belgique
5620;Saint-Aubin;Belgique
7034;Saint-Denis (Ht.);Belgique
5081;Saint-Denis-Bovesse;Belgique
6820;Sainte-Cécile;Belgique
6800;Sainte-Marie-Chevigny;Belgique
6740;Sainte-Marie-sur-Semois;Belgique
6680;Sainte-Ode;Belgique
1480;Saintes;Belgique
4470;Saint-Georges-sur-Meuse;Belgique
5640;Saint-Gérard;Belgique
5310;Saint-Germain;Belgique
1450;Saint-Géry;Belgique
7330;Saint-Ghislain;Belgique
1060;Saint-Gilles;Belgique
6870;Saint-Hubert;Belgique
1370;Saint-Jean-Geest;Belgique
1210;Saint-Josse-ten-Noode;Belgique
7730;Saint-Léger (Ht.);Belgique
6747;Saint-Léger (Lux.);Belgique
5003;Saint-Marc;Belgique
6762;Saint-Mard;Belgique
5190;Saint-Martin;Belgique
7500;Saint-Maur;Belgique
6887;Saint-Médard;Belgique
4420;Saint-Nicolas (Lg.);Belgique
6800;Saint-Pierre;Belgique
6460;Saint-Remy (Ht.);Belgique
4672;Saint-Remy (Lg.);Belgique
1370;Saint-Remy-Geest;Belgique
7912;Saint-Sauveur;Belgique
5002;Saint-Servais;Belgique
4550;Saint-Séverin;Belgique
7030;Saint-Symphorien;Belgique
7100;Saint-Vaast;Belgique
6730;Saint-Vincent;Belgique
4780;Saint-Vith;Belgique
4671;Saive;Belgique
6460;Salles;Belgique
5600;Samart;Belgique
5060;Sambreville;Belgique
6982;Samrée;Belgique
4780;Sankt Vith;Belgique
7080;Sars-la-Bruyère;Belgique
6542;Sars-la-Buissière;Belgique
5330;Sart-Bernard;Belgique
5575;Sart-Custinne;Belgique
1495;Sart-Dames-Avelines;Belgique
5600;Sart-en-Fagne;Belgique
5070;Sart-Eustache;Belgique
4845;Sart-lez-Spa;Belgique
5070;Sart-Saint-Laurent;Belgique
6470;Sautin;Belgique
5600;Sautour;Belgique
5030;Sauvenière;Belgique
1030;Schaarbeek;Belgique
1030;Schaerbeek;Belgique
3290;Schaffen;Belgique
3732;Schalkhoven;Belgique
5364;Schaltin;Belgique
9820;Schelderode;Belgique
9860;Scheldewindeke;Belgique
2627;Schelle;Belgique
9260;Schellebelle;Belgique
9506;Schendelbeke;Belgique
1703;Schepdaal;Belgique
3270;Scherpenheuvel;Belgique
2970;Schilde;Belgique
4782;Schoenberg;Belgique
4782;Schönberg;Belgique
9200;Schoonaarde;Belgique
8433;Schore;Belgique
9688;Schorisse;Belgique
2900;Schoten;Belgique
2223;Schriek;Belgique
8700;Schuiferskapelle;Belgique
3540;Schulen;Belgique
5300;Sclayn;Belgique
5361;Scy;Belgique
5300;Seilles;Belgique
6781;Sélange;Belgique
6596;Seloignes;Belgique
9890;Semmerzake;Belgique
7180;Seneffe;Belgique
6832;Sensenruth;Belgique
4557;Seny;Belgique
5630;Senzeille;Belgique
6940;Septon;Belgique
4100;Seraing;Belgique
4537;Seraing-le-Château;Belgique
5590;Serinchamps;Belgique
9260;Serskamp;Belgique
5521;Serville;Belgique
6640;Sibret;Belgique
6750;Signeulx;Belgique
8340;Sijsele;Belgique
5630;Silenrieux;Belgique
7830;Silly;Belgique
9112;Sinaai-Waas;Belgique
5377;Sinsin;Belgique
1080;Sint-Agatha-Berchem;Belgique
3040;Sint-Agatha-Rode;Belgique
2890;Sint-Amands;Belgique
9040;Sint-Amandsberg;Belgique
8200;Sint-Andries;Belgique
9550;Sint-Antelinks;Belgique
8710;Sint-Baafs-Vijve;Belgique
9630;Sint-Blasius-Boekel;Belgique
8554;Sint-Denijs;Belgique
9630;Sint-Denijs-Boekel;Belgique
9051;Sint-Denijs-Westrem;Belgique
8793;Sint-Eloois-Vijve;Belgique
8880;Sint-Eloois-Winkel;Belgique
1640;Sint-Genesius-Rode;Belgique
1060;Sint-Gillis;Belgique
9170;Sint-Gillis-Waas;Belgique
9620;Sint-Goriks-Oudenhove;Belgique
3730;Sint-Huibrechts-Hern;Belgique
3910;Sint-Huibrechts-Lille;Belgique
8600;Sint-Jacobs-Kapelle;Belgique
8900;Sint-Jan;Belgique
9982;Sint-Jan-in-Eremo;Belgique
1080;Sint-Jans-Molenbeek;Belgique
2960;Sint-Job-in-'t-Goor;Belgique
1210;Sint-Joost-ten-Node;Belgique
8730;Sint-Joris (Beernem);Belgique
8620;Sint-Joris (Nieuwpoort);Belgique
3051;Sint-Joris-Weert;Belgique
3390;Sint-Joris-Winge;Belgique
2860;Sint-Katelijne-Waver;Belgique
1742;Sint-Katherina-lombeek;Belgique
9667;Sint-Kornelis-Horebeke;Belgique
8310;Sint-Kruis (Brugge);Belgique
9042;Sint-Kruis-Winkel;Belgique
1750;Sint-Kwintens-Lennik;Belgique
3500;Sint-Lambrechts-Herk;Belgique
1200;Sint-Lambrechts-Woluwe;Belgique
9980;Sint-Laureins;Belgique
1600;Sint-Laureins-Berchem;Belgique
2960;Sint-Lenaerts;Belgique
9550;Sint-Lievens-Esse;Belgique
9520;Sint-Lievens-Houtem;Belgique
9981;Sint-Margriete;Belgique
9667;Sint-Maria-Horebeke;Belgique
9630;Sint-Maria-Latem;Belgique
9570;Sint-Maria-Lierde;Belgique
1700;Sint-Martens-Bodegem;Belgique
9830;Sint-Martens-Latem;Belgique
9800;Sint-Martens-Leerne;Belgique
1750;Sint-Martens-Lennik;Belgique
9572;Sint-Martens-Lierde;Belgique
3790;Sint-Martens-Voeren;Belgique
8200;Sint-Michiels;Belgique
9100;Sint-Niklaas;Belgique
9170;Sint-Pauwels;Belgique
1541;Sint-Pieters-Kapelle (Bt.);Belgique
1600;Sint-Pieters-Leeuw;Belgique
3220;Sint-Pieters-Rode;Belgique
3792;Sint-Pieters-Voeren;Belgique
1150;Sint-Pieters-Woluwe;Belgique
8690;Sint-Rijkers;Belgique
1932;Sint-Stevens-Woluwe;Belgique
3800;Sint-Truiden;Belgique
1700;Sint-Ulriks-Kapelle;Belgique
4851;Sippenaeken;Belgique
7332;Sirault;Belgique
6470;Sivry;Belgique
6470;Sivry-Rance;Belgique
9940;Sleidinge;Belgique
8433;Slijpe;Belgique
4450;Slins;Belgique
3700;Sluizen;Belgique
9506;Smeerebbe-Vloerzegem;Belgique
9340;Smetlede;Belgique
6890;Smuid;Belgique
8470;Snaaskerke;Belgique
8490;Snellegem;Belgique
4557;Soheit-Tinlot;Belgique
6920;Sohier;Belgique
7060;Soignies;Belgique
4861;Soiron;Belgique
6500;Solre-Saint-Géry;Belgique
6560;Solre-sur-Sambre;Belgique
5140;Sombreffe;Belgique
5377;Somme-Leuze;Belgique
6769;Sommethonne;Belgique
5523;Sommière;Belgique
5651;Somzée;Belgique
5340;Sorée;Belgique
5333;Sorinne-la-Longue;Belgique
5503;Sorinnes;Belgique
5537;Sosoye;Belgique
4920;Sougné-Remouchamps;Belgique
5680;Soulme;Belgique
4630;Soumagne;Belgique
5630;Soumoy;Belgique
4950;Sourbrodt;Belgique
6182;Souvret;Belgique
5590;Sovet;Belgique
6997;Soy;Belgique
5150;Soye (Nam.);Belgique
4900;Spa;Belgique
3510;Spalbeek;Belgique
7032;Spiennes;Belgique
8587;Spiere;Belgique
8587;Spiere-Helkijn;Belgique
5530;Spontin;Belgique
4140;Sprimont;Belgique
5190;Spy;Belgique
2940;Stabroek;Belgique
8840;Staden;Belgique
8490;Stalhille;Belgique
7973;Stambruges;Belgique
5646;Stave;Belgique
8691;Stavele;Belgique
4970;Stavelot;Belgique
9140;Steendorp;Belgique
1840;Steenhuffel;Belgique
9550;Steenhuize-Wijnhuize;Belgique
8630;Steenkerke (W.-VL.);Belgique
7090;Steenkerque (Ht.);Belgique
1820;Steenokkerzeel;Belgique
9190;Stekene;Belgique
4801;Stembert;Belgique
8400;Stene;Belgique
1933;Sterrebeek;Belgique
3512;Stevoort;Belgique
9200;St-Gillis-bij-Dendermonde;Belgique
3470;St-Margriete (Kortenaken);Belgique
3300;St-Margriete-Houtem(Tien.);Belgique
9660;St-Maria-Oudenhove(Brakel);Belgique
9620;St-Maria-Oudenhove(Zott.);Belgique
3650;Stokkem;Belgique
3511;Stokrooie;Belgique
4987;Stoumont;Belgique
8433;St-Pieters-Kapelle(W.-Vl.);Belgique
6887;Straimont;Belgique
6511;Strée (Ht.);Belgique
4577;Strée-lez-Huy;Belgique
7110;Strépy-Bracquegnies;Belgique
9620;Strijpen;Belgique
1760;Strijtem;Belgique
1853;Strombeek-Bever;Belgique
8600;Stuivekenskerke;Belgique
5020;Suarlée;Belgique
5550;Sugny;Belgique
5600;Surice;Belgique
6812;Suxy;Belgique
6661;Tailles;Belgique
7618;Taintignies;Belgique
5060;Tamines;Belgique
5651;Tarcienne;Belgique
4163;Tavier;Belgique
5310;Taviers (Nam.);Belgique
6662;Tavigny;Belgique
6927;Tellin;Belgique
7520;Templeuve;Belgique
5020;Temploux;Belgique
9140;Temse;Belgique
6970;Tenneville;Belgique
1790;Teralfene;Belgique
2840;Terhagen;Belgique
6813;Termes;Belgique
1740;Ternat;Belgique
7333;Tertre;Belgique
3080;Tervuren;Belgique
4560;Terwagne;Belgique
3980;Tessenderlo;Belgique
3272;Testelt;Belgique
3793;Teuven;Belgique
4910;Theux;Belgique
6717;Thiaumont;Belgique
7070;Thieu;Belgique
7901;Thieulain;Belgique
7061;Thieusies;Belgique
6230;Thiméon;Belgique
4890;Thimister;Belgique
4890;Thimister-Clermont;Belgique
7533;Thimougies;Belgique
1402;Thines;Belgique
6500;Thirimont;Belgique
4280;Thisnes;Belgique
4791;Thommen;Belgique
5300;Thon;Belgique
1360;Thorembais-les-Béguines;Belgique
1360;Thorembais-Saint-Trond;Belgique
7830;Thoricourt;Belgique
6536;Thuillies;Belgique
6530;Thuin;Belgique
7350;Thulin;Belgique
7971;Thumaide;Belgique
5621;Thy-le-Bauduin;Belgique
5651;Thy-le-Château;Belgique
5502;Thynes;Belgique
4367;Thys;Belgique
8573;Tiegem;Belgique
2460;Tielen;Belgique
9140;Tielrode;Belgique
8700;Tielt;Belgique
3390;Tielt (Bt.);Belgique
3300;Tienen;Belgique
4630;Tignée;Belgique
4500;Tihange;Belgique
3150;Tildonk;Belgique
4130;Tilff;Belgique
6680;Tillet;Belgique
4420;Tilleur;Belgique
5380;Tillier;Belgique
1495;Tilly;Belgique
4557;Tinlot;Belgique
6637;Tintange;Belgique
6730;Tintigny;Belgique
2830;Tisselt;Belgique
6700;Toernich;Belgique
6941;Tohogne;Belgique
1570;Tollembeek;Belgique
3700;Tongeren;Belgique
2260;Tongerlo (Antw.);Belgique
3960;Tongerlo (Limb.);Belgique
7951;Tongre-Notre-Dame;Belgique
7950;Tongre-Saint-Martin;Belgique
5140;Tongrinne;Belgique
6717;Tontelange;Belgique
6767;Torgny;Belgique
8820;Torhout;Belgique
4263;Tourinne (Lg.);Belgique
1320;Tourinnes-la-Grosse;Belgique
1457;Tourinnes-Saint-Lambert;Belgique
7500;Tournai;Belgique
6840;Tournay;Belgique
7904;Tourpes;Belgique
6890;Transinne;Belgique
6183;Trazegnies;Belgique
5670;Treignes;Belgique
4670;Trembleur;Belgique
3120;Tremelo;Belgique
7100;Trivières;Belgique
4280;Trognée;Belgique
4980;Trois-Ponts;Belgique
4870;Trooz;Belgique
1480;Tubize;Belgique
2300;Turnhout;Belgique
1180;Uccle;Belgique
6833;Ucimont;Belgique
3631;Uikhoven;Belgique
9290;Uitbergen;Belgique
8370;Uitkerke;Belgique
1180;Ukkel;Belgique
3832;Ulbeek;Belgique
5310;Upigny;Belgique
9910;Ursel;Belgique
3054;Vaalbeek;Belgique
3770;Val-Meer;Belgique
6741;Vance;Belgique
2431;Varendonk;Belgique
8490;Varsenare;Belgique
5680;Vaucelles;Belgique
7536;Vaulx (Tournai);Belgique
6462;Vaulx-lez-Chimay;Belgique
6960;Vaux-Chavanne;Belgique
4530;Vaux-et-Borset;Belgique
6640;Vaux-lez-Rosières;Belgique
4051;Vaux-sous-Chèvremont;Belgique
6640;Vaux-sur-Sûre;Belgique
3870;Vechmaal;Belgique
5020;Vedrin;Belgique
2431;Veerle;Belgique
7760;Velaines;Belgique
5060;Velaine-sur-Sambre;Belgique
8210;Veldegem;Belgique
3620;Veldwezelt;Belgique
7120;Vellereille-les-Brayeux;Belgique
7120;Vellereille-le-Sec;Belgique
3806;Velm;Belgique
4460;Velroux;Belgique
3020;Veltem-Beisem;Belgique
9620;Velzeke-Ruddershove;Belgique
5575;Vencimont;Belgique
6440;Vergnies;Belgique
4537;Verlaine;Belgique
5370;Verlée;Belgique
9130;Verrebroek;Belgique
3370;Vertrijk;Belgique
4800;Verviers;Belgique
6870;Vesqueville;Belgique
3870;Veulen;Belgique
8630;Veurne;Belgique
5300;Vezin;Belgique
7538;Vezon;Belgique
9500;Viane;Belgique
8570;Vichte;Belgique
6690;Vielsalm;Belgique
4317;Viemme;Belgique
2240;Viersel;Belgique
4577;Vierset-Barse;Belgique
5670;Vierves-sur-Viroin;Belgique
6230;Viesville;Belgique
1472;Vieux-Genappe;Belgique
4190;Vieuxville;Belgique
4530;Vieux-Waleffe;Belgique
6890;Villance;Belgique
4260;Ville-en-Hesbaye;Belgique
7322;Ville-Pommeroeul;Belgique
7334;Villerot;Belgique
4161;Villers-aux-Tours;Belgique
5630;Villers-Deux-Eglises;Belgique
6823;Villers-devant-Orval;Belgique
5600;Villers-en-Fagne;Belgique
6600;Villers-la-Bonne-Eau;Belgique
6769;Villers-la-Loue;Belgique
6460;Villers-la-Tour;Belgique
1495;Villers-la-Ville;Belgique
4530;Villers-le-Bouillet;Belgique
5600;Villers-le-Gambon;Belgique
4280;Villers-le-Peuplier;Belgique
4550;Villers-le-Temple;Belgique
4340;Villers-l'Evêque;Belgique
5080;Villers-lez-Heest;Belgique
7812;Villers-Notre-Dame;Belgique
6210;Villers-Perwin;Belgique
6280;Villers-Poterie;Belgique
7812;Villers-Saint-Amand;Belgique
6941;Villers-Sainte-Gertrude;Belgique
7031;Villers-Saint-Ghislain;Belgique
4453;Villers-Saint-Siméon;Belgique
5580;Villers-sur-Lesse;Belgique
6740;Villers-sur-Semois;Belgique
7021;Ville-sur-Haine (Mons);Belgique
7070;Ville-sur-Haine(Le Roeulx);Belgique
1800;Vilvoorde;Belgique
4520;Vinalmont;Belgique
9921;Vinderhoute;Belgique
8630;Vinkem;Belgique
9800;Vinkt;Belgique
6461;Virelles;Belgique
1460;Virginal-Samme;Belgique
5670;Viroinval;Belgique
6760;Virton;Belgique
4600;Visé;Belgique
3300;Vissenaken;Belgique
5070;Vitrival;Belgique
4683;Vivegnis;Belgique
6833;Vivy;Belgique
8600;Vladslo;Belgique
8908;Vlamertinge;Belgique
9420;Vlekkem;Belgique
8640;Vleteren;Belgique
1602;Vlezenbeek;Belgique
3724;Vliermaal;Belgique
3721;Vliermaalroot;Belgique
9520;Vlierzele;Belgique
3770;Vlijtingen;Belgique
2340;Vlimmeren;Belgique
8421;Vlissegem;Belgique
7880;Vloesberg;Belgique
5600;Vodecée;Belgique
5680;Vodelée;Belgique
3790;Voeren;Belgique
5650;Vogenée;Belgique
9700;Volkegem;Belgique
1570;Vollezele;Belgique
5570;Vonêche;Belgique
9400;Voorde;Belgique
8902;Voormezele;Belgique
3840;Voort;Belgique
4347;Voroux-Goreux;Belgique
4451;Voroux-lez-Liers;Belgique
2290;Vorselaar;Belgique
3890;Vorsen;Belgique
1190;Vorst;Belgique
2430;Vorst (Kempen);Belgique
2350;Vosselaar;Belgique
9850;Vosselare;Belgique
3080;Vossem;Belgique
4041;Vottem;Belgique
9120;Vrasene;Belgique
2531;Vremde;Belgique
3700;Vreren;Belgique
5550;Vresse-sur-Semois;Belgique
3770;Vroenhoven;Belgique
3630;Vucht;Belgique
9890;Vurste;Belgique
4570;Vyle-et-Tharoul;Belgique
3473;Waanrode;Belgique
9506;Waarbeke;Belgique
8020;Waardamme;Belgique
2550;Waarloos;Belgique
8581;Waarmaarde;Belgique
9950;Waarschoot;Belgique
3401;Waasmont;Belgique
9250;Waasmunster;Belgique
7784;Waasten;Belgique
9185;Wachtebeke;Belgique
7971;Wadelincourt;Belgique
6223;Wagnelée;Belgique
6900;Waha;Belgique
5377;Waillet;Belgique
4950;Waimes;Belgique
8720;Wakken;Belgique
5650;Walcourt;Belgique
2800;Walem;Belgique
1457;Walhain;Belgique
1457;Walhain-Saint-Paul;Belgique
4711;Walhorn;Belgique
3401;Walsbets;Belgique
3401;Walshoutem;Belgique
3740;Waltwilder;Belgique
1741;Wambeek;Belgique
5570;Wancennes;Belgique
4020;Wandre;Belgique
6224;Wanfercée-Baulet;Belgique
3400;Wange;Belgique
6220;Wangenies;Belgique
5564;Wanlin;Belgique
4980;Wanne;Belgique
7861;Wannebecq;Belgique
9772;Wannegem-Lede;Belgique
4280;Wansin;Belgique
4520;Wanze;Belgique
9340;Wanzele;Belgique
7548;Warchin;Belgique
7740;Warcoing;Belgique
6600;Wardin;Belgique
8790;Waregem;Belgique
4300;Waremme;Belgique
5310;Waret-la-Chaussée;Belgique
4217;Waret-l'Evêque;Belgique
5080;Warisoulx;Belgique
5537;Warnant;Belgique
4530;Warnant-Dreye;Belgique
7784;Warneton;Belgique
7340;Warquignies;Belgique
4608;Warsage;Belgique
4590;Warzée;Belgique
7340;Wasmes;Belgique
7604;Wasmes-Audemez-Briffoeil;Belgique
7390;Wasmuel;Belgique
4219;Wasseiges;Belgique
9988;Waterland-Oudeman;Belgique
1410;Waterloo;Belgique
1170;Watermaal-Bosvoorde;Belgique
1170;Watermael-Boitsfort;Belgique
9988;Watervliet;Belgique
8978;Watou;Belgique
7910;Wattripont;Belgique
7131;Waudrez;Belgique
5540;Waulsort;Belgique
1440;Wauthier-Braine;Belgique
1300;Wavre;Belgique
5580;Wavreille;Belgique
6210;Wayaux;Belgique
1474;Ways;Belgique
3290;Webbekom;Belgique
2275;Wechelderzande;Belgique
2381;Weelde;Belgique
1982;Weerde;Belgique
2880;Weert;Belgique
4860;Wegnez;Belgique
5523;Weillen;Belgique
4950;Weismes;Belgique
9700;Welden;Belgique
4840;Welkenraedt;Belgique
9473;Welle;Belgique
3830;Wellen;Belgique
6920;Wellin;Belgique
1780;Wemmel;Belgique
8420;Wenduine;Belgique
5100;Wépion;Belgique
4190;Werbomont;Belgique
3118;Werchter;Belgique
6940;Wéris;Belgique
8610;Werken;Belgique
3730;Werm;Belgique
8940;Wervik;Belgique
3150;Wespelaar;Belgique
8434;Westende;Belgique
2260;Westerlo;Belgique
8300;Westkapelle;Belgique
8460;Westkerke;Belgique
2390;Westmalle;Belgique
2235;Westmeerbeek;Belgique
8954;Westouter;Belgique
9230;Westrem;Belgique
8840;Westrozebeke;Belgique
8640;Westvleteren;Belgique
9230;Wetteren;Belgique
8560;Wevelgem;Belgique
3111;Wezemaal;Belgique
1970;Wezembeek-Oppem;Belgique
3401;Wezeren;Belgique
7620;Wez-Velvain;Belgique
6666;Wibrin;Belgique
9260;Wichelen;Belgique
3700;Widooie;Belgique
2222;Wiekevorst;Belgique
8710;Wielsbeke;Belgique
5100;Wierde;Belgique
7608;Wiers;Belgique
5571;Wiesme;Belgique
9280;Wieze;Belgique
7370;Wihéries;Belgique
4452;Wihogne;Belgique
3990;Wijchmaal;Belgique
3850;Wijer;Belgique
3018;Wijgmaal (Bt.);Belgique
2110;Wijnegem;Belgique
3670;Wijshagen;Belgique
8953;Wijtschate;Belgique
3803;Wilderen;Belgique
7904;Willaupuis;Belgique
3370;Willebringen;Belgique
2830;Willebroek;Belgique
7506;Willemeau;Belgique
5575;Willerzie;Belgique
2610;Wilrijk (Antwerpen);Belgique
3012;Wilsele;Belgique
8431;Wilskerke;Belgique
3501;Wimmertingen;Belgique
5570;Winenne;Belgique
8750;Wingene;Belgique
3020;Winksele;Belgique
3722;Wintershoven;Belgique
6860;Witry;Belgique
7890;Wodecq;Belgique
8640;Woesten;Belgique
6780;Wolkrange;Belgique
1200;Woluwé-Saint-Lambert;Belgique
1150;Woluwé-Saint-Pierre;Belgique
1861;Wolvertem;Belgique
2160;Wommelgem;Belgique
3350;Wommersom;Belgique
4690;Wonck;Belgique
9032;Wondelgem;Belgique
9800;Wontergem;Belgique
9790;Wortegem;Belgique
9790;Wortegem-Petegem;Belgique
2323;Wortel;Belgique
9550;Woubrechtegem;Belgique
8600;Woumen;Belgique
8670;Wulpen;Belgique
8952;Wulvergem;Belgique
8630;Wulveringem;Belgique
2990;Wuustwezel;Belgique
4652;Xhendelesse;Belgique
4432;Xhendremael;Belgique
4190;Xhoris;Belgique
4550;Yernée-Fraineux;Belgique
5650;Yves-Gomezée;Belgique
5530;Yvoir;Belgique
9080;Zaffelare;Belgique
9506;Zandbergen;Belgique
8680;Zande;Belgique
2240;Zandhoven;Belgique
2040;Zandvliet;Belgique
8400;Zandvoorde (Oostende);Belgique
8980;Zandvoorde (Zonnebeke);Belgique
9500;Zarlardinge;Belgique
8610;Zarren;Belgique
1930;Zaventem;Belgique
8210;Zedelgem;Belgique
8380;Zeebrugge (Brugge);Belgique
9660;Zegelsem;Belgique
9240;Zele;Belgique
3545;Zelem;Belgique
1731;Zellik;Belgique
9060;Zelzate;Belgique
1980;Zemst;Belgique
3800;Zepperen;Belgique
8490;Zerkegem;Belgique
1370;Zétrud-Lumay;Belgique
8470;Zevekote;Belgique
9080;Zeveneken;Belgique
9800;Zeveren;Belgique
9840;Zevergem;Belgique
3271;Zichem;Belgique
3770;Zichen-Zussen-Bolder;Belgique
8902;Zillebeke;Belgique
9750;Zingem;Belgique
2260;Zoerle-Parwijs;Belgique
2980;Zoersel;Belgique
3550;Zolder;Belgique
9930;Zomergem;Belgique
3520;Zonhoven;Belgique
8980;Zonnebeke;Belgique
9520;Zonnegem;Belgique
9620;Zottegem;Belgique
8630;Zoutenaaie;Belgique
3440;Zoutleeuw;Belgique
8904;Zuidschote;Belgique
8377;Zuienkerke;Belgique
9870;Zulte;Belgique
9690;Zulzeke;Belgique
3690;Zutendaal;Belgique
9630;Zwalm;Belgique
8550;Zwevegem;Belgique
8750;Zwevezele;Belgique
9052;Zwijnaarde;Belgique
2070;Zwijndrecht;Belgique