03440;ST HILAIRE;France
11250;ST HILAIRE;France
16300;ST HILAIRE;France
25640;ST HILAIRE;France
31410;ST HILAIRE;France
38660;ST HILAIRE;France
43390;ST HILAIRE;France
91780;ST HILAIRE;France
51400;ST HILAIRE AU TEMPLE;France
46210;ST HILAIRE BESSONIES;France
87260;ST HILAIRE BONNEVAL;France
62120;ST HILAIRE COTTES;France
42380;ST HILAIRE CUSSON LA VALMITTE;France
24140;ST HILAIRE D ESTISSAC;France
30210;ST HILAIRE D OZILHAN;France
34160;ST HILAIRE DE BEAUVOIR;France
38460;ST HILAIRE DE BRENS;France
30560;ST HILAIRE DE BRETHMAS;France
61220;ST HILAIRE DE BRIOUZE;France
44680;ST HILAIRE DE CHALEONS;France
44190;ST HILAIRE DE CLISSON;France
18100;ST HILAIRE DE COURT;France
18320;ST HILAIRE DE GONDILLY;France
38260;ST HILAIRE DE LA COTE;France
33190;ST HILAIRE DE LA NOAILLE;France
48160;ST HILAIRE DE LAVIT;France
85600;ST HILAIRE DE LOULAY;France
47450;ST HILAIRE DE LUSIGNAN;France
85270;ST HILAIRE DE RIEZ;France
85440;ST HILAIRE DE TALMONT;France
17770;ST HILAIRE DE VILLEFRANCHE;France
85120;ST HILAIRE DE VOUST;France
35140;ST HILAIRE DES LANDES;France
85240;ST HILAIRE DES LOGES;France
17500;ST HILAIRE DU BOIS;France
33540;ST HILAIRE DU BOIS;France
49310;ST HILAIRE DU BOIS;France
85410;ST HILAIRE DU BOIS;France
50600;ST HILAIRE DU HARCOUET;France
53380;ST HILAIRE DU MAINE;France
38840;ST HILAIRE DU ROSIER;France
38660;ST HILAIRE DU TOUVET;France
18160;ST HILAIRE EN LIGNIERES;France
58120;ST HILAIRE EN MORVAN;France
55160;ST HILAIRE EN WOEVRE;France
19550;ST HILAIRE FOISSAC;France
58300;ST HILAIRE FONTAINE;France
63440;ST HILAIRE LA CROIX;France
85440;ST HILAIRE LA FORET;France
61500;ST HILAIRE LA GERARD;France
41160;ST HILAIRE LA GRAVELLE;France
79210;ST HILAIRE LA PALUD;France
23150;ST HILAIRE LA PLAINE;France
87190;ST HILAIRE LA TREILLE;France
23250;ST HILAIRE LE CHATEAU;France
61400;ST HILAIRE LE CHATEL;France
51600;ST HILAIRE LE GRAND;France
72160;ST HILAIRE LE LIERRU;France
51490;ST HILAIRE LE PETIT;France
85480;ST HILAIRE LE VOUHIS;France
45320;ST HILAIRE LES ANDRESIS;France
19170;ST HILAIRE LES COURBES;France
63380;ST HILAIRE LES MONGES;France
87800;ST HILAIRE LES PLACES;France
59292;ST HILAIRE LEZ CAMBRAI;France
19160;ST HILAIRE LUC;France
50500;ST HILAIRE PETITVILLE;France
19560;ST HILAIRE PEYROUX;France
63330;ST HILAIRE PRES PIONSAT;France
42190;ST HILAIRE SOUS CHARLIEU;France
10100;ST HILAIRE SOUS ROMILLY;France
49400;ST HILAIRE ST FLORENT;France
45160;ST HILAIRE ST MESMIN;France
36370;ST HILAIRE SUR BENAIZE;France
61340;ST HILAIRE SUR ERRE;France
59440;ST HILAIRE SUR HELPE;France
45700;ST HILAIRE SUR PUISEAUX;France
61270;ST HILAIRE SUR RISLE;France
28220;ST HILAIRE SUR YERRE;France
19400;ST HILAIRE TAURIEUX;France
78125;ST HILARION;France
77160;ST HILLIERS;France
12140;ST HIPPOLYTE;France
15400;ST HIPPOLYTE;France
17430;ST HIPPOLYTE;France
25190;ST HIPPOLYTE;France
33330;ST HIPPOLYTE;France
37600;ST HIPPOLYTE;France
63140;ST HIPPOLYTE;France
66510;ST HIPPOLYTE;France
68590;ST HIPPOLYTE;France
30360;ST HIPPOLYTE DE CATON;France
30700;ST HIPPOLYTE DE MONTAIGU;France
30170;ST HIPPOLYTE DU FORT;France
84330;ST HIPPOLYTE LE GRAVEYRON;France
38350;ST HONORE;France
76590;ST HONORE;France
58360;ST HONORE LES BAINS;France
43260;ST HOSTIEN;France
57640;ST HUBERT;France
78690;ST HUBERT LE ROI;France
71460;ST HURUGE;France
14130;ST HYMER;France
39240;ST HYMETIERE;France
22570;ST IGEAUX;France
12260;ST IGEST;France
31800;ST IGNAN;France
63720;ST IGNAT;France
22270;ST IGNEUC;France
71170;ST IGNY DE ROCHE;France
69790;ST IGNY DE VERS;France
15310;ST ILLIDE;France
78980;ST ILLIERS LA VILLE;France
78980;ST ILLIERS LE BOIS;France
43380;ST ILPIZE;France
58240;ST IMBERT;France
51160;ST IMOGES;France
62250;ST INGLEVERT;France
06200;ST ISIDORE;France
53940;ST ISLE;France
38330;ST ISMIER;France
12480;ST IZAIRE;France
04330;ST JACQUES;France
76510;ST JACQUES D ALIERMONT;France
63230;ST JACQUES D AMBUR;France
07340;ST JACQUES D ATTICIEUX;France
35136;ST JACQUES DE LA LANDE;France
50390;ST JACQUES DE NEHOU;France
79100;ST JACQUES DE THOUARS;France
69860;ST JACQUES DES ARRETS;France
15580;ST JACQUES DES BLATS;France
41800;ST JACQUES DES GUERETS;France
05800;ST JACQUES EN VALGODEMARD;France
76160;ST JACQUES SUR DARNETAL;France
22750;ST JACUT DE LA MER;France
22330;ST JACUT DU MENE;France
56220;ST JACUT LES PINS;France
19700;ST JAL;France
50240;ST JAMES;France
64160;ST JAMMES;France
59270;ST JANS CAPPEL;France
31240;ST JEAN;France
58270;ST JEAN AUX AMOGNES;France
08220;ST JEAN AUX BOIS;France
60350;ST JEAN AUX BOIS;France
42650;ST JEAN BONNEFONDS;France
56660;ST JEAN BREVELAY;France
06230;ST JEAN CAP FERRAT;France
07240;ST JEAN CHAMBRE;France
09300;ST JEAN D AIGUES VIVES;France
12250;ST JEAN D ALCAPIES;France
17400;ST JEAN D ANGELY;France
17620;ST JEAN D ANGLE;France
69220;ST JEAN D ARDIERES;France
73530;ST JEAN D ARVES;France
73230;ST JEAN D ARVEY;France
72380;ST JEAN D ASSE;France
24190;ST JEAN D ATAUX;France
43500;ST JEAN D AUBRIGOUX;France
74430;ST JEAN D AULPS;France
38480;ST JEAN D AVELANNE;France
24140;ST JEAN D ESTISSAC;France
39160;ST JEAN D ETREUX;France
24140;ST JEAN D EYRAUD;France
38710;ST JEAN D HERANS;France
63190;ST JEAN D HEURS;France
33127;ST JEAN D ILLAC;France
88210;ST JEAN D ORMONT;France
11360;ST JEAN DE BARROU;France
57930;ST JEAN DE BASSEL;France
91940;ST JEAN DE BEAUREGARD;France
73440;ST JEAN DE BELLEVILLE;France
85210;ST JEAN DE BEUGNE;France
33420;ST JEAN DE BLAIGNAC;France
21410;ST JEAN DE BOEUF;France
44640;ST JEAN DE BOISEAU;France
10320;ST JEAN DE BONNEVAL;France
38440;ST JEAN DE BOURNAY;France
45800;ST JEAN DE BRAYE;France
34380;ST JEAN DE BUEGES;France
30360;ST JEAN DE CEYRARGUES;France
73170;ST JEAN DE CHEVELU;France
24800;ST JEAN DE COLE;France
44650;ST JEAN DE CORCOUE;France
34160;ST JEAN DE CORNIES;France
73160;ST JEAN DE COUZ;France
30610;ST JEAN DE CRIEULON;France
34270;ST JEAN DE CUCULLES;France
50620;ST JEAN DE DAYE;France
47120;ST JEAN DE DURAS;France
76170;ST JEAN DE FOLLEVILLE;France
34150;ST JEAN DE FOS;France
01630;ST JEAN DE GONVILLE;France
34700;ST JEAN DE LA BLAQUIERE;France
49130;ST JEAN DE LA CROIX;France
61340;ST JEAN DE LA FORET;France
50300;ST JEAN DE LA HAIZE;France
27560;ST JEAN DE LA LEQUERAYE;France
72510;ST JEAN DE LA MOTTE;France
76210;ST JEAN DE LA NEUVILLE;France
73250;ST JEAN DE LA PORTE;France
50270;ST JEAN DE LA RIVIERE;France
45140;ST JEAN DE LA RUELLE;France
46260;ST JEAN DE LAUR;France
40380;ST JEAN DE LIER;France
49070;ST JEAN DE LINIERES;France
17170;ST JEAN DE LIVERSAY;France
14100;ST JEAN DE LIVET;France
21170;ST JEAN DE LOSNE;France
64500;ST JEAN DE LUZ;France
81350;ST JEAN DE MARCEL;France
40230;ST JEAN DE MARSACQ;France
30430;ST JEAN DE MARUEJOLS ET AVEJAN;France
73300;ST JEAN DE MAURIENNE;France
34360;ST JEAN DE MINERVOIS;France
38430;ST JEAN DE MOIRANS;France
85160;ST JEAN DE MONTS;France
07300;ST JEAN DE MUZOLS;France
43320;ST JEAN DE NAY;France
01800;ST JEAN DE NIOST;France
11260;ST JEAN DE PARACOL;France
07140;ST JEAN DE POURCHARESSE;France
28170;ST JEAN DE REBERVILLIERS;France
81500;ST JEAN DE RIVES;France
86330;ST JEAN DE SAUVES;France
50680;ST JEAN DE SAVIGNY;France
30350;ST JEAN DE SERRES;France
74450;ST JEAN DE SIXT;France
38110;ST JEAN DE SOUDAIN;France
74250;ST JEAN DE THOLOME;France
79100;ST JEAN DE THOUARS;France
47270;ST JEAN DE THURAC;France
01390;ST JEAN DE THURIGNEUX;France
69700;ST JEAN DE TOUSLAS;France
71490;ST JEAN DE TREZY;France
30960;ST JEAN DE VALERISCLE;France
81210;ST JEAN DE VALS;France
38220;ST JEAN DE VAULX;France
71640;ST JEAN DE VAUX;France
34430;ST JEAN DE VEDAS;France
09000;ST JEAN DE VERGES;France
12170;ST JEAN DELNOUS;France
50810;ST JEAN DES BAISANTS;France
61800;ST JEAN DES BOIS;France
50320;ST JEAN DES CHAMPS;France
72320;ST JEAN DES ECHELLES;France
14350;ST JEAN DES ESSARTIERS;France
49320;ST JEAN DES MAUVRETS;France
63520;ST JEAN DES OLLIERES;France
69380;ST JEAN DES VIGNES;France
51330;ST JEAN DEVANT POSSESSE;France
72430;ST JEAN DU BOIS;France
82120;ST JEAN DU BOUZET;France
12230;ST JEAN DU BRUEL;France
76150;ST JEAN DU CARDONNAY;France
09800;ST JEAN DU CASTILLONNAIS;France
50140;ST JEAN DU CORAIL;France
50370;ST JEAN DU CORAIL DES BOIS;France
29630;ST JEAN DU DOIGT;France
09100;ST JEAN DU FALGA;France
30270;ST JEAN DU GARD;France
88600;ST JEAN DU MARCHE;France
30140;ST JEAN DU PIN;France
27270;ST JEAN DU THENNEY;France
26190;ST JEAN EN ROYANS;France
63490;ST JEAN EN VAL;France
12250;ST JEAN ET ST PAUL;France
41160;ST JEAN FROIDMENTEL;France
22170;ST JEAN KERDANIEL;France
57370;ST JEAN KOURTZERODE;France
69550;ST JEAN LA BUSSIERE;France
48170;ST JEAN LA FOUILLOUSE;France
56350;ST JEAN LA POTERIE;France
06450;ST JEAN LA RIVIERE;France
42440;ST JEAN LA VETRE;France
43510;ST JEAN LACHALM;France
46400;ST JEAN LAGINESTE;France
66300;ST JEAN LASSEILLE;France
14770;ST JEAN LE BLANC;France
45650;ST JEAN LE BLANC;France
07580;ST JEAN LE CENTENIER;France
32550;ST JEAN LE COMTAL;France
71000;ST JEAN LE PRICHE;France
50530;ST JEAN LE THOMAS;France
01640;ST JEAN LE VIEUX;France
38420;ST JEAN LE VIEUX;France
64220;ST JEAN LE VIEUX;France
55400;ST JEAN LES BUZY;France
77660;ST JEAN LES DEUX JUMEAUX;France
54260;ST JEAN LES LONGUYON;France
46400;ST JEAN LESPINASSE;France
31380;ST JEAN LHERM;France
87260;ST JEAN LIGOURE;France
46270;ST JEAN MIRABEL;France
64220;ST JEAN PIED DE PORT;France
28400;ST JEAN PIERRE FIXTE;France
66490;ST JEAN PLA DE CORTS;France
22170;ST JEAN PLELO;France
64330;ST JEAN POUDGE;France
32190;ST JEAN POUTGE;France
57510;ST JEAN ROHRBACH;France
07160;ST JEAN ROURE;France
67700;ST JEAN SAVERNE;France
42560;ST JEAN SOLEYMIEUX;France
37600;ST JEAN ST GERMAIN;France
63570;ST JEAN ST GERVAIS;France
42155;ST JEAN ST MAURICE SUR LOIRE;France
05260;ST JEAN ST NICOLAS;France
35140;ST JEAN SUR COUESNON;France
53270;ST JEAN SUR ERVE;France
53240;ST JEAN SUR MAYENNE;France
51240;ST JEAN SUR MOIVRE;France
01560;ST JEAN SUR REYSSOUZE;France
51600;ST JEAN SUR TOURBE;France
01290;ST JEAN SUR VEYLE;France
35220;ST JEAN SUR VILAINE;France
29120;ST JEAN TROLIMON;France
04270;ST JEANNET;France
06640;ST JEANNET;France
18370;ST JEANVRIN;France
74490;ST JEOIRE;France
73190;ST JEOIRE PRIEURE;France
07320;ST JEURE D ANDAURE;France
07290;ST JEURE D AY;France
43200;ST JEURES;France
44720;ST JOACHIM;France
42590;ST JODARD;France
55130;ST JOIRE;France
50250;ST JORES;France
74410;ST JORIOZ;France
31790;ST JORY;France
24800;ST JORY DE CHALAIS;France
24160;ST JORY LAS BLOUX;France
42800;ST JOSEPH;France
50700;ST JOSEPH;France
38134;ST JOSEPH DE RIVIERE;France
07530;ST JOSEPH DES BANCS;France
62170;ST JOSSE;France
22350;ST JOUAN DE L ISLE;France
35430;ST JOUAN DES GUERETS;France
14430;ST JOUIN;France
76280;ST JOUIN BRUNEVAL;France
61360;ST JOUIN DE BLAVOU;France
79600;ST JOUIN DE MARNES;France
79380;ST JOUIN DE MILLY;France
87510;ST JOUVENT;France
25360;ST JUAN;France
22630;ST JUDOCE;France
12550;ST JUERY;France
48310;ST JUERY;France
81160;ST JUERY;France
85210;ST JUIRE CHAMPGILLON;France
31540;ST JULIA;France
11500;ST JULIA DE BEC;France
21490;ST JULIEN;France
22940;ST JULIEN;France
31220;ST JULIEN;France
34390;ST JULIEN;France
39320;ST JULIEN;France
69640;ST JULIEN;France
70120;ST JULIEN;France
83560;ST JULIEN;France
88410;ST JULIEN;France
19220;ST JULIEN AUX BOIS;France
33250;ST JULIEN BEYCHEVELLE;France
07310;ST JULIEN BOUTIERES;France
43260;ST JULIEN CHAPTEUIL;France
43500;ST JULIEN D ANCE;France
40240;ST JULIEN D ARMAGNAC;France
48400;ST JULIEN D ARPAON;France
04270;ST JULIEN D ASSE;France
24500;ST JULIEN D EYMET;France
42260;ST JULIEN D ODDES;France
24310;ST JULIEN DE BOURDEILLES;France
11270;ST JULIEN DE BRIOLA;France
30500;ST JULIEN DE CASSAGNAS;France
41400;ST JULIEN DE CHEDON;France
71610;ST JULIEN DE CIVRY;France
44450;ST JULIEN DE CONCELLES;France
63160;ST JULIEN DE COPPEL;France
24140;ST JULIEN DE CREMPSE;France
09500;ST JULIEN DE GRAS CAPOU;France
71110;ST JULIEN DE JONZY;France
15590;ST JULIEN DE JORDANNE;France
17400;ST JULIEN DE L ESCAP;France
38122;ST JULIEN DE L HERMS;France
27600;ST JULIEN DE LA LIEGUE;France
30440;ST JULIEN DE LA NEF;France
24370;ST JULIEN DE LAMPON;France
14290;ST JULIEN DE MAILLOC;France
30760;ST JULIEN DE PEYROLAS;France
38134;ST JULIEN DE RAZ;France
15600;ST JULIEN DE TOURSAC;France
44670;ST JULIEN DE VOUVANTES;France
43300;ST JULIEN DES CHAZES;France
85150;ST JULIEN DES LANDES;France
48160;ST JULIEN DES POINTS;France
07190;ST JULIEN DU GUA;France
43200;ST JULIEN DU PINET;France
81440;ST JULIEN DU PUY;France
89330;ST JULIEN DU SAULT;France
07200;ST JULIEN DU SERRE;France
53110;ST JULIEN DU TERROUX;France
48190;ST JULIEN DU TOURNEL;France
04170;ST JULIEN DU VERDON;France
05140;ST JULIEN EN BEAUCHENE;France
40170;ST JULIEN EN BORN;France
05500;ST JULIEN EN CHAMPSAUR;France
74160;ST JULIEN EN GENEVOIS;France
42400;ST JULIEN EN JAREZ;France
26150;ST JULIEN EN QUINT;France
07000;ST JULIEN EN ST ALBAN;France
26420;ST JULIEN EN VERCORS;France
81340;ST JULIEN GAULENE;France
86800;ST JULIEN L ARS;France
63390;ST JULIEN LA GENESTE;France
23110;ST JULIEN LA GENETE;France
42440;ST JULIEN LA VETRE;France
07160;ST JULIEN LABROUSSE;France
23130;ST JULIEN LE CHATEL;France
14140;ST JULIEN LE FAUCON;France
19430;ST JULIEN LE PELERIN;France
87460;ST JULIEN LE PETIT;France
07240;ST JULIEN LE ROUX;France
19210;ST JULIEN LE VENDOMOIS;France
54470;ST JULIEN LES GORZE;France
57070;ST JULIEN LES METZ;France
25550;ST JULIEN LES MONTBELIARD;France
30340;ST JULIEN LES ROSIERS;France
25210;ST JULIEN LES RUSSEY;France
10800;ST JULIEN LES VILLAS;France
19500;ST JULIEN MAUMONT;France
43220;ST JULIEN MOLHESABATE;France
42220;ST JULIEN MOLIN MOLETTE;France
73870;ST JULIEN MONT DENIS;France
19110;ST JULIEN PRES BORT;France
63820;ST JULIEN PUY LAVEZE;France
55200;ST JULIEN SOUS LES COTES;France
69690;ST JULIEN SUR BIBOST;France
14130;ST JULIEN SUR CALONNE;France
41320;ST JULIEN SUR CHER;France
71210;ST JULIEN SUR DHEUNE;France
01560;ST JULIEN SUR REYSSOUZE;France
61170;ST JULIEN SUR SARTHE;France
01540;ST JULIEN SUR VEYLE;France
07690;ST JULIEN VOCANCE;France
87200;ST JUNIEN;France
23400;ST JUNIEN LA BREGERE;France
87300;ST JUNIEN LES COMBES;France
57420;ST JURE;France
04410;ST JURS;France
01250;ST JUST;France
15390;ST JUST;France
18340;ST JUST;France
24320;ST JUST;France
27950;ST JUST;France
34400;ST JUST;France
35550;ST JUST;France
63600;ST JUST;France
38540;ST JUST CHALEYSSIN;France
07700;ST JUST D ARDECHE;France
69870;ST JUST D AVRAY;France
11240;ST JUST DE BELENGARD;France
38680;ST JUST DE CLAIX;France
42136;ST JUST EN BAS;France
77370;ST JUST EN BRIE;France
60130;ST JUST EN CHAUSSEE;France
42430;ST JUST EN CHEVALET;France
11500;ST JUST ET LE BEZU;France
30580;ST JUST ET VACQUIERES;France
64120;ST JUST IBARRE;France
42540;ST JUST LA PENDUE;France
87590;ST JUST LE MARTEL;France
17320;ST JUST LUZAC;France
43240;ST JUST MALMONT;France
43100;ST JUST PRES BRIOUDE;France
51260;ST JUST SAUVAGE;France
42170;ST JUST ST RAMBERT;France
49260;ST JUST SUR DIVE;France
42170;ST JUST SUR LOIRE;France
18000;ST JUST SUR VIAUR;France
12170;ST JUST SUR VIAUR;France
32230;ST JUSTIN;France
40240;ST JUSTIN;France
22630;ST JUVAT;France
08250;ST JUVIN;France
36500;ST LACTENCIN;France
69220;ST LAGER;France
07210;ST LAGER BRESSAC;France
39230;ST LAMAIN;France
14570;ST LAMBERT;France
78470;ST LAMBERT DES BOIS;France
49400;ST LAMBERT DES LEVEES;France
49750;ST LAMBERT DU LATTAY;France
08130;ST LAMBERT ET MONT DE JEUX;France
49070;ST LAMBERT LA POTHERIE;France
61160;ST LAMBERT SUR DIVE;France
61400;ST LANGIS LES MORTAGNE;France
65700;ST LANNE;France
86200;ST LAON;France
09800;ST LARY;France
32360;ST LARY;France
31350;ST LARY BOUJEAN;France
65170;ST LARY SOULAN;France
38840;ST LATTIER;France
22230;ST LAUNEUC;France
63350;ST LAURE;France
08090;ST LAURENT;France
18330;ST LAURENT;France
22140;ST LAURENT;France
23000;ST LAURENT;France
31230;ST LAURENT;France
47130;ST LAURENT;France
74800;ST LAURENT;France
62223;ST LAURENT BLANGY;France
64160;ST LAURENT BRETAGNE;France
43100;ST LAURENT CHABREUGES;France
69440;ST LAURENT D AGNY;France
30220;ST LAURENT D AIGOUZE;France
71210;ST LAURENT D ANDENAY;France
33240;ST LAURENT D ARCE;France
69620;ST LAURENT D OINGT;France
12560;ST LAURENT D OLT;France
26350;ST LAURENT D ONAY;France
16190;ST LAURENT DE BELZAGOT;France
76700;ST LAURENT DE BREVEDENT;France
30200;ST LAURENT DE CARNOLS;France
66260;ST LAURENT DE CERDANS;France
16450;ST LAURENT DE CERIS;France
69930;ST LAURENT DE CHAMOUSSET;France
16100;ST LAURENT DE COGNAC;France
14220;ST LAURENT DE CONDEL;France
50670;ST LAURENT DE CUVES;France
40390;ST LAURENT DE GOSSE;France
86410;ST LAURENT DE JOURDES;France
17380;ST LAURENT DE LA BARRIERE;France
11220;ST LAURENT DE LA CABRERISSE;France
22190;ST LAURENT DE LA MER;France
49290;ST LAURENT DE LA PLAINE;France
17450;ST LAURENT DE LA PREE;France
66250;ST LAURENT DE LA SALANQUE;France
85410;ST LAURENT DE LA SALLE;France
12620;ST LAURENT DE LEVEZOU;France
37330;ST LAURENT DE LIN;France
69720;ST LAURENT DE MURE;France
48100;ST LAURENT DE MURET;France
65150;ST LAURENT DE NESTE;France
50111;ST LAURENT DE TERREGATTE;France
48400;ST LAURENT DE TREVES;France
69670;ST LAURENT DE VAUX;France
48310;ST LAURENT DE VEYRES;France
30126;ST LAURENT DES ARBRES;France
49270;ST LAURENT DES AUTELS;France
24510;ST LAURENT DES BATONS;France
27220;ST LAURENT DES BOIS;France
41240;ST LAURENT DES BOIS;France
16480;ST LAURENT DES COMBES;France
33330;ST LAURENT DES COMBES;France
24400;ST LAURENT DES HOMMES;France
53290;ST LAURENT DES MORTIERS;France
24100;ST LAURENT DES VIGNES;France
33540;ST LAURENT DU BOIS;France
05500;ST LAURENT DU CROS;France
14340;ST LAURENT DU MONT;France
49410;ST LAURENT DU MOTTAY;France
07800;ST LAURENT DU PAPE;France
33190;ST LAURENT DU PLAN;France
38380;ST LAURENT DU PONT;France
27390;ST LAURENT DU TENCEMENT;France
06700;ST LAURENT DU VAR;France
04500;ST LAURENT DU VERDON;France
38350;ST LAURENT EN BEAUMONT;France
71800;ST LAURENT EN BRIONNAIS;France
76560;ST LAURENT EN CAUX;France
37380;ST LAURENT EN GATINES;France
39150;ST LAURENT EN GRANDVAUX;France
26190;ST LAURENT EN ROYANS;France
58150;ST LAURENT L ABBAYE;France
42210;ST LAURENT LA CONCHE;France
28210;ST LAURENT LA GATINE;France
39570;ST LAURENT LA ROCHE;France
24170;ST LAURENT LA VALLEE;France
30330;ST LAURENT LA VERNEDE;France
30440;ST LAURENT LE MINIER;France
07590;ST LAURENT LES BAINS;France
87340;ST LAURENT LES EGLISES;France
46400;ST LAURENT LES TOURS;France
46800;ST LAURENT LOLMIE;France
33112;ST LAURENT MEDOC;France
41220;ST LAURENT NOUAN;France
42130;ST LAURENT ROCHEFORT;France
07170;ST LAURENT SOUS COIRON;France
87310;ST LAURENT SUR GORRE;France
24330;ST LAURENT SUR MANOIRE;France
14710;ST LAURENT SUR MER;France
55150;ST LAURENT SUR OTHAIN;France
56140;ST LAURENT SUR OUST;France
01750;ST LAURENT SUR SAONE;France
85290;ST LAURENT SUR SEVRE;France
79160;ST LAURS;France
06260;ST LEGER;France
16250;ST LEGER;France
17800;ST LEGER;France
47160;ST LEGER;France
50320;ST LEGER;France
53480;ST LEGER;France
62128;ST LEGER;France
73220;ST LEGER;France
77510;ST LEGER;France
60170;ST LEGER AUX BOIS;France
76340;ST LEGER AUX BOIS;France
23300;ST LEGER BRIDEREIX;France
33113;ST LEGER DE BALSON;France
58120;ST LEGER DE FOUGERET;France
79500;ST LEGER DE LA MARTINIERE;France
86120;ST LEGER DE MONTBRILLAIS;France
79100;ST LEGER DE MONTBRUN;France
48100;ST LEGER DE PEYRE;France
27300;ST LEGER DE ROTES;France
28700;ST LEGER DES AUBEES;France
49170;ST LEGER DES BOIS;France
35270;ST LEGER DES PRES;France
58300;ST LEGER DES VIGNES;France
71360;ST LEGER DU BOIS;France
76160;ST LEGER DU BOURG DENIS;France
27520;ST LEGER DU GENNETEY;France
48140;ST LEGER DU MALZIEU;France
84390;ST LEGER DU VENTOUX;France
14430;ST LEGER DUBOSQ;France
60155;ST LEGER EN BRAY;France
78610;ST LEGER EN YVELINES;France
87340;ST LEGER LA MONTAGNE;France
23000;ST LEGER LE GUERETOIS;France
18140;ST LEGER LE PETIT;France
80560;ST LEGER LES AUTHIE;France
80780;ST LEGER LES DOMART;France
05260;ST LEGER LES MELEZES;France
71600;ST LEGER LES PARAY;France
44710;ST LEGER LES VIGNES;France
87190;ST LEGER MAGNAZEIX;France
10800;ST LEGER PRES TROYES;France
71990;ST LEGER SOUS BEUVRAY;France
10500;ST LEGER SOUS BRIENNE;France
49280;ST LEGER SOUS CHOLET;France
71520;ST LEGER SOUS LA BUSSIERE;France
10330;ST LEGER SOUS MARGERIE;France
27210;ST LEGER SUR BONNEVILLE;France
80140;ST LEGER SUR BRESLE;France
71510;ST LEGER SUR DHEUNE;France
42155;ST LEGER SUR ROANNE;France
61170;ST LEGER SUR SARTHE;France
03130;ST LEGER SUR VOUZANCE;France
21270;ST LEGER TRIEY;France
89630;ST LEGER VAUBAN;France
86290;ST LEOMER;France
03220;ST LEON;France
31560;ST LEON;France
33670;ST LEON;France
47160;ST LEON;France
24560;ST LEON D ISSIGEAC;France
24110;ST LEON SUR L ISLE;France
24290;ST LEON SUR VEZERE;France
32380;ST LEONARD;France
51500;ST LEONARD;France
62360;ST LEONARD;France
76400;ST LEONARD;France
88650;ST LEONARD;France
87400;ST LEONARD DE NOBLAT;France
72590;ST LEONARD DES BOIS;France
61390;ST LEONARD DES PARCS;France
41370;ST LEONARD EN BEAUCE;France
12780;ST LEONS;France
03160;ST LEOPARDIN D AUGY;France
56430;ST LERY;France
60340;ST LEU D ESSERENT;France
95320;ST LEU LA FORET;France
65500;ST LEZER;France
49120;ST LEZIN;France
81120;ST LIEUX LAFENASSE;France
81500;ST LIEUX LES LAVAUR;France
79000;ST LIGUAIRE;France
79420;ST LIN;France
04330;ST LIONS;France
09190;ST LIZIER;France
32220;ST LIZIER DU PLANTE;France
50000;ST LO;France
50580;ST LO D OURVILLE;France
40300;ST LON LES MINES;France
72600;ST LONGIS;France
22130;ST LORMEL;France
39230;ST LOTHAIN;France
32220;ST LOUBE;France
33210;ST LOUBERT;France
33450;ST LOUBES;France
40320;ST LOUBOUER;France
14310;ST LOUET SUR SEULLES;France
50420;ST LOUET SUR VIRE;France
57820;ST LOUIS;France
68300;ST LOUIS;France
33440;ST LOUIS DE MONTFERRAND;France
24400;ST LOUIS EN L ISLE;France
11500;ST LOUIS ET PARAHOU;France
68300;ST LOUIS LA CHAUSSEE;France
57620;ST LOUIS LES BITCHE;France
03150;ST LOUP;France
17380;ST LOUP;France
23130;ST LOUP;France
28360;ST LOUP;France
39120;ST LOUP;France
41320;ST LOUP;France
50300;ST LOUP;France
51120;ST LOUP;France
58200;ST LOUP;France
69490;ST LOUP;France
82340;ST LOUP;France
31140;ST LOUP CAMMAS;France
08300;ST LOUP CHAMPAGNE;France
89330;ST LOUP D ORDON;France
10100;ST LOUP DE BUFFIGNY;France
14340;ST LOUP DE FRIBOIS;France
45210;ST LOUP DE GONOIS;France
71133;ST LOUP DE LA SALLE;France
77650;ST LOUP DE NAUD;France
71240;ST LOUP DE VARENNES;France
18190;ST LOUP DES CHAUMES;France
45340;ST LOUP DES VIGNES;France
53290;ST LOUP DU DORAT;France
53300;ST LOUP DU GAST;France
31350;ST LOUP EN COMMINGES;France
14400;ST LOUP HORS;France
79600;ST LOUP LAMAIRE;France
70100;ST LOUP NANTOUARD;France
52210;ST LOUP SUR AUJON;France
70800;ST LOUP SUR SEMOUSE;France
08130;ST LOUP TERRIER;France
61570;ST LOYER DES CHAMPS;France
28270;ST LUBIN DE CRAVANT;France
28410;ST LUBIN DE LA HAYE;France
28350;ST LUBIN DES JONCHERETS;France
41190;ST LUBIN EN VERGONNOIS;France
27930;ST LUC;France
28210;ST LUCIEN;France
76780;ST LUCIEN;France
51300;ST LUMIER EN CHAMPAGNE;France
51340;ST LUMIER LA POPULEUSE;France
44190;ST LUMINE DE CLISSON;France
44310;ST LUMINE DE COUTAIS;France
35800;ST LUNAIRE;France
28190;ST LUPERCE;France
39170;ST LUPICIN;France
10350;ST LUPIEN;France
10180;ST LYE;France
45170;ST LYE LA FORET;France
44410;ST LYPHARD;France
31470;ST LYS;France
35500;ST M HERVE;France
35360;ST M HERVON;France
33490;ST MACAIRE;France
49260;ST MACAIRE DU BOIS;France
49450;ST MACAIRE EN MAUGES;France
27210;ST MACLOU;France
76890;ST MACLOU DE FOLLEVILLE;France
76110;ST MACLOU LA BRIERE;France
86400;ST MACOUX;France
22350;ST MADEN;France
33125;ST MAGNE;France
33350;ST MAGNE DE CASTILLON;France
63330;ST MAIGNER;France
17520;ST MAIGRIN;France
04300;ST MAIME;France
24380;ST MAIME DE PEREYROL;France
23200;ST MAIXANT;France
33490;ST MAIXANT;France
72320;ST MAIXENT;France
79160;ST MAIXENT DE BEUGNE;France
79400;ST MAIXENT L ECOLE;France
85220;ST MAIXENT SUR VIE;France
28170;ST MAIXME HAUTERIVE;France
35400;ST MALO;France
56380;ST MALO DE BEIGNON;France
44550;ST MALO DE GUERSAC;France
50200;ST MALO DE LA LANDE;France
35480;ST MALO DE PHILY;France
56490;ST MALO DES TROIS FONTAINES;France
85590;ST MALO DU BOIS;France
58350;ST MALO EN DONZIOIS;France
35750;ST MALON SUR MEL;France
69860;ST MAMERT;France
30730;ST MAMERT DU GARD;France
31110;ST MAMET;France
15220;ST MAMET LA SALVETAT;France
77670;ST MAMMES;France
94160;ST MANDE;France
17470;ST MANDE SUR BREDOIRE;France
83430;ST MANDRIER SUR MER;France
14380;ST MANVIEU BOCAGE;France
14740;ST MANVIEU NORREY;France
15390;ST MARC;France
23200;ST MARC A FRONGIER;France
23460;ST MARC A LOUBAUD;France
41170;ST MARC DU COR;France
13100;ST MARC JAUMEGARDE;France
79310;ST MARC LA LANDE;France
35460;ST MARC LE BLANC;France
35140;ST MARC SUR COUESNON;France
44600;ST MARC SUR MER;France
21450;ST MARC SUR SEINE;France
35120;ST MARCAN;France
08160;ST MARCEAU;France
72170;ST MARCEAU;France
01390;ST MARCEL;France
08560;ST MARCEL;France
27950;ST MARCEL;France
36200;ST MARCEL;France
54800;ST MARCEL;France
56140;ST MARCEL;France
70500;ST MARCEL;France
71380;ST MARCEL;France
73600;ST MARCEL;France
38080;ST MARCEL BEL ACCUEIL;France
81170;ST MARCEL CAMPES;France
07700;ST MARCEL D ARDECHE;France
42430;ST MARCEL D URFE;France
30330;ST MARCEL DE CAREIRET;France
42122;ST MARCEL DE FELINES;France
24510;ST MARCEL DU PERIGORD;France
03420;ST MARCEL EN MARCILLAT;France
03390;ST MARCEL EN MURAT;France
69170;ST MARCEL L ECLAIRE;France
07100;ST MARCEL LES ANNONAY;France
26740;ST MARCEL LES SAUZET;France
26320;ST MARCEL LES VALENCE;France
31590;ST MARCEL PAULEL;France
11120;ST MARCEL SUR AUDE;France
71460;ST MARCELIN DE CRAY;France
38160;ST MARCELLIN;France
42680;ST MARCELLIN EN FOREZ;France
84110;ST MARCELLIN LES VAISON;France
31800;ST MARCET;France
24540;ST MARCORY;France
14330;ST MARCOUF;France
50310;ST MARCOUF;France
02220;ST MARD;France
17700;ST MARD;France
54290;ST MARD;France
77230;ST MARD;France
80700;ST MARD;France
61400;ST MARD DE RENO;France
71640;ST MARD DE VAUX;France
51130;ST MARD LES ROUFFY;France
51800;ST MARD SUR AUVE;France
51330;ST MARD SUR LE MONT;France
76730;ST MARDS;France
27500;ST MARDS DE BLACARVILLE;France
27230;ST MARDS DE FRESNE;France
10160;ST MARDS EN OTHE;France
23600;ST MARIEN;France
33620;ST MARIENS;France
61350;ST MARS D EGRENNE;France
72220;ST MARS D OUTILLE;France
44680;ST MARS DE COUTAIS;France
72440;ST MARS DE LOCQUENAY;France
44850;ST MARS DU DESERT;France
53700;ST MARS DU DESERT;France
72470;ST MARS LA BRIERE;France
44540;ST MARS LA JAILLE;France
85590;ST MARS LA REORTHE;France
72290;ST MARS SOUS BALLON;France
53300;ST MARS SUR COLMONT;France
53220;ST MARS SUR LA FUTAIE;France
77320;ST MARS VIEUX MAISONS;France
66110;ST MARSAL;France
79380;ST MARSAULT;France
07310;ST MARTIAL;France
15110;ST MARTIAL;France
16190;ST MARTIAL;France
17330;ST MARTIAL;France
30440;ST MARTIAL;France
33490;ST MARTIAL;France
24160;ST MARTIAL D ALBAREDE;France
24700;ST MARTIAL D ARTENSET;France
19150;ST MARTIAL DE GIMEL;France
17150;ST MARTIAL DE MIRAMBEAU;France
24250;ST MARTIAL DE NABIRAT;France
24300;ST MARTIAL DE VALETTE;France
17500;ST MARTIAL DE VITATERNE;France
19400;ST MARTIAL ENTRAYGUES;France
23150;ST MARTIAL LE MONT;France
23100;ST MARTIAL LE VIEUX;France
87330;ST MARTIAL SUR ISOP;France
17520;ST MARTIAL SUR NE;France
24320;ST MARTIAL VIVEYROL;France
32300;ST MARTIN;France
54450;ST MARTIN;France
65360;ST MARTIN;France
66220;ST MARTIN;France
67220;ST MARTIN;France
83560;ST MARTIN;France
76340;ST MARTIN AU BOSC;France
62500;ST MARTIN AU LAERT;France
76760;ST MARTIN AUX ARBRES;France
60420;ST MARTIN AUX BOIS;France
76540;ST MARTIN AUX BUNEAUX;France
51240;ST MARTIN AUX CHAMPS;France
14130;ST MARTIN AUX CHARTRAINS;France
71118;ST MARTIN BELLE ROCHE;France
74370;ST MARTIN BELLEVUE;France
14290;ST MARTIN BIENFAITE CRESSONNIERE;France
62280;ST MARTIN BOULOGNE;France
15140;ST MARTIN CANTALES;France
23460;ST MARTIN CHATEAU;France
77560;ST MARTIN CHENNETRON;France
62240;ST MARTIN CHOQUEL;France
62128;ST MARTIN COJEUL;France
47700;ST MARTIN CURTON;France
45110;ST MARTIN D ABBAT;France
51530;ST MARTIN D ABLOIS;France
26330;ST MARTIN D AOUT;France
64640;ST MARTIN D ARBEROUE;France
73140;ST MARTIN D ARC;France
49150;ST MARTIN D ARCE;France
07700;ST MARTIN D ARDECHE;France
32110;ST MARTIN D ARMAGNAC;France
64780;ST MARTIN D ARROSSA;France
17270;ST MARTIN D ARY;France
50190;ST MARTIN D AUBIGNY;France
50310;ST MARTIN D AUDOUVILLE;France
18110;ST MARTIN D AUXIGNY;France
71390;ST MARTIN D AUXY;France
61300;ST MARTIN D ECUBLEI;France
79110;ST MARTIN D ENTRAIGUES;France
06470;ST MARTIN D ENTRAUNES;France
42620;ST MARTIN D ESTREAUX;France
62560;ST MARTIN D HARDINGHEM;France
38400;ST MARTIN D HERES;France
58130;ST MARTIN D HEUILLE;France
63580;ST MARTIN D OLLIERES;France
40090;ST MARTIN D ONEY;France
89330;ST MARTIN D ORDON;France
09100;ST MARTIN D OYDES;France
38410;ST MARTIN D URIAGE;France
01510;ST MARTIN DE BAVEL;France
47270;ST MARTIN DE BEAUVILLE;France
73440;ST MARTIN DE BELLEVILLE;France
79230;ST MARTIN DE BERNEGOUE;France
14710;ST MARTIN DE BLAGNY;France
50750;ST MARTIN DE BONFOSSE;France
76840;ST MARTIN DE BOSCHERVILLE;France
10100;ST MARTIN DE BOSSENAY;France
48160;ST MARTIN DE BOUBAUX;France
50290;ST MARTIN DE BREHAL;France
78660;ST MARTIN DE BRETHENCOURT;France
04800;ST MARTIN DE BROMES;France
09000;ST MARTIN DE CARALP;France
84750;ST MARTIN DE CASTILLON;France
50210;ST MARTIN DE CENILLY;France
38930;ST MARTIN DE CLELLES;France
71490;ST MARTIN DE COMMUNE;France
53160;ST MARTIN DE CONNEE;France
69700;ST MARTIN DE CORNAS;France
17360;ST MARTIN DE COUX;France
13310;ST MARTIN DE CRAU;France
14320;ST MARTIN DE FONTENAY;France
85200;ST MARTIN DE FRAIGNEAU;France
14170;ST MARTIN DE FRESNAY;France
24800;ST MARTIN DE FRESSENGEAS;France
43150;ST MARTIN DE FUGERES;France
32480;ST MARTIN DE GOYNE;France
24610;ST MARTIN DE GURSON;France
40390;ST MARTIN DE HINX;France
17400;ST MARTIN DE JUILLERS;France
87200;ST MARTIN DE JUSSAC;France
34390;ST MARTIN DE L ARCON;France
84760;ST MARTIN DE LA BRASQUE;France
38650;ST MARTIN DE LA CLUZE;France
17330;ST MARTIN DE LA COUDRE;France
14100;ST MARTIN DE LA LIEUE;France
21210;ST MARTIN DE LA MER;France
49160;ST MARTIN DE LA PLACE;France
73140;ST MARTIN DE LA PORTE;France
36110;ST MARTIN DE LAMPS;France
50730;ST MARTIN DE LANDELLES;France
48110;ST MARTIN DE LANSUSCLE;France
33910;ST MARTIN DE LAYE;France
12130;ST MARTIN DE LENNE;France
33540;ST MARTIN DE LERM;France
71740;ST MARTIN DE LIXY;France
34380;ST MARTIN DE LONDRES;France
79100;ST MARTIN DE MACON;France
14100;ST MARTIN DE MAILLOC;France
14700;ST MARTIN DE MIEUX;France
28130;ST MARTIN DE NIGELLES;France
05120;ST MARTIN DE QUEYRIERES;France
17410;ST MARTIN DE RE;France
24600;ST MARTIN DE RIBERAC;France
71220;ST MARTIN DE SALENCEY;France
14220;ST MARTIN DE SALLEN;France
79290;ST MARTIN DE SANZAY;France
40390;ST MARTIN DE SEIGNANX;France
33490;ST MARTIN DE SESCAS;France
79400;ST MARTIN DE ST MAIXENT;France
14500;ST MARTIN DE TALLEVENDE;France
07310;ST MARTIN DE VALAMAS;France
30520;ST MARTIN DE VALGALGUES;France
50480;ST MARTIN DE VARREVILLE;France
38480;ST MARTIN DE VAULSERRE;France
46360;ST MARTIN DE VERS;France
47210;ST MARTIN DE VILLEREAL;France
11300;ST MARTIN DE VILLEREGLAN;France
14350;ST MARTIN DES BESACES;France
41800;ST MARTIN DES BOIS;France
18140;ST MARTIN DES CHAMPS;France
29600;ST MARTIN DES CHAMPS;France
50300;ST MARTIN DES CHAMPS;France
77320;ST MARTIN DES CHAMPS;France
78790;ST MARTIN DES CHAMPS;France
89170;ST MARTIN DES CHAMPS;France
24140;ST MARTIN DES COMBES;France
14400;ST MARTIN DES ENTREES;France
85570;ST MARTIN DES FONTAINES;France
03230;ST MARTIN DES LAIS;France
61320;ST MARTIN DES LANDES;France
72400;ST MARTIN DES MONTS;France
85140;ST MARTIN DES NOYERS;France
63600;ST MARTIN DES OLMES;France
61380;ST MARTIN DES PEZERITS;France
63570;ST MARTIN DES PLAINS;France
22320;ST MARTIN DES PRES;France
11220;ST MARTIN DES PUITS;France
85130;ST MARTIN DES TILLEULS;France
14350;ST MARTIN DON;France
76133;ST MARTIN DU BEC;France
33910;ST MARTIN DU BOIS;France
49500;ST MARTIN DU BOIS;France
77320;ST MARTIN DU BOSCHET;France
16700;ST MARTIN DU CLOCHER;France
49170;ST MARTIN DU FOUILLOUX;France
79420;ST MARTIN DU FOUILLOUX;France
01430;ST MARTIN DU FRENE;France
71110;ST MARTIN DU LAC;France
53800;ST MARTIN DU LIMET;France
76290;ST MARTIN DU MANOIR;France
14140;ST MARTIN DU MESNIL OURY;France
01160;ST MARTIN DU MONT;France
21440;ST MARTIN DU MONT;France
71580;ST MARTIN DU MONT;France
33540;ST MARTIN DU PUY;France
58140;ST MARTIN DU PUY;France
71460;ST MARTIN DU TARTRE;France
89100;ST MARTIN DU TERTRE;France
95270;ST MARTIN DU TERTRE;France
27300;ST MARTIN DU TILLEUL;France
06670;ST MARTIN DU VAR;France
61130;ST MARTIN DU VIEUX BELLEME;France
76160;ST MARTIN DU VIVIER;France
77630;ST MARTIN EN BIERE;France
71620;ST MARTIN EN BRESSE;France
76370;ST MARTIN EN CAMPAGNE;France
42400;ST MARTIN EN COAILLEUX;France
71350;ST MARTIN EN GATINOIS;France
69850;ST MARTIN EN HAUT;France
26420;ST MARTIN EN VERCORS;France
32450;ST MARTIN GIMOIS;France
61320;ST MARTIN L AIGUILLON;France
86350;ST MARTIN L ARS;France
24400;ST MARTIN L ASTIER;France
51490;ST MARTIN L HEUREUX;France
76270;ST MARTIN L HORTIER;France
07400;ST MARTIN L INFERIEUR;France
27930;ST MARTIN LA CAMPAGNE;France
78520;ST MARTIN LA GARENNE;France
19320;ST MARTIN LA MEANNE;France
71460;ST MARTIN LA PATROUILLE;France
42800;ST MARTIN LA PLAINE;France
86300;ST MARTIN LA RIVIERE;France
42260;ST MARTIN LA SAUVETE;France
46330;ST MARTIN LABOUVAL;France
33390;ST MARTIN LACAUSSADE;France
81170;ST MARTIN LAGUEPIE;France
11400;ST MARTIN LALANDE;France
85210;ST MARTIN LARS EN STE HERMINE;France
37270;ST MARTIN LE BEAU;France
50800;ST MARTIN LE BOUILLANT;France
01310;ST MARTIN LE CHATEL;France
26190;ST MARTIN LE COLONEL;France
76260;ST MARTIN LE GAILLARD;France
50690;ST MARTIN LE GREARD;France
50260;ST MARTIN LE HEBERT;France
87360;ST MARTIN LE MAULT;France
60000;ST MARTIN LE NOEUD;France
24300;ST MARTIN LE PIN;France
46700;ST MARTIN LE REDON;France
11170;ST MARTIN LE VIEIL;France
87700;ST MARTIN LE VIEUX;France
38950;ST MARTIN LE VINOUX;France
04870;ST MARTIN LES EAUX;France
52200;ST MARTIN LES LANGRES;France
79500;ST MARTIN LES MELLE;France
04460;ST MARTIN LES SEYNE;France
42110;ST MARTIN LESTRA;France
60700;ST MARTIN LONGUEAU;France
11500;ST MARTIN LYS;France
76680;ST MARTIN OSMONVILLE;France
47180;ST MARTIN PETIT;France
02110;ST MARTIN RIVIERE;France
19210;ST MARTIN SEPERT;France
71640;ST MARTIN SOUS MONTAIGU;France
15230;ST MARTIN SOUS VIGOUROUX;France
27450;ST MARTIN ST FIRMIN;France
23430;ST MARTIN STE CATHERINE;France
89700;ST MARTIN SUR ARMANCON;France
74700;ST MARTIN SUR ARVE;France
62128;ST MARTIN SUR COJEUL;France
59213;ST MARTIN SUR ECAILLON;France
73130;ST MARTIN SUR LA CHAMBRE;France
52330;ST MARTIN SUR LA RENNE;France
07400;ST MARTIN SUR LAVEZON;France
51520;ST MARTIN SUR LE PRE;France
58150;ST MARTIN SUR NOHAIN;France
45500;ST MARTIN SUR OCRE;France
89110;ST MARTIN SUR OCRE;France
89260;ST MARTIN SUR OREUSE;France
89120;ST MARTIN SUR OUANNE;France
56200;ST MARTIN SUR OUST;France
87400;ST MARTIN TERRESSUS;France
15140;ST MARTIN VALMEROUX;France
06450;ST MARTIN VESUBIE;France
03380;ST MARTINIEN;France
31360;ST MARTORY;France
16260;ST MARY;France
15500;ST MARY LE PLAIN;France
51490;ST MASMES;France
29217;ST MATHIEU;France
87440;ST MATHIEU;France
34270;ST MATHIEU DE TREVIERS;France
85150;ST MATHURIN;France
19430;ST MATHURIN LEOBAZEL;France
49250;ST MATHURIN SUR LOIRE;France
46800;ST MATRE;France
22600;ST MAUDAN;France
22980;ST MAUDEZ;France
35750;ST MAUGAN;France
80140;ST MAULVIS;France
18270;ST MAUR;France
32300;ST MAUR;France
36250;ST MAUR;France
39570;ST MAUR;France
60210;ST MAUR;France
50800;ST MAUR DES BOIS;France
94100;ST MAUR DES FOSSES;France
28800;ST MAUR SUR LE LOIR;France
52200;ST MAURICE;France
58330;ST MAURICE;France
63270;ST MAURICE;France
67220;ST MAURICE;France
94410;ST MAURICE;France
54540;ST MAURICE AUX FORGES;France
89190;ST MAURICE AUX RICHES HOMMES;France
25260;ST MAURICE COLOMBIER;France
39130;ST MAURICE CRILLAT;France
07200;ST MAURICE D ARDECHE;France
76330;ST MAURICE D ETELAN;France
07170;ST MAURICE D IBIE;France
01700;ST MAURICE DE BEYNOST;France
30360;ST MAURICE DE CAZEVIEILLE;France
01800;ST MAURICE DE GOURDANS;France
17130;ST MAURICE DE LAURENCANNE;France
47290;ST MAURICE DE LESTAPEL;France
43200;ST MAURICE DE LIGNON;France
01500;ST MAURICE DE REMENS;France
73240;ST MAURICE DE ROTHERENS;France
71260;ST MAURICE DE SATONNAY;France
17500;ST MAURICE DE TAVERNOLE;France
48220;ST MAURICE DE VENTALON;France
71460;ST MAURICE DES CHAMPS;France
16500;ST MAURICE DES LIONS;France
85120;ST MAURICE DES NOUES;France
61600;ST MAURICE DU DESERT;France
07190;ST MAURICE EN CHALENCON;France
50270;ST MAURICE EN COTENTIN;France
42240;ST MAURICE EN GOURGOIS;France
46120;ST MAURICE EN QUERCY;France
71620;ST MAURICE EN RIVIERE;France
38930;ST MAURICE EN TRIEVES;France
05800;ST MAURICE EN VALGODEMARD;France
38550;ST MAURICE L EXIL;France
86160;ST MAURICE LA CLOUERE;France
79150;ST MAURICE LA FOUGEREUSE;France
23300;ST MAURICE LA SOUTERRAINE;France
85390;ST MAURICE LE GIRARD;France
89110;ST MAURICE LE VIEIL;France
87800;ST MAURICE LES BROUSSES;France
61190;ST MAURICE LES CHARENCEY;France
71740;ST MAURICE LES CHATEAUNEUF;France
71490;ST MAURICE LES COUCHES;France
91530;ST MAURICE MONTCOURONNE;France
34520;ST MAURICE NAVACELLES;France
23260;ST MAURICE PRES CROCQ;France
63330;ST MAURICE PRES PIONSAT;France
55210;ST MAURICE SOUS LES COTES;France
28240;ST MAURICE ST GERMAIN;France
40270;ST MAURICE SUR ADOUR;France
45230;ST MAURICE SUR AVEYRON;France
69440;ST MAURICE SUR DARGOIRE;France
26110;ST MAURICE SUR EYGUES;France
45700;ST MAURICE SUR FESSARD;France
61110;ST MAURICE SUR HUISNE;France
42155;ST MAURICE SUR LOIRE;France
88700;ST MAURICE SUR MORTAGNE;France
88560;ST MAURICE SUR MOSELLE;France
21610;ST MAURICE SUR VINGEANNE;France
89110;ST MAURICE THIZOUAILLE;France
47270;ST MAURIN;France
54130;ST MAX;France
80140;ST MAXENT;France
30700;ST MAXIMIN;France
38530;ST MAXIMIN;France
60740;ST MAXIMIN;France
83470;ST MAXIMIN LA STE BAUME;France
79410;ST MAXIRE;France
26510;ST MAY;France
22320;ST MAYEUX;France
87130;ST MEARD;France
24600;ST MEARD DE DRONE;France
24610;ST MEARD DE GURCON;France
16300;ST MEDARD;France
16170;ST MEDARD;France
17500;ST MEDARD;France
31360;ST MEDARD;France
32300;ST MEDARD;France
36700;ST MEDARD;France
46150;ST MEDARD;France
57260;ST MEDARD;France
64370;ST MEDARD;France
79370;ST MEDARD;France
17220;ST MEDARD D AUNIS;France
24160;ST MEDARD D EXCIDEUIL;France
33650;ST MEDARD D EYRANS;France
16300;ST MEDARD DE BARBEZIEUX;France
33230;ST MEDARD DE GUIZIERES;France
24400;ST MEDARD DE MUSSIDAN;France
46400;ST MEDARD DE PRESQUE;France
16170;ST MEDARD DE ROUILLAC;France
85200;ST MEDARD DES PRES;France
42330;ST MEDARD EN FOREZ;France
33160;ST MEDARD EN JALLES;France
23200;ST MEDARD LA ROCHETTE;France
46210;ST MEDARD NICOURBY;France
35250;ST MEDARD SUR ILLE;France
29260;ST MEEN;France
35290;ST MEEN LE GRAND;France
35220;ST MELAINE;France
49610;ST MELAINE SUR AUBANCE;France
07260;ST MELANY;France
22980;ST MELOIR;France
35350;ST MELOIR DES ONDES;France
44270;ST MEME LE TENU;France
16720;ST MEME LES CARRIERES;France
51470;ST MEMMIE;France
88170;ST MENGE;France
08200;ST MENGES;France
03210;ST MENOUX;France
19320;ST MERD DE LAPLEAU;France
23100;ST MERD LA BREUILLE;France
19170;ST MERD LES OUSSINES;France
77720;ST MERY;France
27370;ST MESLIN DU BOSC;France
77410;ST MESMES;France
10280;ST MESMIN;France
21540;ST MESMIN;France
24270;ST MESMIN;France
85700;ST MESMIN;France
19330;ST MEXANT;France
32700;ST MEZARD;France
71460;ST MICAUD;France
02830;ST MICHEL;France
09100;ST MICHEL;France
16470;ST MICHEL;France
31220;ST MICHEL;France
32300;ST MICHEL;France
34520;ST MICHEL;France
45340;ST MICHEL;France
52190;ST MICHEL;France
64220;ST MICHEL;France
82340;ST MICHEL;France
44730;ST MICHEL CHEF CHEF;France
07160;ST MICHEL D AURANCE;France
30200;ST MICHEL D EUZET;France
76440;ST MICHEL D HALESCOURT;France
46110;ST MICHEL DE BANNIERES;France
07200;ST MICHEL DE BOULOGNE;France
33840;ST MICHEL DE CASTELNAU;France
07360;ST MICHEL DE CHABRILLANOUX;France
05260;ST MICHEL DE CHAILLOL;France
72440;ST MICHEL DE CHAVAIGNES;France
48160;ST MICHEL DE DEZE;France
24400;ST MICHEL DE DOUBLE;France
53290;ST MICHEL DE FEINS;France
33126;ST MICHEL DE FRONSAC;France
50490;ST MICHEL DE LA PIERRE;France
53350;ST MICHEL DE LA ROE;France
11410;ST MICHEL DE LANES;France
33190;ST MICHEL DE LAPUJADE;France
14140;ST MICHEL DE LIVET;France
66130;ST MICHEL DE LLOTES;France
73140;ST MICHEL DE MAURIENNE;France
24230;ST MICHEL DE MONTAIGNE;France
50670;ST MICHEL DE MONTJOIE;France
22980;ST MICHEL DE PLELAN;France
33720;ST MICHEL DE RIEUFRET;France
24490;ST MICHEL DE RIVIERE;France
38590;ST MICHEL DE ST GEOIRS;France
81140;ST MICHEL DE VAX;France
23480;ST MICHEL DE VEISSE;France
24380;ST MICHEL DE VILLADEIX;France
18390;ST MICHEL DE VOLANGIS;France
61600;ST MICHEL DES ANDAINES;France
50740;ST MICHEL DES LOUPS;France
38350;ST MICHEL EN BEAUMONT;France
36290;ST MICHEL EN BRENNE;France
22300;ST MICHEL EN GREVE;France
85580;ST MICHEL EN L HERM;France
40550;ST MICHEL ESCALUS;France
49420;ST MICHEL ET CHANVEAUX;France
24490;ST MICHEL L ECLUSE ET LEPARON;France
04870;ST MICHEL L OBSERVATOIRE;France
81340;ST MICHEL LABADIE;France
85200;ST MICHEL LE CLOUCQ;France
38650;ST MICHEL LES PORTES;France
46130;ST MICHEL LOUBEJOU;France
85700;ST MICHEL MONT MERCURE;France
04170;ST MICHEL PEYRESQ;France
62650;ST MICHEL SOUS BOIS;France
37130;ST MICHEL SUR LOIRE;France
88470;ST MICHEL SUR MEURTHE;France
91240;ST MICHEL SUR ORGE;France
42410;ST MICHEL SUR RHONE;France
26750;ST MICHEL SUR SAVASSE;France
62130;ST MICHEL SUR TERNOISE;France
61300;ST MICHEL TUBOEUF;France
55300;ST MIHIEL;France
13013;ST MITRE;France
13920;ST MITRE LES REMPARTS;France
44350;ST MOLF;France
59143;ST MOMELIN;France
32400;ST MONT;France
07220;ST MONTAN;France
89270;ST MORE;France
23400;ST MOREIL;France
08400;ST MOREL;France
33650;ST MORILLON;France
38190;ST MURY MONTEYMOND;France
63460;ST MYON;France
67530;ST NABOR;France
88200;ST NABORD;France
10700;ST NABORD SUR AUBE;France
82370;ST NAUPHARY;France
30200;ST NAZAIRE;France
33220;ST NAZAIRE;France
44600;ST NAZAIRE;France
66570;ST NAZAIRE;France
11120;ST NAZAIRE D AUDE;France
34490;ST NAZAIRE DE LADAREZ;France
34400;ST NAZAIRE DE PEZAN;France
82190;ST NAZAIRE DE VALENTANE;France
30610;ST NAZAIRE DES GARDIES;France
26190;ST NAZAIRE EN ROYANS;France
26340;ST NAZAIRE LE DESERT;France
38330;ST NAZAIRE LES EYMES;France
17780;ST NAZAIRE SUR CHARENTE;France
63710;ST NECTAIRE;France
24520;ST NEXANS;France
29550;ST NIC;France
22160;ST NICODEME;France
62223;ST NICOLAS;France
02410;ST NICOLAS AUX BOIS;France
87230;ST NICOLAS COURBEFY;France
76510;ST NICOLAS D ALIERMONT;France
27160;ST NICOLAS D ATTEZ;France
76940;ST NICOLAS DE BLIQUETUIT;France
37140;ST NICOLAS DE BOURGUEIL;France
85470;ST NICOLAS DE BREM;France
47220;ST NICOLAS DE LA BALERME;France
82210;ST NICOLAS DE LA GRAVE;France
76490;ST NICOLAS DE LA HAIE;France
76170;ST NICOLAS DE LA TAILLE;France
38500;ST NICOLAS DE MACHERIN;France
50250;ST NICOLAS DE PIERREPONT;France
54210;ST NICOLAS DE PORT;France
44460;ST NICOLAS DE REDON;France
61550;ST NICOLAS DE SOMMAIRE;France
74190;ST NICOLAS DE VEROCE;France
03250;ST NICOLAS DES BIEFS;France
50370;ST NICOLAS DES BOIS;France
61250;ST NICOLAS DES BOIS;France
61550;ST NICOLAS DES LAITIERS;France
37110;ST NICOLAS DES MOTETS;France
27370;ST NICOLAS DU BOSC;France
27300;ST NICOLAS DU BOSC L ABBE;France
22480;ST NICOLAS DU PELEM;France
56910;ST NICOLAS DU TERTRE;France
57700;ST NICOLAS EN FORET;France
10400;ST NICOLAS LA CHAPELLE;France
73590;ST NICOLAS LA CHAPELLE;France
21700;ST NICOLAS LES CITEAUX;France
69870;ST NIZIER D AZERGUES;France
42380;ST NIZIER DE FORNAS;France
38250;ST NIZIER DU MOUCHEROTTE;France
01560;ST NIZIER LE BOUCHOUX;France
01320;ST NIZIER LE DESERT;France
42190;ST NIZIER SOUS CHARLIEU;France
71190;ST NIZIER SUR ARROUX;France
56250;ST NOLFF;France
78860;ST NOM LA BRETECHE;France
73100;ST OFFENGE DESSOUS;France
73100;ST OFFENGE DESSUS;France
14220;ST OMER;France
62500;ST OMER;France
62162;ST OMER CAPELLE;France
44130;ST OMER DE BLAIN;France
60860;ST OMER EN CHAUSSEE;France
38490;ST ONDRAS;France
35290;ST ONEN LA CHAPELLE;France
23100;ST ORADOUX DE CHIROUZE;France
23260;ST ORADOUX PRES CROCQ;France
32120;ST ORENS;France
31650;ST ORENS DE GAMEVILLE;France
32100;ST ORENS POUY PETIT;France
32300;ST OST;France
17490;ST OUEN;France
41100;ST OUEN;France
80610;ST OUEN;France
93400;ST OUEN;France
27160;ST OUEN D ATTEZ;France
17230;ST OUEN D AUNIS;France
61130;ST OUEN DE LA COUR;France
72130;ST OUEN DE MIMBRE;France
27370;ST OUEN DE PONTCHEUIL;France
61560;ST OUEN DE SECHEROUVRE;France
27310;ST OUEN DE THOUBERVILLE;France
35140;ST OUEN DES ALLEUX;France
14350;ST OUEN DES BESACES;France
27680;ST OUEN DES CHAMPS;France
53410;ST OUEN DES TOITS;France
53150;ST OUEN DES VALLONS;France
51320;ST OUEN DOMPROT;France
76890;ST OUEN DU BREUIL;France
14670;ST OUEN DU MESNIL OGER;France
27670;ST OUEN DU TILLEUL;France
72220;ST OUEN EN BELIN;France
77720;ST OUEN EN BRIE;France
72350;ST OUEN EN CHAMPAGNE;France
95310;ST OUEN L AUMONE;France
35460;ST OUEN LA ROUERIE;France
61410;ST OUEN LE BRISOULT;France
14140;ST OUEN LE HOUX;France
76730;ST OUEN LE MAUGER;France
14340;ST OUEN LE PIN;France
88140;ST OUEN LES PAREY;France
37530;ST OUEN LES VIGNES;France
28560;ST OUEN MARCHEFROY;France
76630;ST OUEN SOUS BAILLY;France
87300;ST OUEN SUR GARTEMPE;France
61300;ST OUEN SUR ITON;France
58160;ST OUEN SUR LOIRE;France
61150;ST OUEN SUR MAIRE;France
77750;ST OUEN SUR MORIN;France
10170;ST OULPH;France
63230;ST OURS;France
73410;ST OURS;France
18310;ST OUTRILLE;France
50300;ST OVIN;France
73260;ST OYEN;France
29830;ST PABU;France
27140;ST PAER;France
76480;ST PAER;France
14670;ST PAIR;France
14340;ST PAIR DU MONT;France
50380;ST PAIR SUR MER;France
43500;ST PAL DE CHALENCON;France
43620;ST PAL DE MONS;France
43160;ST PAL DE SENOUIRE;France
03370;ST PALAIS;France
18110;ST PALAIS;France
33820;ST PALAIS;France
64120;ST PALAIS;France
17210;ST PALAIS DE NEGRIGNAC;France
17800;ST PALAIS DE PHIOLIN;France
16300;ST PALAIS DU NE;France
17420;ST PALAIS SUR MER;France
24530;ST PANCRACE;France
73300;ST PANCRACE;France
38660;ST PANCRASSE;France
54730;ST PANCRE;France
40180;ST PANDELON;France
46800;ST PANTALEON;France
71400;ST PANTALEON;France
84220;ST PANTALEON;France
19160;ST PANTALEON DE LAPLEAU;France
19600;ST PANTALEON DE LARCHE;France
26770;ST PANTALEON LES VIGNES;France
24640;ST PANTALY D ANS;France
24160;ST PANTALY D EXCIDEUIL;France
11400;ST PAPOUL;France
33210;ST PARDON DE CONQUES;France
17400;ST PARDOULT;France
63440;ST PARDOUX;France
79310;ST PARDOUX;France
87250;ST PARDOUX;France
19210;ST PARDOUX CORBIER;France
23260;ST PARDOUX D ARNET;France
24600;ST PARDOUX DE DRONE;France
47200;ST PARDOUX DU BREUIL;France
24170;ST PARDOUX ET VIELVIC;France
47800;ST PARDOUX ISAAC;France
19270;ST PARDOUX L ORTIGIER;France
19320;ST PARDOUX LA CROISILLE;France
24470;ST PARDOUX LA RIVIERE;France
19200;ST PARDOUX LE NEUF;France
23200;ST PARDOUX LE NEUF;France
19200;ST PARDOUX LE VIEUX;France
23150;ST PARDOUX LES CARDS;France
23400;ST PARDOUX MORTEROLLES;France
34230;ST PARGOIRE;France
58300;ST PARIZE EN VIRY;France
58490;ST PARIZE LE CHATEL;France
10410;ST PARRES AUX TERTRES;France
10260;ST PARRES LES VAUDES;France
12300;ST PARTHEM;France
47290;ST PASTOUR;France
65400;ST PASTOUS;France
72610;ST PATERNE;France
37370;ST PATERNE RACAN;France
77178;ST PATHUS;France
37130;ST PATRICE;France
50190;ST PATRICE DE CLAIDS;France
61600;ST PATRICE DU DESERT;France
04530;ST PAUL;France
06570;ST PAUL;France
19150;ST PAUL;France
33390;ST PAUL;France
60650;ST PAUL;France
61100;ST PAUL;France
65150;ST PAUL;France
73170;ST PAUL;France
88170;ST PAUL;France
02300;ST PAUL AUX BOIS;France
81220;ST PAUL CAP DE JOUX;France
82400;ST PAUL D ESPIS;France
87260;ST PAUL D EYJEAUX;France
38140;ST PAUL D IZEAUX;France
31110;ST PAUL D OUEIL;France
42600;ST PAUL D UZORE;France
32190;ST PAUL DE BAISE;France
14290;ST PAUL DE COURTONNE;France
66220;ST PAUL DE FENOUILLET;France
27800;ST PAUL DE FOURQUES;France
09000;ST PAUL DE JARRAT;France
46170;ST PAUL DE LOUBRESSAC;France
15140;ST PAUL DE SALERS;France
24380;ST PAUL DE SERRE;France
43420;ST PAUL DE TARTAS;France
01240;ST PAUL DE VARAX;France
38760;ST PAUL DE VARCES;France
46400;ST PAUL DE VERN;France
42590;ST PAUL DE VEZELIN;France
15250;ST PAUL DES LANDES;France
49310;ST PAUL DU BOIS;France
14490;ST PAUL DU VERNAY;France
40200;ST PAUL EN BORN;France
74500;ST PAUL EN CHABLAIS;France
42240;ST PAUL EN CORNILLON;France
83440;ST PAUL EN FORET;France
79240;ST PAUL EN GATINE;France
42740;ST PAUL EN JAREZ;France
85500;ST PAUL EN PAREDS;France
34570;ST PAUL ET VALMALLE;France
30480;ST PAUL LA COSTE;France
24800;ST PAUL LA ROCHE;France
48600;ST PAUL LE FROID;France
72590;ST PAUL LE GAULTIER;France
07460;ST PAUL LE JEUNE;France
40990;ST PAUL LES DAX;France
13115;ST PAUL LES DURANCE;France
30330;ST PAUL LES FONTS;France
38650;ST PAUL LES MONESTIER;France
26750;ST PAUL LES ROMANS;France
24320;ST PAUL LIZONNE;France
85670;ST PAUL MONT PENIT;France
73730;ST PAUL SUR ISERE;France
27500;ST PAUL SUR RISLE;France
31530;ST PAUL SUR SAVE;France
26130;ST PAUL TROIS CHATEAUX;France
11320;ST PAULET;France
30130;ST PAULET DE CAISSON;France
43350;ST PAULIEN;France
72190;ST PAVACE;France
31510;ST PE D ARDET;France
65270;ST PE DE BIGORRE;France
64270;ST PE DE LEREN;France
31350;ST PE DELBOSC;France
47170;ST PE ST SIMON;France
64310;ST PEE SUR NIVELLE;France
28290;ST PELLERIN;France
50500;ST PELLERIN;France
35380;ST PERAN;France
45480;ST PERAVY EPREUX;France
45310;ST PERAVY LA COLOMBE;France
07130;ST PERAY;France
40090;ST PERDON;France
24560;ST PERDOUX;France
46100;ST PERDOUX;France
35430;ST PERE;France
58200;ST PERE;France
89450;ST PERE;France
44320;ST PERE EN RETZ;France
45600;ST PERE SUR LOIRE;France
58110;ST PEREUSE;France
35190;ST PERN;France
56350;ST PERREUX;France
22720;ST PEVER;France
33330;ST PEY D ARMENS;France
33350;ST PEY DE CASTETS;France
10130;ST PHAL;France
85660;ST PHILBERT DE BOUAINE;France
44310;ST PHILBERT DE GRAND LIEU;France
14130;ST PHILBERT DES CHAMPS;France
49160;ST PHILBERT DU PEUPLE;France
85110;ST PHILBERT DU PONT CHARRAULT;France
49600;ST PHILBERT EN MAUGES;France
27520;ST PHILBERT SUR BOISSEY;France
61430;ST PHILBERT SUR ORNE;France
27290;ST PHILBERT SUR RISLE;France
21220;ST PHILIBERT;France
56470;ST PHILIBERT;France
33350;ST PHILIPPE D AIGUILLE;France
33220;ST PHILIPPE DU SEIGNAL;France
28130;ST PIAT;France
06260;ST PIERRE;France
15350;ST PIERRE;France
31590;ST PIERRE;France
39150;ST PIERRE;France
51510;ST PIERRE;France
67140;ST PIERRE;France
69480;ST PIERRE;France
08310;ST PIERRE A ARNES;France
79290;ST PIERRE A CHAMP;France
80310;ST PIERRE A GOUY;France
02600;ST PIERRE AIGLE;France
05300;ST PIERRE AVEZ;France
14950;ST PIERRE AZIF;France
23460;ST PIERRE BELLEVUE;France
76890;ST PIERRE BENOUVILLE;France
67220;ST PIERRE BOIS;France
59630;ST PIERRE BROUCK;France
14700;ST PIERRE CANIVET;France
23430;ST PIERRE CHERIGNAT;France
63610;ST PIERRE COLAMINE;France
73250;ST PIERRE D ALBIGNY;France
38830;ST PIERRE D ALLEVARD;France
73170;ST PIERRE D ALVEY;France
17700;ST PIERRE D AMILLY;France
05140;ST PIERRE D ARGENCON;France
50270;ST PIERRE D ARTHEGLISE;France
32290;ST PIERRE D AUBEZIES;France
33490;ST PIERRE D AURILLAC;France
27950;ST PIERRE D AUTILS;France
61800;ST PIERRE D ENTREMONT;France
73670;ST PIERRE D ENTREMONT;France
86400;ST PIERRE D EXIDEUIL;France
24130;ST PIERRE D EYRAUD;France
64990;ST PIERRE D IRUBE;France
17310;ST PIERRE D OLERON;France
27920;ST PIERRE DE BAILLEUL;France
33760;ST PIERRE DE BAT;France
73220;ST PIERRE DE BELLEVILLE;France
42520;ST PIERRE DE BOEUF;France
38870;ST PIERRE DE BRESSIEUX;France
47160;ST PIERRE DE BUZET;France
47380;ST PIERRE DE CAUBEL;France
27390;ST PIERRE DE CERNIERES;France
69780;ST PIERRE DE CHANDIEU;France
38380;ST PIERRE DE CHARTREUSE;France
38160;ST PIERRE DE CHERENNES;France
72500;ST PIERRE DE CHEVILLE;France
24330;ST PIERRE DE CHIGNAC;France
47270;ST PIERRE DE CLAIRAC;France
24800;ST PIERRE DE COLE;France
07450;ST PIERRE DE COLOMBIER;France
27260;ST PIERRE DE CORMEILLES;France
50200;ST PIERRE DE COUTANCES;France
73310;ST PIERRE DE CURTILLE;France
24450;ST PIERRE DE FRUGIE;France
23290;ST PIERRE DE FURSAC;France
73360;ST PIERRE DE GENEBROZ;France
36260;ST PIERRE DE JARDS;France
17400;ST PIERRE DE JUILLERS;France
17330;ST PIERRE DE L ILE;France
34520;ST PIERRE DE LA FAGE;France
31570;ST PIERRE DE LAGES;France
36110;ST PIERRE DE LAMPS;France
86260;ST PIERRE DE MAILLE;France
14290;ST PIERRE DE MAILLOC;France
76113;ST PIERRE DE MANNEVILLE;France
38350;ST PIERRE DE MEAROZ;France
38220;ST PIERRE DE MESAGE;France
13150;ST PIERRE DE MEZOARGUES;France
33210;ST PIERRE DE MONS;France
48340;ST PIERRE DE NOGARET;France
35720;ST PIERRE DE PLESGUEN;France
09000;ST PIERRE DE RIVIERE;France
27800;ST PIERRE DE SALERNE;France
50810;ST PIERRE DE SEMILLY;France
73800;ST PIERRE DE SOUCY;France
81330;ST PIERRE DE TRIVISY;France
76480;ST PIERRE DE VARENGEVILLE;France
71670;ST PIERRE DE VARENNES;France
84330;ST PIERRE DE VASSOLS;France
48200;ST PIERRE DE VIEUX;France
66210;ST PIERRE DELS FORCATS;France
72430;ST PIERRE DES BOIS;France
11220;ST PIERRE DES CHAMPS;France
37700;ST PIERRE DES CORPS;France
79700;ST PIERRE DES ECHAUBROGNES;France
27370;ST PIERRE DES FLEURS;France
14100;ST PIERRE DES IFS;France
27450;ST PIERRE DES IFS;France
76660;ST PIERRE DES JONQUIERES;France
53500;ST PIERRE DES LANDES;France
61370;ST PIERRE DES LOGES;France
53370;ST PIERRE DES NIDS;France
72600;ST PIERRE DES ORMES;France
48150;ST PIERRE DES TRIPIERS;France
27370;ST PIERRE DU BOSGUERARD;France
14700;ST PIERRE DU BU;France
43130;ST PIERRE DU CHAMP;France
85120;ST PIERRE DU CHEMIN;France
14260;ST PIERRE DU FRESNE;France
14670;ST PIERRE DU JONQUET;France
72150;ST PIERRE DU LOROUER;France
27330;ST PIERRE DU MESNIL;France
14450;ST PIERRE DU MONT;France
40280;ST PIERRE DU MONT;France
58210;ST PIERRE DU MONT;France
17270;ST PIERRE DU PALAIS;France
91280;ST PIERRE DU PERRAY;France
61790;ST PIERRE DU REGARD;France
27210;ST PIERRE DU VAL;France
27430;ST PIERRE DU VAUVRAY;France
50330;ST PIERRE EGLISE;France
74800;ST PIERRE EN FAUCIGNY;France
76540;ST PIERRE EN PORT;France
76260;ST PIERRE EN VAL;France
21230;ST PIERRE EN VAUX;France
60850;ST PIERRE ES CHAMPS;France
43260;ST PIERRE EYNAC;France
63480;ST PIERRE LA BOURLHONNE;France
61340;ST PIERRE LA BRUYERE;France
53410;ST PIERRE LA COUR;France
27600;ST PIERRE LA GARENNE;France
11560;ST PIERRE LA MER;France
42190;ST PIERRE LA NOAILLE;France
69210;ST PIERRE LA PALUD;France
61310;ST PIERRE LA RIVIERE;France
07400;ST PIERRE LA ROCHE;France
14770;ST PIERRE LA VIEILLE;France
46090;ST PIERRE LAFEUILLE;France
50530;ST PIERRE LANGERS;France
42620;ST PIERRE LAVAL;France
76640;ST PIERRE LAVIS;France
23600;ST PIERRE LE BOST;France
63230;ST PIERRE LE CHASTEL;France
58240;ST PIERRE LE MOUTIER;France
71520;ST PIERRE LE VIEUX;France
76740;ST PIERRE LE VIEUX;France
85420;ST PIERRE LE VIEUX;France
76740;ST PIERRE LE VIGER;France
60350;ST PIERRE LES BITRY;France
18170;ST PIERRE LES BOIS;France
76320;ST PIERRE LES ELBEUF;France
18210;ST PIERRE LES ETIEUX;France
02140;ST PIERRE LES FRANQUEVILLE;France
77140;ST PIERRE LES NEMOURS;France
49110;ST PIERRE MONTLIMART;France
56510;ST PIERRE QUIBERON;France
63210;ST PIERRE ROCHE;France
07140;ST PIERRE ST JEAN;France
14170;ST PIERRE SUR DIVES;France
07520;ST PIERRE SUR DOUX;France
47120;ST PIERRE SUR DROPT;France
53270;ST PIERRE SUR ERVE;France
53160;ST PIERRE SUR ORTHE;France
08430;ST PIERRE SUR VENCE;France
14350;ST PIERRE TARENTAINE;France
46160;ST PIERRE TOIRAC;France
02250;ST PIERREMONT;France
08240;ST PIERREMONT;France
88700;ST PIERREMONT;France
07190;ST PIERREVILLE;France
55230;ST PIERREVILLERS;France
03160;ST PLAISIR;France
31580;ST PLANCARD;France
50400;ST PLANCHERS;France
36190;ST PLANTAIRE;France
71630;ST POINT;France
25160;ST POINT LAC;France
50670;ST POIS;France
53540;ST POIX;France
29250;ST POL DE LEON;France
59430;ST POL SUR MER;France
62130;ST POL SUR TERNOISE;France
42260;ST POLGUES;France
11300;ST POLYCARPE;France
79160;ST POMPAIN;France
24170;ST POMPONT;France
15500;ST PONCY;France
04400;ST PONS;France
07580;ST PONS;France
34230;ST PONS DE MAUCHIENS;France
34220;ST PONS DE THOMIERES;France
30330;ST PONS LA CALM;France
03110;ST PONT;France
17250;ST PORCHAIRE;France
82700;ST PORQUIER;France
22550;ST POTAN;France
10120;ST POUANGE;France
03290;ST POURCAIN SUR BESBRE;France
03500;ST POURCAIN SUR SIOULE;France
88500;ST PRANCHER;France
43230;ST PREJET ARMANDON;France
43580;ST PREJET D ALLIER;France
28300;ST PREST;France
16130;ST PREUIL;France
07000;ST PRIEST;France
23110;ST PRIEST;France
69800;ST PRIEST;France
63310;ST PRIEST BRAMEFANT;France
03800;ST PRIEST D ANDELOT;France
19800;ST PRIEST DE GIMEL;France
63640;ST PRIEST DES CHAMPS;France
42270;ST PRIEST EN JAREZ;France
03390;ST PRIEST EN MURAT;France
23300;ST PRIEST LA FEUILLE;France
18370;ST PRIEST LA MARCHE;France
23240;ST PRIEST LA PLAINE;France
42830;ST PRIEST LA PRUGNE;France
42590;ST PRIEST LA ROCHE;France
42440;ST PRIEST LA VETRE;France
87290;ST PRIEST LE BETOUX;France
24450;ST PRIEST LES FOUGERES;France
87800;ST PRIEST LIGOURE;France
23400;ST PRIEST PALUS;France
87700;ST PRIEST SOUS AIXE;France
87480;ST PRIEST TAURION;France
38370;ST PRIM;France
07200;ST PRIVAT;France
19220;ST PRIVAT;France
34700;ST PRIVAT;France
43580;ST PRIVAT D ALLIER;France
30430;ST PRIVAT DE CHAMPCLOS;France
48240;ST PRIVAT DE VALLONGUE;France
24410;ST PRIVAT DES PRES;France
30340;ST PRIVAT DES VIEUX;France
43380;ST PRIVAT DU DRAGON;France
48140;ST PRIVAT DU FAU;France
57124;ST PRIVAT LA MONTAGNE;France
71390;ST PRIVE;France
89220;ST PRIVE;France
03120;ST PRIX;France
07270;ST PRIX;France
71990;ST PRIX;France
95390;ST PRIX;France
21230;ST PRIX LES ARNAY;France
46300;ST PROJET;France
82160;ST PROJET;France
15140;ST PROJET DE SALERS;France
16110;ST PROJET ST CONSTANT;France
85110;ST PROUANT;France
45750;ST PRYVE ST MESMIN;France
32310;ST PUY;France
59730;ST PYTHON;France
17800;ST QUANTIN DE RANCANNE;France
22700;ST QUAY PERROS;France
22410;ST QUAY PORTRIEUX;France
02100;ST QUENTIN;France
76630;ST QUENTIN AU BOSC;France
33750;ST QUENTIN DE BARON;France
61360;ST QUENTIN DE BLAVOU;France
33220;ST QUENTIN DE CAPLONG;France
16210;ST QUENTIN DE CHALAIS;France
27270;ST QUENTIN DES ISLES;France
60380;ST QUENTIN DES PRES;France
47330;ST QUENTIN DU DROPT;France
49110;ST QUENTIN EN MAUGES;France
80120;ST QUENTIN EN TOURMONT;France
38070;ST QUENTIN FALLAVIER;France
23500;ST QUENTIN LA CHABANNE;France
80880;ST QUENTIN LA MOTTE CROIX BAILLY;France
30700;ST QUENTIN LA POTERIE;France
09500;ST QUENTIN LA TOUR;France
08220;ST QUENTIN LE PETIT;France
51120;ST QUENTIN LE VERGER;France
53400;ST QUENTIN LES ANGES;France
49150;ST QUENTIN LES BEAUREPAIRE;France
61800;ST QUENTIN LES CHARDONNETS;France
51300;ST QUENTIN LES MARAIS;France
41800;ST QUENTIN LES TROO;France
16150;ST QUENTIN SUR CHARENTE;France
51240;ST QUENTIN SUR COOLE;France
37310;ST QUENTIN SUR INDROIS;France
38210;ST QUENTIN SUR ISERE;France
50220;ST QUENTIN SUR LE HOMME;France
58150;ST QUENTIN SUR NOHAIN;France
63490;ST QUENTIN SUR SAUXILLANGES;France
63440;ST QUINTIN SUR SIOULE;France
09700;ST QUIRC;France
57560;ST QUIRIN;France
24210;ST RABIER;France
71800;ST RACHO;France
20214;ST RAINIER DE BALAGNE;France
26140;ST RAMBERT D ALBON;France
01230;ST RAMBERT EN BUGEY;France
24160;ST RAPHAEL;France
83700;ST RAPHAEL;France
42660;ST REGIS DU COIN;France
37530;ST REGLE;France
07700;ST REMEZE;France
54740;ST REMIMONT;France
88800;ST REMIMONT;France
01310;ST REMY;France
12200;ST REMY;France
14570;ST REMY;France
19290;ST REMY;France
21500;ST REMY;France
24700;ST REMY;France
70160;ST REMY;France
71100;ST REMY;France
79410;ST REMY;France
88480;ST REMY;France
62870;ST REMY AU BOIS;France
54290;ST REMY AUX BOIS;France
02210;ST REMY BLANZY;France
76260;ST REMY BOSCROCOURT;France
59620;ST REMY CHAUSSEE;France
63440;ST REMY DE BLOT;France
63500;ST REMY DE CHARGNAT;France
15110;ST REMY DE CHAUDES AIGUES;France
73660;ST REMY DE MAURIENNE;France
13210;ST REMY DE PROVENCE;France
15140;ST REMY DE SALERS;France
72140;ST REMY DE SILLE;France
50580;ST REMY DES LANDES;France
72600;ST REMY DES MONTS;France
59330;ST REMY DU NORD;France
35560;ST REMY DU PLAIN;France
72600;ST REMY DU VAL;France
51290;ST REMY EN BOUZEMONT ST GENEST;France
60130;ST REMY EN L EAU;France
49110;ST REMY EN MAUGES;France
86390;ST REMY EN MONTMORILLON;France
03110;ST REMY EN ROLLAT;France
78690;ST REMY L HONORE;France
55160;ST REMY LA CALONNE;France
77320;ST REMY LA VANNE;France
49250;ST REMY LA VARENNE;France
08300;ST REMY LE PETIT;France
78470;ST REMY LES CHEVREUSE;France
10700;ST REMY SOUS BARBUISE;France
51120;ST REMY SOUS BROYES;France
28380;ST REMY SUR AVRE;France
51600;ST REMY SUR BUSSY;France
86220;ST REMY SUR CREUSE;France
63550;ST REMY SUR DUROLLE;France
29290;ST RENAN;France
22120;ST RENE HILLION;France
26130;ST RESTITUT;France
85220;ST REVEREND;France
58420;ST REVERIEN;France
22270;ST RIEUL;France
72610;ST RIGOMER DES BOIS;France
41800;ST RIMAY;France
80135;ST RIQUIER;France
76340;ST RIQUIER EN RIVIERE;France
76460;ST RIQUIER ES PLAINS;France
42370;ST RIRAND;France
29190;ST RIVOAL;France
19310;ST ROBERT;France
47340;ST ROBERT;France
37390;ST ROCH;France
44160;ST ROCH;France
74700;ST ROCH;France
61350;ST ROCH SUR EGRENNE;France
17220;ST ROGATIEN;France
16210;ST ROMAIN;France
21190;ST ROMAIN;France
63660;ST ROMAIN;France
86250;ST ROMAIN;France
69270;ST ROMAIN AU MONT D OR;France
07290;ST ROMAIN D AY;France
42430;ST ROMAIN D URFE;France
17600;ST ROMAIN DE BENET;France
76430;ST ROMAIN DE COLBOSC;France
38460;ST ROMAIN DE JALIONAS;France
07130;ST ROMAIN DE LERPS;France
24540;ST ROMAIN DE MONPAZIER;France
69490;ST ROMAIN DE POPEY;France
38150;ST ROMAIN DE SURIEU;France
71570;ST ROMAIN DES ILES;France
69560;ST ROMAIN EN GAL;France
69700;ST ROMAIN EN GIER;France
42800;ST ROMAIN EN JAREZ;France
84110;ST ROMAIN EN VIENNOIS;France
24800;ST ROMAIN ET ST CLEMENT;France
42640;ST ROMAIN LA MOTTE;France
33240;ST ROMAIN LA VIRVEE;France
43620;ST ROMAIN LACHALM;France
47270;ST ROMAIN LE NOBLE;France
89116;ST ROMAIN LE PREUX;France
42610;ST ROMAIN LE PUY;France
42660;ST ROMAIN LES ATHEUX;France
71230;ST ROMAIN SOUS GOURDON;France
71420;ST ROMAIN SOUS VERSIGNY;France
41140;ST ROMAIN SUR CHER;France
17240;ST ROMAIN SUR GIRONDE;France
26410;ST ROMAN;France
06200;ST ROMAN DE BELLET;France
30440;ST ROMAN DE CODIERES;France
84290;ST ROMAN DE MALEGARDE;France
38160;ST ROMANS;France
79230;ST ROMANS DES CHAMPS;France
79500;ST ROMANS LES MELLE;France
31290;ST ROME;France
12490;ST ROME DE CERNON;France
48500;ST ROME DE DOLAN;France
12490;ST ROME DE TARN;France
50750;ST ROMPHAIRE;France
31620;ST RUSTICE;France
76680;ST SAENS;France
76270;ST SAIRE;France
12200;ST SALVADOU;France
19700;ST SALVADOUR;France
81530;ST SALVI DE CARCAVES;France
47360;ST SALVY;France
81490;ST SALVY DE LA BALME;France
14670;ST SAMSON;France
53140;ST SAMSON;France
56580;ST SAMSON;France
50750;ST SAMSON DE BONFOSSE;France
27680;ST SAMSON DE LA ROQUE;France
60220;ST SAMSON LA POTERIE;France
22100;ST SAMSON SUR RANCE;France
63450;ST SANDOUX;France
12300;ST SANTIN;France
15150;ST SANTIN CANTALES;France
15600;ST SANTIN DE MAURS;France
47360;ST SARDOS;France
82600;ST SARDOS;France
18300;ST SATUR;France
15190;ST SATURNIN;France
16290;ST SATURNIN;France
18370;ST SATURNIN;France
48500;ST SATURNIN;France
51260;ST SATURNIN;France
63450;ST SATURNIN;France
72650;ST SATURNIN;France
12560;ST SATURNIN DE LENNE;France
34725;ST SATURNIN DE LUCIAN;France
17700;ST SATURNIN DU BOIS;France
53800;ST SATURNIN DU LIMET;France
84490;ST SATURNIN LES APT;France
84450;ST SATURNIN LES AVIGNON;France
49320;ST SATURNIN SUR LOIRE;France
24470;ST SAUD LACOUSSIERE;France
80160;ST SAUFLIEU;France
58330;ST SAULGE;France
59880;ST SAULVE;France
15290;ST SAURY;France
17610;ST SAUVANT;France
86600;ST SAUVANT;France
63950;ST SAUVES D AUVERGNE;France
05200;ST SAUVEUR;France
21270;ST SAUVEUR;France
24520;ST SAUVEUR;France
29400;ST SAUVEUR;France
31790;ST SAUVEUR;France
33250;ST SAUVEUR;France
38160;ST SAUVEUR;France
54480;ST SAUVEUR;France
60320;ST SAUVEUR;France
70300;ST SAUVEUR;France
80470;ST SAUVEUR;France
86100;ST SAUVEUR;France
30750;ST SAUVEUR CAMPRIEU;France
17540;ST SAUVEUR D AUNIS;France
76110;ST SAUVEUR D EMALLEVILLE;France
61320;ST SAUVEUR DE CARROUGES;France
50150;ST SAUVEUR DE CHAULIEU;France
07460;ST SAUVEUR DE CRUZIERES;France
49500;ST SAUVEUR DE FLEE;France
48170;ST SAUVEUR DE GINESTOUX;France
79300;ST SAUVEUR DE GIVRE EN MA;France
49270;ST SAUVEUR DE LANDEMONT;France
47180;ST SAUVEUR DE MEILHAN;France
07190;ST SAUVEUR DE MONTAGUT;France
48130;ST SAUVEUR DE PEYRE;France
50250;ST SAUVEUR DE PIERREPONT;France
33660;ST SAUVEUR DE PUYNORMAND;France
35133;ST SAUVEUR DES LANDES;France
26340;ST SAUVEUR EN DIOIS;France
89520;ST SAUVEUR EN PUISAYE;France
42220;ST SAUVEUR EN RUE;France
26110;ST SAUVEUR GOUVERNET;France
50510;ST SAUVEUR LA POMMERAYE;France
63220;ST SAUVEUR LA SAGNE;France
46240;ST SAUVEUR LA VALLEE;France
24700;ST SAUVEUR LALANDE;France
50390;ST SAUVEUR LE VICOMTE;France
50490;ST SAUVEUR LENDELIN;France
65120;ST SAUVEUR LES BAINS;France
77480;ST SAUVEUR LES BRAY;France
28170;ST SAUVEUR MARVILLE;France
77930;ST SAUVEUR SUR ECOLE;France
06420;ST SAUVEUR SUR TINEE;France
03370;ST SAUVIER;France
32270;ST SAUVY;France
33920;ST SAVIN;France
38300;ST SAVIN;France
65400;ST SAVIN;France
86310;ST SAVIN;France
17350;ST SAVINIEN;France
86400;ST SAVIOL;France
13119;ST SAVOURNIN;France
23160;ST SEBASTIEN;France
38710;ST SEBASTIEN;France
30140;ST SEBASTIEN D AIGREFEUILLE;France
27180;ST SEBASTIEN DE MORSENT;France
50190;ST SEBASTIEN DE RAIDS;France
44230;ST SEBASTIEN SUR LOIRE;France
86350;ST SECONDIN;France
29590;ST SEGAL;France
35330;ST SEGLIN;France
58250;ST SEINE;France
21130;ST SEINE EN BACHE;France
21440;ST SEINE L ABBAYE;France
21610;ST SEINE SUR VINGEANNE;France
33650;ST SELVE;France
50240;ST SENIER DE BEUVRON;France
50300;ST SENIER SOUS AVRANCHES;France
37600;ST SENOCH;France
35580;ST SENOUX;France
34400;ST SERIES;France
07200;ST SERNIN;France
11420;ST SERNIN;France
47120;ST SERNIN;France
71200;ST SERNIN DU BOIS;France
71510;ST SERNIN DU PLAIN;France
81700;ST SERNIN LES LAVAUR;France
12380;ST SERNIN SUR RANCE;France
89140;ST SEROTIN;France
22160;ST SERVAIS;France
29400;ST SERVAIS;France
35400;ST SERVAN SUR MER;France
56120;ST SERVANT;France
19290;ST SETIERS;France
33710;ST SEURIN DE BOURG;France
33180;ST SEURIN DE CADOURNE;France
33390;ST SEURIN DE CURSAC;France
17800;ST SEURIN DE PALENNE;France
24230;ST SEURIN DE PRATS;France
33660;ST SEURIN SUR L ISLE;France
33190;ST SEVE;France
40500;ST SEVER;France
14380;ST SEVER CALVADOS;France
65140;ST SEVER DE RUSTAN;France
17800;ST SEVER DE SAINTONGE;France
12370;ST SEVER DU MOUSTIER;France
16390;ST SEVERIN;France
24190;ST SEVERIN D ESTISSAC;France
17330;ST SEVERIN SUR BOUTONNE;France
30700;ST SIFFRET;France
45310;ST SIGISMOND;France
49123;ST SIGISMOND;France
74300;ST SIGISMOND;France
85420;ST SIGISMOND;France
17240;ST SIGISMOND DE CLERMONT;France
23600;ST SILVAIN BAS LE ROC;France
23190;ST SILVAIN BELLEGARDE;France
23320;ST SILVAIN MONTAIGUT;France
23140;ST SILVAIN SOUS TOULX;France
27560;ST SIMEON;France
61350;ST SIMEON;France
77169;ST SIMEON;France
38870;ST SIMEON DE BRESSIEUX;France
16120;ST SIMEUX;France
02640;ST SIMON;France
15130;ST SIMON;France
16120;ST SIMON;France
46320;ST SIMON;France
17500;ST SIMON DE BORDES;France
17260;ST SIMON DE PELLOUAILLE;France
74800;ST SIXT;France
42130;ST SIXTE;France
47220;ST SIXTE;France
22100;ST SOLEN;France
19130;ST SOLVE;France
69440;ST SORLIN;France
73530;ST SORLIN D ARVES;France
17150;ST SORLIN DE CONAC;France
38510;ST SORLIN DE MORESTEL;France
38200;ST SORLIN DE VIENNE;France
01150;ST SORLIN EN BUGEY;France
26210;ST SORLIN EN VALLOIRE;France
03240;ST SORNIN;France
16220;ST SORNIN;France
17600;ST SORNIN;France
85540;ST SORNIN;France
87210;ST SORNIN LA MARCHE;France
19230;ST SORNIN LAVOLPS;France
87290;ST SORNIN LEULAC;France
32220;ST SOULAN;France
59360;ST SOUPLET;France
51600;ST SOUPLET SUR PY;France
77165;ST SOUPPLETS;France
46200;ST SOZY;France
88210;ST STAIL;France
35430;ST SULIAC;France
01340;ST SULPICE;France
16460;ST SULPICE;France
41000;ST SULPICE;France
46160;ST SULPICE;France
49320;ST SULPICE;France
53360;ST SULPICE;France
58270;ST SULPICE;France
60430;ST SULPICE;France
63760;ST SULPICE;France
70110;ST SULPICE;France
73160;ST SULPICE;France
81370;ST SULPICE;France
17250;ST SULPICE D ARNOULT;France
24800;ST SULPICE D EXCIDEUIL;France
16370;ST SULPICE DE COGNAC;France
33330;ST SULPICE DE FALEYRENS;France
91910;ST SULPICE DE FAVIERES;France
27210;ST SULPICE DE GRIMBOUVILLE;France
33580;ST SULPICE DE GUILLERAGUES;France
24340;ST SULPICE DE MAREUIL;France
33540;ST SULPICE DE POMMIERS;France
24600;ST SULPICE DE ROUMAGNAC;France
17200;ST SULPICE DE ROYAN;France
16460;ST SULPICE DE RUFFEC;France
35390;ST SULPICE DES LANDES;France
44540;ST SULPICE DES LANDES;France
38620;ST SULPICE DES RIVOIRES;France
85410;ST SULPICE EN PAREDS;France
33450;ST SULPICE ET CAMEYRAC;France
35250;ST SULPICE LA FORET;France
87370;ST SULPICE LAURIERE;France
23800;ST SULPICE LE DUNOIS;France
23000;ST SULPICE LE GUERETOIS;France
85260;ST SULPICE LE VERDON;France
19250;ST SULPICE LES BOIS;France
23480;ST SULPICE LES CHAMPS;France
87160;ST SULPICE LES FEUILLES;France
31410;ST SULPICE SUR LEZE;France
61300;ST SULPICE SUR RISLE;France
54620;ST SUPPLET;France
14190;ST SYLVAIN;France
19380;ST SYLVAIN;France
76460;ST SYLVAIN;France
49480;ST SYLVAIN D ANJOU;France
07440;ST SYLVESTRE;France
74540;ST SYLVESTRE;France
87240;ST SYLVESTRE;France
59114;ST SYLVESTRE CAPPEL;France
27260;ST SYLVESTRE DE CORMEILLES;France
63310;ST SYLVESTRE PRAGOULIN;France
47140;ST SYLVESTRE SUR LOT;France
04200;ST SYMPHORIEN;France
18190;ST SYMPHORIEN;France
27500;ST SYMPHORIEN;France
33113;ST SYMPHORIEN;France
35630;ST SYMPHORIEN;France
48600;ST SYMPHORIEN;France
72240;ST SYMPHORIEN;France
79270;ST SYMPHORIEN;France
71570;ST SYMPHORIEN D ANCELLES;France
69360;ST SYMPHORIEN D OZON;France
42470;ST SYMPHORIEN DE LAY;France
07290;ST SYMPHORIEN DE MAHUN;France
71710;ST SYMPHORIEN DE MARMAGNE;France
12460;ST SYMPHORIEN DE THENIERES;France
71800;ST SYMPHORIEN DES BOIS;France
61300;ST SYMPHORIEN DES BRUYERES;France
50640;ST SYMPHORIEN DES MONTS;France
28700;ST SYMPHORIEN LE CHATEAU;France
50250;ST SYMPHORIEN LE VALOIS;France
50160;ST SYMPHORIEN LES BUTTES;France
07210;ST SYMPHORIEN SOUS CHOMERAC;France
69590;ST SYMPHORIEN SUR COISE;France
87140;ST SYMPHORIEN SUR COUZE;France
21170;ST SYMPHORIEN SUR SAONE;France
29410;ST THEGONNEC;France
22460;ST THELO;France
30260;ST THEODORIT;France
38119;ST THEOFFREY;France
73160;ST THIBAUD DE COUZ;France
10800;ST THIBAULT;France
21350;ST THIBAULT;France
60210;ST THIBAULT;France
77400;ST THIBAULT DES VIGNES;France
02220;ST THIBAUT;France
34630;ST THIBERY;France
39110;ST THIEBAUD;France
52150;ST THIEBAULT;France
51220;ST THIERRY;France
29520;ST THOIS;France
02820;ST THOMAS;France
31470;ST THOMAS;France
17150;ST THOMAS DE CONAC;France
53160;ST THOMAS DE COURCERIERS;France
51800;ST THOMAS EN ARGONNE;France
26190;ST THOMAS EN ROYANS;France
42600;ST THOMAS LA GARDE;France
07220;ST THOME;France
29800;ST THONAN;France
35190;ST THUAL;France
35310;ST THURIAL;France
56300;ST THURIAU;France
27680;ST THURIEN;France
29380;ST THURIEN;France
42111;ST THURIN;France
62185;ST TRICAT;France
22510;ST TRIMOEL;France
84390;ST TRINIT;France
01560;ST TRIVIER DE COURTES;France
01990;ST TRIVIER SUR MOIGNANS;France
33710;ST TROJAN;France
17370;ST TROJAN LES BAINS;France
83990;ST TROPEZ;France
56540;ST TUGDUAL;France
72320;ST ULPHACE;France
68210;ST ULRICH;France
35360;ST UNIAC;France
29800;ST URBAIN;France
85230;ST URBAIN;France
52300;ST URBAIN MACONCOURT;France
47270;ST URCISSE;France
81630;ST URCISSE;France
15110;ST URCIZE;France
50320;ST URSIN;France
10360;ST USAGE;France
21170;ST USAGE;France
71500;ST USUGE;France
51290;ST UTIN;France
26240;ST UZE;France
76510;ST VAAST D EQUIQUEVILLE;France
60410;ST VAAST DE LONGMONT;France
76450;ST VAAST DIEPPEDALLE;France
76890;ST VAAST DU VAL;France
14640;ST VAAST EN AUGE;France
59188;ST VAAST EN CAMBRESIS;France
80310;ST VAAST EN CHAUSSEE;France
50550;ST VAAST LA HOUGUE;France
60660;ST VAAST LES MELLO;France
14250;ST VAAST SUR SEULLES;France
17100;ST VAIZE;France
70300;ST VALBERT;France
36100;ST VALENTIN;France
85570;ST VALERIEN;France
89150;ST VALERIEN;France
60220;ST VALERY;France
76460;ST VALERY EN CAUX;France
80230;ST VALERY SUR SOMME;France
71390;ST VALLERIN;France
16480;ST VALLIER;France
26240;ST VALLIER;France
71230;ST VALLIER;France
88270;ST VALLIER;France
06460;ST VALLIER DE THIEY;France
52200;ST VALLIER SUR MARNE;France
79330;ST VARENT;France
23320;ST VAURY;France
62350;ST VENANT;France
43580;ST VENERAND;France
58310;ST VERAIN;France
05350;ST VERAN;France
38160;ST VERAND;France
69620;ST VERAND;France
71570;ST VERAND;France
43440;ST VERT;France
19240;ST VIANCE;France
41210;ST VIATRE;France
44320;ST VIAUD;France
72130;ST VICTEUR;France
03410;ST VICTOR;France
07410;ST VICTOR;France
15150;ST VICTOR;France
24350;ST VICTOR;France
27800;ST VICTOR D EPINE;France
28240;ST VICTOR DE BUTHON;France
38110;ST VICTOR DE CESSIEU;France
27300;ST VICTOR DE CHRETIENVILLE;France
30500;ST VICTOR DE MALCAP;France
38510;ST VICTOR DE MORESTEL;France
61290;ST VICTOR DE RENO;France
30700;ST VICTOR DES OULES;France
23000;ST VICTOR EN MARCHE;France
12400;ST VICTOR ET MELVIEU;France
76890;ST VICTOR L ABBAYE;France
30290;ST VICTOR LA COSTE;France
63790;ST VICTOR LA RIVIERE;France
43140;ST VICTOR MALESCOURS;France
63550;ST VICTOR MONTVIANEIX;France
09100;ST VICTOR ROUZAUD;France
43500;ST VICTOR SUR ARLANC;France
27130;ST VICTOR SUR AVRE;France
42230;ST VICTOR SUR LOIRE;France
21410;ST VICTOR SUR OUCHE;France
42630;ST VICTOR SUR RHINS;France
13730;ST VICTORET;France
19200;ST VICTOUR;France
87420;ST VICTURNIEN;France
43320;ST VIDAL;France
27930;ST VIGOR;France
76430;ST VIGOR D YMONVILLE;France
14770;ST VIGOR DES MEZERETS;France
50420;ST VIGOR DES MONTS;France
14400;ST VIGOR LE GRAND;France
31290;ST VINCENT;France
43800;ST VINCENT;France
63320;ST VINCENT;France
64800;ST VINCENT;France
69440;ST VINCENT;France
71430;ST VINCENT BRAGNY;France
76430;ST VINCENT CRAMESNIL;France
82300;ST VINCENT D AUTEJAC;France
34390;ST VINCENT D OLARGUES;France
34730;ST VINCENT DE BARBEYRARGUES;France
07210;ST VINCENT DE BARRES;France
42120;ST VINCENT DE BOISSET;France
24190;ST VINCENT DE CONNEZAC;France
24220;ST VINCENT DE COSSE;France
07360;ST VINCENT DE DURFORT;France
47310;ST VINCENT DE LAMONTJOIE;France
38660;ST VINCENT DE MERCUZE;France
33440;ST VINCENT DE PAUL;France
40990;ST VINCENT DE PAUL;France
33420;ST VINCENT DE PERTIGNAS;France
69240;ST VINCENT DE REINS;France
15380;ST VINCENT DE SALERS;France
40230;ST VINCENT DE TYROSSE;France
27950;ST VINCENT DES BOIS;France
44590;ST VINCENT DES LANDES;France
71250;ST VINCENT DES PRES;France
72600;ST VINCENT DES PRES;France
27230;ST VINCENT DU BOULAY;France
72150;ST VINCENT DU LOROUER;France
46400;ST VINCENT DU PENDIT;France
71440;ST VINCENT EN BRESSE;France
24410;ST VINCENT JALMOUTIERS;France
79500;ST VINCENT LA CHATRE;France
26300;ST VINCENT LA COMMANDERIE;France
24200;ST VINCENT LE PALUEL;France
04340;ST VINCENT LES FORTS;France
82400;ST VINCENT LESPINASSE;France
85480;ST VINCENT PUYMAUFRAIS;France
46140;ST VINCENT RIVE D OLT;France
85110;ST VINCENT STERLANGES;France
85540;ST VINCENT SUR GRAON;France
04200;ST VINCENT SUR JABRON;France
85520;ST VINCENT SUR JARD;France
24420;ST VINCENT SUR L ISLE;France
56350;ST VINCENT SUR OUST;France
89430;ST VINNEMER;France
25410;ST VIT;France
73460;ST VITAL;France
47500;ST VITE;France
18360;ST VITTE;France
87380;ST VITTE SUR BRIANCE;France
17220;ST VIVIEN;France
24230;ST VIVIEN;France
33920;ST VIVIEN DE BLAYE;France
33590;ST VIVIEN DE MEDOC;France
33580;ST VIVIEN DE MONSEGUR;France
03220;ST VOIR;France
29440;ST VOUGAY;France
51340;ST VRAIN;France
91770;ST VRAIN;France
22230;ST VRAN;France
01150;ST VULBAS;France
59570;ST WAAST;France
76490;ST WANDRILLE RANCON;France
95470;ST WITZ;France
17138;ST XANDRE;France
40400;ST YAGUEN;France
71600;ST YAN;France
19140;ST YBARD;France
09210;ST YBARS;France
39100;ST YLIE;France
91650;ST YON;France
03270;ST YORRE;France
23460;ST YRIEIX LA MONTAGNE;France
87500;ST YRIEIX LA PERCHE;France
19300;ST YRIEIX LE DEJALAT;France
23150;ST YRIEIX LES BOIS;France
87700;ST YRIEIX SOUS AIXE;France
16710;ST YRIEIX SUR CHARENTE;France
71460;ST YTHAIRE;France
63500;ST YVOINE;France
29140;ST YVY;France
33920;ST YZAN DE SOUDIAC;France
33340;ST YZANS DE MEDOC;France
83640;ST ZACHARIE;France
68850;STAFFELFELDEN;France
93240;STAINS;France
55500;STAINVILLE;France
59190;STAPLE;France
67770;STATTMATTEN;France
20229;STAZZONA;France
76310;STE ADRESSE;France
63120;STE AGATHE;France
76660;STE AGATHE D ALIERMONT;France
42510;STE AGATHE EN DONZY;France
42130;STE AGATHE LA BOUTERESSE;France
06500;STE AGNES;France
38190;STE AGNES;France
39190;STE AGNES;France
46170;STE ALAUZIE;France
24510;STE ALVERE;France
15170;STE ANASTASIE;France
30190;STE ANASTASIE;France
83136;STE ANASTASIE SUR ISSOLE;France
04530;STE ANNE;France
25270;STE ANNE;France
32430;STE ANNE;France
41100;STE ANNE;France
56400;STE ANNE D AURAY;France
83330;STE ANNE DU CASTELLET;France
87120;STE ANNE ST PRIEST;France
44160;STE ANNE SUR BRIVET;France
38440;STE ANNE SUR GERVONDE;France
35390;STE ANNE SUR VILAINE;France
77260;STE AULDE;France
32300;STE AURENCE CAZAUX;France
62140;STE AUSTREBERTHE;France
76570;STE AUSTREBERTHE;France
57640;STE BARBE;France
88700;STE BARBE;France
27600;STE BARBE SUR GAILLON;France
47180;STE BAZEILLE;France
76270;STE BEUVE EN RIVIERE;France
38110;STE BLANDINE;France
79370;STE BLANDINE;France
56480;STE BRIGITTE;France
11410;STE CAMELLE;France
62223;STE CATHERINE;France
63580;STE CATHERINE;France
69440;STE CATHERINE;France
37800;STE CATHERINE DE FIERBOIS;France
36210;STE CECILE;France
50800;STE CECILE;France
62176;STE CECILE;France
71250;STE CECILE;France
85110;STE CECILE;France
30110;STE CECILE D ANDORGE;France
81140;STE CECILE DU CAYROU;France
84290;STE CECILE LES VIGNES;France
61380;STE CERONNE LES MORTAGNE;France
72120;STE CEROTTE;France
32390;STE CHRISTIE;France
32370;STE CHRISTIE D ARMAGNAC;France
49120;STE CHRISTINE;France
63390;STE CHRISTINE;France
85490;STE CHRISTINE;France
16230;STE COLOMBE;France
17210;STE COLOMBE;France
21350;STE COLOMBE;France
25300;STE COLOMBE;France
33350;STE COLOMBE;France
35134;STE COLOMBE;France
40700;STE COLOMBE;France
46120;STE COLOMBE;France
50390;STE COLOMBE;France
69560;STE COLOMBE;France
76460;STE COLOMBE;France
77650;STE COLOMBE;France
89440;STE COLOMBE;France
47120;STE COLOMBE DE DURAS;France
66300;STE COLOMBE DE LA COMMANDERIE;France
48130;STE COLOMBE DE PEYRE;France
47300;STE COLOMBE DE VILLENEUVE;France
58220;STE COLOMBE DES BOIS;France
47310;STE COLOMBE EN BRUILHOIS;France
27110;STE COLOMBE LA COMMANDERIE;France
27950;STE COLOMBE PRES VERNON;France
42540;STE COLOMBE SUR GAND;France
11140;STE COLOMBE SUR GUETTE;France
11230;STE COLOMBE SUR L HERS;France
89520;STE COLOMBE SUR LOING;France
21400;STE COLOMBE SUR SEINE;France
64260;STE COLOME;France
69280;STE CONSORCE;France
01120;STE CROIX;France
02820;STE CROIX;France
12260;STE CROIX;France
24440;STE CROIX;France
26150;STE CROIX;France
46800;STE CROIX;France
71470;STE CROIX;France
81150;STE CROIX;France
04110;STE CROIX A LAUZE;France
68160;STE CROIX AUX MINES;France
30460;STE CROIX DE CADERLE;France
24340;STE CROIX DE MAREUIL;France
34270;STE CROIX DE QUINTILLARGUES;France
04500;STE CROIX DE VERDON;France
33410;STE CROIX DU MONT;France
42800;STE CROIX EN JAREZ;France
68127;STE CROIX EN PLAINE;France
14740;STE CROIX GRAND TONNE;France
50440;STE CROIX HAGUE;France
27500;STE CROIX SUR AIZIER;France
76750;STE CROIX SUR BUCHY;France
14480;STE CROIX SUR MER;France
61210;STE CROIX SUR ORNE;France
48110;STE CROIX VALLEE FRANCAISE;France
09230;STE CROIX VOLVESTRE;France
32170;STE DODE;France
79800;STE EANNE;France
64560;STE ENGRACE;France
48210;STE ENIMIE;France
43230;STE EUGENIE DE VILLENEUVE;France
50870;STE EUGIENNE;France
07510;STE EULALIE;France
11170;STE EULALIE;France
15140;STE EULALIE;France
33560;STE EULALIE;France
48120;STE EULALIE;France
24640;STE EULALIE D ANS;France
24500;STE EULALIE D EYMET;France
12130;STE EULALIE D OLT;France
12230;STE EULALIE DE CERNON;France
40200;STE EULALIE EN BORN;France
26190;STE EULALIE EN ROYANS;France
01600;STE EUPHEMIE;France
26170;STE EUPHEMIE SUR OUVEZE;France
60480;STE EUSOYE;France
36100;STE FAUSTE;France
19270;STE FEREOLE;France
23000;STE FEYRE;France
23500;STE FEYRE LA MONTAGNE;France
85150;STE FLAIVE DES LOUPS;France
33350;STE FLORENCE;France
85140;STE FLORENCE;France
43250;STE FLORINE;France
09500;STE FOI;France
19490;STE FORTUNADE;France
40190;STE FOY;France
71110;STE FOY;France
76590;STE FOY;France
85150;STE FOY;France
31570;STE FOY D AIGREFEUILLE;France
24170;STE FOY DE BELVES;France
24510;STE FOY DE LONGAS;France
14140;STE FOY DE MONTGOMMERY;France
31470;STE FOY DE PEYROLIERES;France
69610;STE FOY L ARGENTIERE;France
33220;STE FOY LA GRANDE;France
33490;STE FOY LA LONGUE;France
69110;STE FOY LES LYON;France
42110;STE FOY ST SULPICE;France
73640;STE FOY TARENTAISE;France
61370;STE GAUBURGE STE COLOMBE;France
17250;STE GEMME;France
32120;STE GEMME;France
33580;STE GEMME;France
36500;STE GEMME;France
51700;STE GEMME;France
79330;STE GEMME;France
81190;STE GEMME;France
18240;STE GEMME EN SANCERROIS;France
85400;STE GEMME LA PLAINE;France
47250;STE GEMME MARTAILLAC;France
28500;STE GEMME MORONVAL;France
41290;STE GEMMES;France
49500;STE GEMMES D ANDIGNE;France
53600;STE GEMMES LE ROBERT;France
49130;STE GEMMES SUR LOIRE;France
02340;STE GENEVIEVE;France
50760;STE GENEVIEVE;France
54700;STE GENEVIEVE;France
60730;STE GENEVIEVE;France
76440;STE GENEVIEVE;France
45230;STE GENEVIEVE DES BOIS;France
91700;STE GENEVIEVE DES BOIS;France
27620;STE GENEVIEVE LES GASNY;France
12420;STE GENEVIEVE SUR ARGENCE;France
33480;STE HELENE;France
48190;STE HELENE;France
56700;STE HELENE;France
71390;STE HELENE;France
88700;STE HELENE;France
76400;STE HELENE BONDEVILLE;France
73800;STE HELENE DU LAC;France
73460;STE HELENE SUR ISERE;France
85210;STE HERMINE;France
14240;STE HONORINE DE DUCY;France
14520;STE HONORINE DES PERTES;France
14210;STE HONORINE DU FAY;France
61430;STE HONORINE LA CHARDONNE;France
61210;STE HONORINE LA GUILLAUME;France
24500;STE INNOCENCE;France
26110;STE JALLE;France
72380;STE JAMME SUR SARTHE;France
01150;STE JULIE;France
82110;STE JULIETTE;France
12120;STE JULIETTE SUR VIAUR;France
66800;STE LEOCADIE;France
17520;STE LHEURINE;France
52290;STE LIVIERE;France
31530;STE LIVRADE;France
47110;STE LIVRADE SUR LOT;France
36260;STE LIZAIGNE;France
38970;STE LUCE;France
44980;STE LUCE SUR LOIRE;France
20144;STE LUCIE DE PORTO VECCHIO;France
20112;STE LUCIE DE TALLANO;France
18340;STE LUNAISE;France
89420;STE MAGNANCE;France
43230;STE MARGUERITE;France
88100;STE MARGUERITE;France
14330;STE MARGUERITE D ELLE;France
61320;STE MARGUERITE DE CARROUGES;France
27160;STE MARGUERITE DE L AUTEL;France
14140;STE MARGUERITE DE VIETTE;France
14140;STE MARGUERITE DES LOGES;France
27410;STE MARGUERITE EN OUCHE;France
07140;STE MARGUERITE LAFIGERE;France
76480;STE MARGUERITE SUR DUCLAIR;France
76640;STE MARGUERITE SUR FAUVILLE;France
76119;STE MARGUERITE SUR MER;France
05150;STE MARIE;France
08400;STE MARIE;France
15230;STE MARIE;France
16210;STE MARIE;France
25113;STE MARIE;France
32200;STE MARIE;France
35600;STE MARIE;France
58330;STE MARIE;France
65370;STE MARIE;France
66470;STE MARIE;France
51600;STE MARIE A PY;France
76280;STE MARIE AU BOSC;France
14270;STE MARIE AUX ANGLAIS;France
57255;STE MARIE AUX CHENES;France
68160;STE MARIE AUX MINES;France
59670;STE MARIE CAPPEL;France
38660;STE MARIE D ALLOIX;France
73240;STE MARIE D ALVEY;France
65710;STE MARIE DE CAMPAN;France
24330;STE MARIE DE CHIGNAC;France
73130;STE MARIE DE CUINES;France
40390;STE MARIE DE GOSSE;France
17740;STE MARIE DE RE;France
27150;STE MARIE DE VATIMESNIL;France
87420;STE MARIE DE VAUX;France
76190;STE MARIE DES CHAMPS;France
43300;STE MARIE DES CHAZES;France
50640;STE MARIE DU BOIS;France
53110;STE MARIE DU BOIS;France
83330;STE MARIE DU CASTELLET;France
51290;STE MARIE DU LAC NUISEMEN;France
51290;STE MARIE DU LAC NUISEMENT;France
38660;STE MARIE DU MONT;France
50480;STE MARIE DU MONT;France
70310;STE MARIE EN CHANOIS;France
70300;STE MARIE EN CHAUX;France
62370;STE MARIE KERQUE;France
21200;STE MARIE LA BLANCHE;France
61320;STE MARIE LA ROBERT;France
19160;STE MARIE LAPANOUZE;France
14350;STE MARIE LAUMONT;France
14380;STE MARIE OUTRE L EAU;France
44210;STE MARIE SUR MER;France
21410;STE MARIE SUR OUCHE;France
27190;STE MARTHE;France
47430;STE MARTHE;France
10150;STE MAURE;France
47170;STE MAURE DE PEYRIAC;France
37800;STE MAURE DE TOURAINE;France
83120;STE MAXIME;France
17770;STE MEME;France
51800;STE MENEHOULD;France
32700;STE MERE;France
50480;STE MERE EGLISE;France
78730;STE MESME;France
24370;STE MONDANE;France
18700;STE MONTAINE;France
24200;STE NATHALENE;France
79260;STE NEOMAYE;France
01330;STE OLIVE;France
61100;STE OPPORTUNE;France
27110;STE OPPORTUNE DU BOSC;France
27680;STE OPPORTUNE LA MARE;France
24210;STE ORSE;France
72120;STE OSMANE;France
79220;STE OUENNE;France
89460;STE PALLAYE;France
69620;STE PAULE;France
44680;STE PAZANNE;France
85320;STE PEXINE;France
79000;STE PEZENNE;France
50870;STE PIENCE;France
54540;STE POLE;France
02350;STE PREUVE;France
12850;STE RADEGONDE;France
17250;STE RADEGONDE;France
24560;STE RADEGONDE;France
32500;STE RADEGONDE;France
33350;STE RADEGONDE;France
71320;STE RADEGONDE;France
79100;STE RADEGONDE;France
86300;STE RADEGONDE;France
85450;STE RADEGONDE DES NOYERS;France
17240;STE RAMEE;France
70700;STE REINE;France
73630;STE REINE;France
44160;STE REINE DE BRETAGNE;France
57130;STE RUFFINE;France
21320;STE SABINE;France
24440;STE SABINE BORN;France
72380;STE SABINE SUR LONGEVE;France
10300;STE SAVINE;France
61170;STE SCOLASSE SUR SARTHE;France
80290;STE SEGREE;France
29600;STE SEVE;France
16200;STE SEVERE;France
36160;STE SEVERE SUR INDRE;France
43600;STE SIGOLENE;France
18220;STE SOLANGE;France
79120;STE SOLINE;France
16480;STE SOULINE;France
17220;STE SOULLE;France
09130;STE SUZANNE;France
25630;STE SUZANNE;France
53270;STE SUZANNE;France
64300;STE SUZANNE;France
50250;STE SUZANNE EN BAUPTOIS;France
50750;STE SUZANNE SUR VIRE;France
33350;STE TERRE;France
03420;STE THERENCE;France
18500;STE THORETTE;France
22480;STE TREPHINE;France
24160;STE TRIE;France
04220;STE TULLE;France
11120;STE VALIERE;France
08130;STE VAUBOURG;France
79100;STE VERGE;France
89310;STE VERTU;France
59189;STEENBECQUE;France
59380;STEENE;France
59114;STEENVOORDE;France
59181;STEENWERCK;France
67220;STEIGE;France
67130;STEINBACH;France
68700;STEINBACH;France
67790;STEINBOURG;France
68440;STEINBRUNN LE BAS;France
68440;STEINBRUNN LE HAUT;France
67160;STEINSELTZ;France
68640;STEINSOULTZ;France
62780;STELLA;France
55700;STENAY;France
68780;STERNENBERG;France
68510;STETTEN;France
89160;STIGNY;France
67190;STILL;France
57350;STIRING WENDEL;France
08390;STONNE;France
68470;STORCKENSOHN;France
68140;STOSSWIHR;France
67140;STOTZHEIM;France
67000;STRASBOURG;France
67100;STRASBOURG;France
67200;STRASBOURG;France
59270;STRAZEELE;France
46110;STRENQUELS;France
68580;STRUETH;France
67290;STRUTH;France
57970;STUCKANGE;France
67250;STUNDWILLER;France
57230;STURZELBRONN;France
67370;STUTZHEIM OFFENHEIM;France
90100;SUARCE;France
20214;SUARE;France
70120;SUAUCOURT ET PISSELOUP;France
16260;SUAUX;France
37310;SUBLAINES;France
14400;SUBLES;France
18260;SUBLIGNY;France
50870;SUBLIGNY;France
89100;SUBLIGNY;France
09220;SUC ET SENTENAC;France
38300;SUCCIEU;France
44240;SUCE SUR ERDRE;France
94370;SUCY EN BRIE;France
41500;SUEVRES;France
63490;SUGERES;France
08400;SUGNY;France
64780;SUHESCUN;France
58150;SUILLY LA TOUR;France
71220;SUIN;France
51600;SUIPPES;France
77166;SUISNES;France
57340;SUISSE;France
51270;SUIZY LE FRANC;France
01400;SULIGNAT;France
14400;SULLY;France
60380;SULLY;France
71360;SULLY;France
45450;SULLY LA CHAPELLE;France
45600;SULLY SUR LOIRE;France
56250;SULNIAC;France
30440;SUMENE;France
68280;SUNDHOFFEN;France
67920;SUNDHOUSE;France
63610;SUPER BESSE;France
15300;SUPER LIORAN;France
31110;SUPERBAGNERES;France
66210;SUPERBOLQUERE;France
05250;SUPERDEVOLUY;France
39300;SUPT;France
63720;SURAT;France
09400;SURBA;France
67250;SURBOURG;France
80620;SURCAMPS;France
87130;SURDOUX;France
61360;SURE;France
92150;SURESNES;France
72370;SURFONDS;France
02240;SURFONTAINE;France
17700;SURGERES;France
58500;SURGY;France
88140;SURIAUVILLE;France
79220;SURIN;France
86250;SURIN;France
16270;SURIS;France
01420;SURJOUX;France
25380;SURMONT;France
62850;SURQUES;France
14710;SURRAIN;France
50270;SURTAINVILLE;France
27400;SURTAUVILLE;France
61310;SURVIE;France
14130;SURVILLE;France
27400;SURVILLE;France
50250;SURVILLE;France
95470;SURVILLIERS;France
08090;SURY;France
45530;SURY AUX BOIS;France
18300;SURY EN VAUX;France
18260;SURY ES BOIS;France
42450;SURY LE COMTAL;France
18240;SURY PRES LERE;France
56450;SURZUR;France
64190;SUS;France
62810;SUS ST LEGER;France
64190;SUSMIOU;France
87130;SUSSAC;France
34160;SUSSARGUES;France
03450;SUSSAT;France
21430;SUSSEY;France
38350;SUSVILLE;France
01260;SUTRIEU;France
09240;SUZAN;France
08130;SUZANNE;France
80340;SUZANNE;France
52300;SUZANNECOURT;France
27420;SUZAY;France
26400;SUZE;France
26790;SUZE LA ROUSSE;France
84190;SUZETTE;France
60400;SUZOY;France
02320;SUZY;France
08390;SY;France
39300;SYAM;France
27240;SYLVAINS LES MOULINS;France
12360;SYLVANES;France
30600;SYLVEREAL;France
