59380;QUAEDYPRE;France
38950;QUAIX EN CHARTREUSE;France
18110;QUANTILLY;France
34310;QUARANTE;France
59243;QUAROUBLE;France
89630;QUARRE LES TOMBES;France
20142;QUASQUARA;France
08400;QUATRE CHAMPS;France
12850;QUATRE SAISONS;France
27400;QUATREMARE;France
67117;QUATZENHEIM;France
62860;QUEANT;France
86150;QUEAUX;France
35190;QUEBRIAC;France
35290;QUEDILLAC;France
73720;QUEIGE;France
53360;QUELAINES ST GAULT;France
62500;QUELMES;France
56910;QUELNEUC;France
29180;QUEMENEVEN;France
21220;QUEMIGNY POISOT;France
21510;QUEMIGNY SUR SEINE;France
22260;QUEMPER GUEZENNEC;France
22450;QUEMPERVEN;France
80120;QUEND;France
89290;QUENNE;France
70190;QUENOCHE;France
20122;QUENZA;France
62380;QUERCAMPS;France
20213;QUERCIOLO;France
20237;QUERCITELLO;France
59269;QUERENAING;France
09460;QUERIGUT;France
62120;QUERNES;France
50460;QUERQUEVILLE;France
49330;QUERRE;France
29310;QUERRIEN;France
80115;QUERRIEU;France
70200;QUERS;France
60640;QUESMY;France
14240;QUESNAY GUESNON;France
80132;QUESNOY LE MONTANT;France
80270;QUESNOY SUR AIRAINES;France
59890;QUESNOY SUR DEULE;France
62240;QUESQUES;France
27220;QUESSIGNY;France
22120;QUESSOY;France
02700;QUESSY;France
56230;QUESTEMBERT;France
62830;QUESTRECQUES;France
38970;QUET EN BEAUMONT;France
14270;QUETIEVILLE;France
21800;QUETIGNY;France
50630;QUETTEHOU;France
50260;QUETTETOT;France
14130;QUETTEVILLE;France
50660;QUETTREVILLE SUR SIENNE;France
51120;QUEUDES;France
63780;QUEUILLE;France
80710;QUEVAUVILLERS;France
56530;QUEVEN;France
22100;QUEVERT;France
76840;QUEVILLON;France
54330;QUEVILLONCOURT;France
76520;QUEVREVILLE LA POTERIE;France
33340;QUEYRAC;France
43260;QUEYRIERES;France
24140;QUEYSSAC;France
19120;QUEYSSAC LES VIGNES;France
15600;QUEZAC;France
48320;QUEZAC;France
56170;QUIBERON;France
76860;QUIBERVILLE;France
50750;QUIBOU;France
09400;QUIE;France
77720;QUIERS;France
45270;QUIERS SUR BEZONDE;France
62490;QUIERY LA MOTTE;France
02300;QUIERZY;France
62120;QUIESTEDE;France
59680;QUIEVELON;France
59920;QUIEVRECHAIN;France
76270;QUIEVRECOURT;France
59214;QUIEVY;France
62650;QUILEN;France
11500;QUILLAN;France
27680;QUILLEBEUF SUR SEINE;France
08400;QUILLY;France
44750;QUILLY;France
56800;QUILY;France
29590;QUIMERCH;France
44420;QUIMIAC;France
29000;QUIMPER;France
29300;QUIMPERLE;France
76230;QUINCAMPOIX;France
60220;QUINCAMPOIX FLEUZY;France
86190;QUINCAY;France
21500;QUINCEROT;France
89740;QUINCEROT;France
10400;QUINCEY;France
21700;QUINCEY;France
70000;QUINCEY;France
69430;QUINCIE EN BEAUJOLAIS;France
38470;QUINCIEU;France
69650;QUINCIEUX;France
18120;QUINCY;France
02380;QUINCY BASSE;France
55600;QUINCY LANDZECOURT;France
21500;QUINCY LE VICOMTE;France
02220;QUINCY SOUS LE MONT;France
91480;QUINCY SOUS SENART;France
77860;QUINCY VOISINS;France
50310;QUINEVILLE;France
25440;QUINGEY;France
60130;QUINQUEMPOIX;France
12800;QUINS;France
24530;QUINSAC;France
33360;QUINSAC;France
04500;QUINSON;France
03380;QUINSSAINES;France
31130;QUINT FONSEGRIVES;France
74600;QUINTAL;France
07290;QUINTENAS;France
22400;QUINTENIC;France
39570;QUINTIGNY;France
11360;QUINTILLAN;France
22800;QUINTIN;France
11500;QUIRBAJOU;France
80250;QUIRY LE SEC;France
30260;QUISSAC;France
46320;QUISSAC;France
56310;QUISTINIC;France
27110;QUITTEBEUF;France
70100;QUITTEUR;France
80400;QUIVIERES;France
62390;QUOEUX HAUT MAINIL;France
81800;RABASTENS;France
65140;RABASTENS DE BIGORRE;France
09400;RABAT LES TROIS SEIGNEURS;France
49750;RABLAY SUR LAYON;France
61210;RABODANGES;France
05400;RABOU;France
66730;RABOUILLET;France
88270;RACECOURT;France
52170;RACHECOURT SUR MARNE;France
52130;RACHECOURT SUZEMONT;France
59194;RACHES;France
10130;RACINES;France
62120;RACQUINGHEM;France
57340;RACRANGE;France
70280;RADDON ET CHAPENDU;France
56500;RADENAC;France
27380;RADEPONT;France
62310;RADINGHEM;France
59320;RADINGHEM EN WEPPES;France
61250;RADON;France
10500;RADONVILLIERS;France
68480;RAEDERSDORF;France
68190;RAEDERSHEIM;France
76210;RAFFETOT;France
15500;RAGEADE;France
41160;RAHART;France
72120;RAHAY;France
57410;RAHLING;France
25430;RAHON;France
39120;RAHON;France
61270;RAI;France
50500;RAIDS;France
59554;RAILLENCOURT STE OLLE;France
66360;RAILLEU;France
08430;RAILLICOURT;France
02360;RAILLIMONT;France
59283;RAIMBEAUCOURT;France
39290;RAINANS;France
80600;RAINCHEVAL;France
70500;RAINCOURT;France
76730;RAINFREVILLE;France
80260;RAINNEVILLE;France
59177;RAINSARS;France
88170;RAINVILLE;France
60155;RAINVILLERS;France
59590;RAISMES;France
09300;RAISSAC;France
11200;RAISSAC D AUDE;France
11170;RAISSAC SUR LAMPY;France
55260;RAIVAL;France
16240;RAIX;France
78125;RAIZEUX;France
01250;RAMASSE;France
83350;RAMATUELLE;France
05000;RAMBAUD;France
88700;RAMBERVILLERS;France
55220;RAMBLUZIN ET BENOITE VAUX;France
78120;RAMBOUILLET;France
55300;RAMBUCOURT;France
80140;RAMBURELLES;France
80140;RAMBURES;France
62130;RAMECOURT;France
88500;RAMECOURT;France
10240;RAMERUPT;France
02110;RAMICOURT;France
59161;RAMILLIES;France
68800;RAMMERSMATT;France
88160;RAMONCHAMP;France
31520;RAMONVILLE ST AGNE;France
45300;RAMOULU;France
64270;RAMOUS;France
59177;RAMOUSIES;France
32800;RAMOUZENS;France
50000;RAMPAN;France
24440;RAMPIEUX;France
77370;RAMPILLON;France
55220;RAMPONT;France
46340;RAMPOUX;France
01390;RANCE;France
25320;RANCENAY;France
08600;RANCENNES;France
10500;RANCES;France
69470;RANCHAL;France
39200;RANCHETTE;France
62150;RANCHICOURT;France
39700;RANCHOT;France
14400;RANCHY;France
16110;RANCOGNE;France
87290;RANCON;France
52140;RANCONNIERES;France
50140;RANCOUDRAY;France
80360;RANCOURT;France
88270;RANCOURT;France
55800;RANCOURT SUR ORNAIN;France
71290;RANCY;France
63310;RANDAN;France
73220;RANDENS;France
25430;RANDEVILLERS;France
61190;RANDONNAI;France
61150;RANES;France
25250;RANG;France
62180;RANG DU FLIERS;France
52140;RANGECOURT;France
67310;RANGEN;France
57700;RANGUEVAUX;France
35130;RANNEE;France
67420;RANRUPT;France
39700;RANS;France
62173;RANSART;France
68470;RANSPACH;France
68730;RANSPACH LE BAS;France
68220;RANSPACH LE HAUT;France
25580;RANTECHAUX;France
60290;RANTIGNY;France
86200;RANTON;France
68510;RANTZWILLER;France
14860;RANVILLE;France
16140;RANVILLE BREUILLAUD;France
70500;RANZEVELLE;France
55300;RANZIERES;France
88220;RAON AUX BOIS;France
88110;RAON L ETAPE;France
54540;RAON LES LEAU;France
88110;RAON SUR PLAINE;France
20229;RAPAGGIO;France
20258;RAPALE;France
01120;RAPAN;France
88130;RAPEY;France
13280;RAPHELE LES ARLES;France
14690;RAPILLY;France
51330;RAPSECOURT;France
60810;RARAY;France
55120;RARECOURT;France
66720;RASIGUERES;France
86120;RASLAY;France
84110;RASTEAU;France
71290;RATENELLE;France
26330;RATIERES;France
71500;RATTE;France
67430;RATZWILLER;France
43290;RAUCOULES;France
54610;RAUCOURT;France
59530;RAUCOURT AU BOIS;France
08450;RAUCOURT ET FLABA;France
55200;RAULECOURT;France
15800;RAULHAC;France
43340;RAURET;France
50260;RAUVILLE LA BIGOT;France
50390;RAUVILLE LA PLACE;France
67320;RAUWILLER;France
33420;RAUZAN;France
58400;RAVEAU;France
63190;RAVEL;France
26410;RAVEL ET FERRIERS;France
60130;RAVENEL;France
52140;RAVENNEFONTAINES;France
50480;RAVENOVILLE;France
88520;RAVES;France
89390;RAVIERES;France
61420;RAVIGNY;France
57530;RAVILLE;France
54370;RAVILLE SUR SANON;France
39170;RAVILLOLES;France
70130;RAY SUR SAONE;France
62140;RAYE SUR AUTHIE;France
47210;RAYET;France
18130;RAYMOND;France
25550;RAYNANS;France
83820;RAYOL CANADEL SUR MER;France
81330;RAYSSAC;France
24500;RAZAC D EYMET;France
24240;RAZAC DE SAUSSIGNAC;France
24430;RAZAC SUR L ISLE;France
70000;RAZE;France
31160;RAZECUEILLE;France
32600;RAZENGUES;France
87640;RAZES;France
47160;RAZIMET;France
37120;RAZINES;France
66210;REAL;France
76340;REALCAMP;France
05160;REALLON;France
81120;REALMONT;France
82440;REALVILLE;France
32800;REANS;France
77550;REAU;France
38140;REAUMONT;France
85700;REAUMUR;France
47170;REAUP LISSE;France
26230;REAUVILLE;France
17500;REAUX;France
77510;REBAIS;France
62120;REBECQUES;France
64260;REBENACQ;France
62850;REBERGUES;France
76750;REBETS;France
88300;REBEUVILLE;France
31320;REBIGUE;France
65250;REBOUC;France
83300;REBOUILLON;France
12400;REBOURGUIL;France
89600;REBOURSEAUX;France
36150;REBOURSIN;France
45470;REBRECHIEN;France
62150;REBREUVE RANCHICOURT;France
62270;REBREUVE SUR CANCHE;France
62270;REBREUVIETTE;France
39230;RECANOZ;France
21290;RECEY SUR OURCE;France
90370;RECHESY;France
55230;RECHICOURT;France
54370;RECHICOURT LA PETITE;France
57810;RECHICOURT LE CHATEAU;France
55120;RECICOURT;France
28150;RECLAINVILLE;France
71540;RECLESNE;France
62560;RECLINGHEM;France
54450;RECLONVILLE;France
77760;RECLOSES;France
25170;RECOLOGNE;France
70130;RECOLOGNE;France
70130;RECOLOGNE LES RAY;France
70190;RECOLOGNE LES RIOZ;France
26310;RECOUBEAU JANSAC;France
48260;RECOULES D AUBRAC;France
48100;RECOULES DE FUMAS;France
12150;RECOULES PREVINQUIERES;France
52140;RECOURT;France
62860;RECOURT;France
55220;RECOURT LE CREUX;France
90140;RECOUVRANCE;France
62170;RECQUES SUR COURSE;France
62890;RECQUES SUR HEM;France
59245;RECQUIGNIES;France
25240;RECULFOZ;France
65330;RECURT;France
51520;RECY;France
57390;REDANGE;France
29300;REDENE;France
30129;REDESSAN;France
57444;REDING;France
35600;REDON;France
04150;REDORTIERS;France
60620;REEZ FOSSE MARTIN;France
79420;REFFANNES;France
55190;REFFROY;France
50520;REFFUVEILLE;France
25330;REFRANCHE;France
31800;REGADES;France
09600;REGAT;France
62140;REGNAUVILLE;France
88410;REGNEVELLE;France
50590;REGNEVILLE SUR MER;France
55110;REGNEVILLE SUR MEUSE;France
88450;REGNEY;France
69430;REGNIE DURETTE;France
80120;REGNIERE ECLUSE;France
08230;REGNIOWEZ;France
02240;REGNY;France
42630;REGNY;France
56500;REGUINY;France
68890;REGUISHEIM;France
83630;REGUSSE;France
88330;REHAINCOURT;France
54300;REHAINVILLER;France
88640;REHAUPAL;France
54120;REHERREY;France
54430;REHON;France
67140;REICHSFELD;France
67110;REICHSHOFFEN;France
67116;REICHSTETT;France
16360;REIGNAC;France
33860;REIGNAC;France
37310;REIGNAC SUR INDRE;France
63160;REIGNAT;France
50390;REIGNEVILLE BOCAGE;France
74930;REIGNIER;France
18270;REIGNY;France
15250;REILHAC;France
43300;REILHAC;France
46500;REILHAC;France
46350;REILHAGUET;France
26570;REILHANETTE;France
04110;REILLANNE;France
54450;REILLON;France
60240;REILLY;France
67660;REIMERSWILLER;France
51100;REIMS;France
51300;REIMS LA BRULEE;France
67440;REINHARDSMUNSTER;France
68950;REININGUE;France
67340;REIPERTSWILLER;France
39270;REITHOUSE;France
67370;REITWILLER;France
32390;REJAUMONT;France
65300;REJAUMONT;France
59360;REJET DE BEAULIEU;France
88260;RELANGES;France
39140;RELANS;France
01990;RELEVANT;France
62120;RELY;France
80600;REMAISNIL;France
61110;REMALARD;France
02100;REMAUCOURT;France
08220;REMAUCOURT;France
80500;REMAUGIES;France
77710;REMAUVILLE;France
55250;REMBERCOURT SOMMAISNE;France
54470;REMBERCOURT SUR MAD;France
60600;REMECOURT;France
57290;REMELANGE;France
57320;REMELFANG;France
57200;REMELFING;France
57480;REMELING;France
55800;REMENNECOURT;France
54830;REMENOVILLE;France
60510;REMERANGLES;France
54110;REMEREVILLE;France
57550;REMERING;France
57510;REMERING LES PUTTELANGE;France
51330;REMICOURT;France
88500;REMICOURT;France
80250;REMIENCOURT;France
02270;REMIES;France
02440;REMIGNY;France
71150;REMIGNY;France
57580;REMILLY;France
58250;REMILLY;France
08450;REMILLY AILLICOURT;France
21540;REMILLY EN MONTAGNE;France
08150;REMILLY LES POTHEES;France
50570;REMILLY SUR LOZON;France
21560;REMILLY SUR TILLE;France
62380;REMILLY WIRQUIN;France
56140;REMINIAC;France
88200;REMIREMONT;France
55600;REMOIVILLE;France
05190;REMOLLON;France
88100;REMOMEIX;France
54370;REMONCOURT;France
88800;REMONCOURT;France
25150;REMONDANS VAIVRE;France
08240;REMONVILLE;France
25160;REMORAY BOUJEONS;France
44140;REMOUILLE;France
30210;REMOULINS;France
88170;REMOVILLE;France
87120;REMPNAT;France
56500;REMUNGOL;France
26510;REMUZAT;France
60190;REMY;France
62156;REMY;France
35660;RENAC;France
38140;RENAGE;France
42370;RENAISON;France
02240;RENANSART;France
70120;RENAUCOURT;France
88390;RENAUVOID;France
41100;RENAY;France
53800;RENAZE;France
38680;RENCUREL;France
72260;RENE;France
25520;RENEDALE;France
59173;RENESCURE;France
21310;RENEVE;France
57670;RENING;France
78590;RENNEMOULIN;France
52370;RENNEPONT;France
35000;RENNES;France
35200;RENNES;France
35700;RENNES;France
53110;RENNES EN GRENOUILLES;France
11190;RENNES LE CHATEAU;France
11190;RENNES LES BAINS;France
25440;RENNES SUR LOUE;France
02340;RENNEVAL;France
08220;RENNEVILLE;France
27910;RENNEVILLE;France
31290;RENNEVILLE;France
20160;RENNO;France
63420;RENTIERES;France
77400;RENTILLY;France
62560;RENTY;France
40270;RENUNG;France
08150;RENWEZ;France
05600;REOTIER;France
54450;REPAIX;France
16200;REPARSAC;France
88500;REPEL;France
14340;REPENTIGNY;France
01750;REPLONGES;France
90150;REPPE;France
72510;REQUEIL;France
12170;REQUISTA;France
61230;RESENLIEU;France
02360;RESIGNY;France
55000;RESSON;France
60790;RESSONS L ABBAYE;France
02290;RESSONS LE LONG;France
60490;RESSONS SUR MATZ;France
37140;RESTIGNE;France
34160;RESTINCLIERES;France
17460;RETAUD;France
23110;RETERRE;France
08300;RETHEL;France
02600;RETHEUIL;France
60153;RETHONDES;France
80700;RETHONVILLERS;France
50330;RETHOVILLE;France
35240;RETIERS;France
40120;RETJONS;France
57645;RETONFEY;France
76340;RETONVAL;France
43130;RETOURNAC;France
67250;RETSCHWILLER;France
57480;RETTEL;France
62720;RETY;France
68210;RETZWILLER;France
25330;REUGNEY;France
03190;REUGNY;France
37380;REUGNY;France
51480;REUIL;France
77260;REUIL EN BRIE;France
60480;REUIL SUR BRECHE;France
27930;REUILLY;France
36260;REUILLY;France
02850;REUILLY SAUVIGNY;France
21220;REULLE VERGY;France
59980;REUMONT;France
67440;REUTENBOURG;France
51120;REUVES;France
76560;REUVILLE;France
14130;REUX;France
51310;REVEILLON;France
61400;REVEILLON;France
04340;REVEL;France
31250;REVEL;France
38420;REVEL;France
38270;REVEL TOURDAN;France
80540;REVELLES;France
54260;REVEMONT;France
30750;REVENS;France
38121;REVENTIN VAUGRIS;France
28270;REVERCOURT;France
04150;REVEST DES BROUSSES;France
04150;REVEST DU BION;France
06830;REVEST LES ROCHES;France
04230;REVEST ST MARTIN;France
14470;REVIERS;France
39570;REVIGNY;France
55800;REVIGNY SUR ORNAIN;France
50760;REVILLE;France
55150;REVILLE AUX BOIS;France
02160;REVILLON;France
08500;REVIN;France
01250;REVONNAS;France
67320;REXINGEN;France
59122;REXPOEDE;France
57230;REYERSVILLER;France
19430;REYGADE;France
52700;REYNEL;France
66400;REYNES;France
04250;REYNIER;France
82370;REYNIES;France
46320;REYREVIGNES;France
01600;REYRIEUX;France
01190;REYSSOUZE;France
74200;REYVROZ;France
18170;REZAY;France
44400;REZE;France
15170;REZENTIERES;France
57130;REZONVILLE;France
20121;REZZA;France
10170;RHEGES;France
67860;RHINAU;France
57810;RHODES;France
41290;RHODON;France
78470;RHODON;France
60410;RHUIS;France
61210;RI;France
66500;RIA SIRACH;France
44440;RIAILLE;France
18220;RIANS;France
83560;RIANS;France
56670;RIANTEC;France
52000;RIAUCOURT;France
55160;RIAVILLE;France
24240;RIBAGNAC;France
64330;RIBARROUY;France
11220;RIBAUTE;France
30720;RIBAUTE LES TAVERNES;France
55290;RIBEAUCOURT;France
80620;RIBEAUCOURT;France
02110;RIBEAUVILLE;France
68150;RIBEAUVILLE;France
60170;RIBECOURT DRESLINCOURT;France
59159;RIBECOURT LA TOUR;France
02240;RIBEMONT;France
80113;RIBEMONT SUR ANCRE;France
48700;RIBENNES;France
24600;RIBERAC;France
07260;RIBES;France
05150;RIBEYRET;France
05300;RIBIERS;France
11270;RIBOUISSE;France
13780;RIBOUX;France
76640;RICARVILLE;France
76510;RICARVILLE DU VAL;France
11400;RICAUD;France
65190;RICAUD;France
54630;RICHARDMENIL;France
91410;RICHARVILLE;France
57340;RICHE;France
52120;RICHEBOURG;France
62136;RICHEBOURG;France
78550;RICHEBOURG;France
55300;RICHECOURT;France
37120;RICHELIEU;France
57510;RICHELING;France
16370;RICHEMONT;France
57270;RICHEMONT;France
76390;RICHEMONT;France
84600;RICHERENCHES;France
40410;RICHET;France
57830;RICHEVAL;France
27420;RICHEVILLE;France
67390;RICHTOLSHEIM;France
68120;RICHWILLER;France
32230;RICOURT;France
60490;RICQUEBOURG;France
29340;RIEC SUR BELON;France
67330;RIEDHEIM;France
68400;RIEDISHEIM;France
67160;RIEDSELTZ;France
68320;RIEDWIHR;France
21570;RIEL LES EAUX;France
80310;RIENCOURT;France
62450;RIENCOURT LES BAPAUME;France
62182;RIENCOURT LES CAGNICOURT;France
90200;RIERVESCEMONT;France
68640;RIESPACH;France
31800;RIEUCAZE;France
09500;RIEUCROS;France
59870;RIEULAY;France
31290;RIEUMAJOU;France
31370;RIEUMES;France
12240;RIEUPEYROUX;France
34220;RIEUSSEC;France
48700;RIEUTORT DE RANDON;France
31310;RIEUX;France
51210;RIEUX;France
56350;RIEUX;France
60870;RIEUX;France
76340;RIEUX;France
09120;RIEUX DE PELLEPORT;France
59277;RIEUX EN CAMBRESIS;France
11220;RIEUX EN VAL;France
11160;RIEUX MINERVOIS;France
04500;RIEZ;France
66320;RIGARDA;France
06260;RIGAUD;France
12390;RIGNAC;France
46500;RIGNAC;France
01250;RIGNAT;France
55220;RIGNAUCOURT;France
79100;RIGNE;France
25640;RIGNEY;France
01800;RIGNIEUX LE FRANC;France
25640;RIGNOSOT;France
70200;RIGNOVELLE;France
70100;RIGNY;France
10290;RIGNY LA NONNEUSE;France
55140;RIGNY LA SALLE;France
10160;RIGNY LE FERRON;France
55140;RIGNY ST MARTIN;France
71160;RIGNY SUR ARROUX;France
37420;RIGNY USSE;France
32320;RIGUEPEU;France
87800;RILHAC LASTOURS;France
87570;RILHAC RANCON;France
19260;RILHAC TREIGNAC;France
19220;RILHAC XAINTRIE;France
25110;RILLANS;France
37340;RILLE;France
69140;RILLIEUX LA PAPE;France
51500;RILLY LA MONTAGNE;France
10280;RILLY STE SYRE;France
08130;RILLY SUR AISNE;France
41150;RILLY SUR LOIRE;France
37220;RILLY SUR VIENNE;France
52700;RIMAUCOURT;France
68500;RIMBACH PRES GUEBWILLER;France
68290;RIMBACH PRES MASEVAUX;France
68500;RIMBACHZELL;France
40310;RIMBEZ ET BAUDIETS;France
62990;RIMBOVAL;France
48200;RIMEIZE;France
57136;RIMLING;France
08150;RIMOGNE;France
26340;RIMON ET SAVEL;France
23140;RIMONDEIX;France
33580;RIMONS;France
09420;RIMONT;France
35560;RIMOU;France
06420;RIMPLAS;France
67260;RIMSDORF;France
67350;RINGELDORF;France
67350;RINGENDORF;France
62720;RINXENT;France
33220;RIOCAUD;France
31230;RIOLAS;France
34220;RIOLS;France
63200;RIOM;France
15400;RIOM ES MONTAGNES;France
26170;RIOMS;France
40370;RION DES LANDES;France
33410;RIONS;France
42153;RIORGES;France
43220;RIOTORD;France
38220;RIOUPEROUX;France
17460;RIOUX;France
16210;RIOUX MARTIN;France
70190;RIOZ;France
68340;RIQUEWIHR;France
63290;RIS;France
65590;RIS;France
91130;RIS ORANGIS;France
32400;RISCLE;France
05600;RISOUL;France
05460;RISTOLAS;France
67690;RITTERSHOFFEN;France
57480;RITZING;France
66480;RIUNOGUES;France
64160;RIUPEYROUS;France
36800;RIVARENNES;France
37190;RIVARENNES;France
42340;RIVAS;France
42800;RIVE DE GIER;France
60126;RIVECOURT;France
17940;RIVEDOUX PLAGE;France
64190;RIVEHAUTE;France
11230;RIVEL;France
20250;RIVENTOSA;France
09200;RIVERENERT;France
69440;RIVERIE;France
80136;RIVERY;France
38140;RIVES;France
47210;RIVES;France
66600;RIVESALTES;France
37500;RIVIERE;France
62173;RIVIERE;France
39150;RIVIERE DEVANT;France
52190;RIVIERE LES FOSSES;France
40180;RIVIERE SAAS ET GOURBY;France
12640;RIVIERE SUR TARN;France
16110;RIVIERES;France
30430;RIVIERES;France
81600;RIVIERES;France
52600;RIVIERES LE BOIS;France
76540;RIVILLE;France
69640;RIVOLET;France
39250;RIX;France
58500;RIX;France
39250;RIX TREBIEF;France
68170;RIXHEIM;France
52330;RIZAUCOURT BUCHEY;France
33210;ROAILLAN;France
84110;ROAIX;France
42300;ROANNE;France
15220;ROANNES ST MARY;France
88320;ROBECOURT;France
62350;ROBECQ;France
14860;ROBEHOMME;France
59550;ROBERSART;France
55000;ROBERT ESPAGNE;France
52220;ROBERT MAGNY LANEUVILLE A REMY;France
76560;ROBERTOT;France
60410;ROBERVAL;France
30160;ROBIAC ROCHESSADOULE;France
92350;ROBINSON;France
04120;ROBION;France
84440;ROBION;France
46500;ROCAMADOUR;France
83136;ROCBARON;France
41100;ROCE;France
38090;ROCHE;France
42600;ROCHE;France
63420;ROCHE CHARLES LA MAYRAND;France
63330;ROCHE D AGOUX;France
43130;ROCHE EN REGNIER;France
70180;ROCHE ET RAUCOURT;France
42230;ROCHE LA MOLIERE;France
19160;ROCHE LE PEYROUX;France
25340;ROCHE LES CLERVAL;France
25220;ROCHE LEZ BEAUPRE;France
70230;ROCHE LINOTTE ET SORANS CORDIERS;France
26770;ROCHE ST SECRET BECONNE;France
26160;ROCHEBAUDIN;France
05190;ROCHEBRUNE;France
26110;ROCHEBRUNE;France
26190;ROCHECHINARD;France
87600;ROCHECHOUART;France
07200;ROCHECOLOMBE;France
37210;ROCHECORBON;France
17300;ROCHEFORT;France
21510;ROCHEFORT;France
73240;ROCHEFORT;France
30650;ROCHEFORT DU GARD;France
56220;ROCHEFORT EN TERRE;France
26160;ROCHEFORT EN VALDAINE;France
78730;ROCHEFORT EN YVELINES;France
63210;ROCHEFORT MONTAGNE;France
26300;ROCHEFORT SAMSON;France
52700;ROCHEFORT SUR LA COTE;France
49190;ROCHEFORT SUR LOIRE;France
39700;ROCHEFORT SUR NENON;France
26340;ROCHEFOURCHAT;France
26790;ROCHEGUDE;France
30430;ROCHEGUDE;France
25370;ROCHEJEAN;France
07400;ROCHEMAURE;France
07320;ROCHEPAULE;France
07110;ROCHER;France
23270;ROCHES;France
41370;ROCHES;France
52270;ROCHES BETTAINCOURT;France
25310;ROCHES LES BLAMONT;France
86340;ROCHES PREMARIE ANDILLE;France
52410;ROCHES SUR MARNE;France
52270;ROCHES SUR ROGNON;France
85620;ROCHESERVIERE;France
07210;ROCHESSAUVE;France
88120;ROCHESSON;France
42100;ROCHETAILLEE;France
52210;ROCHETAILLEE;France
69270;ROCHETAILLEE SUR SAONE;France
38110;ROCHETOIRIN;France
85510;ROCHETREJOUX;France
06110;ROCHEVILLE;France
50260;ROCHEVILLE;France
57840;ROCHONVILLERS;France
60510;ROCHY CONDE;France
03240;ROCLES;France
07110;ROCLES;France
48300;ROCLES;France
62223;ROCLINCOURT;France
88320;ROCOURT;France
02210;ROCOURT ST MARTIN;France
14540;ROCQUANCOURT;France
76640;ROCQUEFORT;France
60800;ROCQUEMONT;France
76680;ROCQUEMONT;France
60120;ROCQUENCOURT;France
78150;ROCQUENCOURT;France
14100;ROCQUES;France
02260;ROCQUIGNY;France
08220;ROCQUIGNY;France
62450;ROCQUIGNY;France
08230;ROCROI;France
57340;RODALBE;France
62610;RODELINGHEM;France
12340;RODELLE;France
57570;RODEMACK;France
68800;RODEREN;France
68590;RODERN;France
66320;RODES;France
12000;RODEZ;France
30230;RODILHAN;France
11140;RODOME;France
62130;ROELLECOURT;France
67480;ROESCHWOOG;France
59172;ROEULX;France
62118;ROEUX;France
72210;ROEZE SUR SARTHE;France
89700;ROFFEY;France
15100;ROFFIAC;France
09140;ROGALLE;France
02800;ROGECOURT;France
76700;ROGERVILLE;France
54380;ROGEVILLE;France
68740;ROGGENHOUSE;France
20247;ROGLIANO;France
39360;ROGNA;France
13340;ROGNAC;France
73730;ROGNAIX;France
13840;ROGNES;France
25680;ROGNON;France
13870;ROGNONAS;France
02140;ROGNY;France
89220;ROGNY LES SEPT ECLUSES;France
30120;ROGUES;France
80160;ROGY;France
28340;ROHAIRE;France
56580;ROHAN;France
67270;ROHR;France
57410;ROHRBACH LES BITCHE;France
67410;ROHRWILLER;France
86120;ROIFFE;France
07100;ROIFFIEUX;France
80700;ROIGLISE;France
21390;ROILLY;France
28700;ROINVILLE;France
91410;ROINVILLE;France
91150;ROINVILLIERS;France
80240;ROISEL;France
42520;ROISEY;France
38650;ROISSARD;France
95700;ROISSY AEROPORT CHARLES DE GAULLE;France
77680;ROISSY EN BRIE;France
95700;ROISSY EN FRANCE;France
61120;ROIVILLE;France
08190;ROIZY;France
52260;ROLAMPONT;France
57720;ROLBING;France
88300;ROLLAINVILLE;France
62770;ROLLANCOURT;France
78270;ROLLEBOISE;France
76133;ROLLEVILLE;France
80500;ROLLOT;France
79120;ROM;France
63540;ROMAGNAT;France
33760;ROMAGNE;France
35133;ROMAGNE;France
86700;ROMAGNE;France
55150;ROMAGNE SOUS LES COTES;France
55110;ROMAGNE SOUS MONTFAUCON;France
38480;ROMAGNIEU;France
50140;ROMAGNY;France
68210;ROMAGNY;France
90110;ROMAGNY SOUS ROUGEMONT;France
25680;ROMAIN;France
39350;ROMAIN;France
51140;ROMAIN;France
54360;ROMAIN;France
88320;ROMAIN AUX BOIS;France
52150;ROMAIN SUR MEUSE;France
10240;ROMAINES;France
93230;ROMAINVILLE;France
27240;ROMAN;France
01250;ROMANECHE;France
71570;ROMANECHE THORINS;France
39700;ROMANGE;France
01400;ROMANS;France
79260;ROMANS;France
26100;ROMANS SUR ISERE;France
67310;ROMANSWILLER;France
17510;ROMAZIERES;France
35490;ROMAZY;France
68660;ROMBACH LE FRANC;France
57120;ROMBAS;France
59990;ROMBIES ET MARCHIPONT;France
62120;ROMBLY;France
17250;ROMEGOUX;France
57930;ROMELFING;France
71470;ROMENAY;France
02310;ROMENY SUR MARNE;France
59730;ROMERIES;France
02120;ROMERY;France
51480;ROMERY;France
60220;ROMESCAMPS;France
47250;ROMESTAING;France
05000;ROMETTE;France
26150;ROMEYER;France
51170;ROMIGNY;France
34650;ROMIGUIERES;France
35850;ROMILLE;France
41270;ROMILLY;France
27170;ROMILLY LA PUTHENAYE;France
28220;ROMILLY SUR AIGRE;France
27610;ROMILLY SUR ANDELLE;France
10100;ROMILLY SUR SEINE;France
88700;ROMONT;France
41200;ROMORANTIN LANTHENAY;France
07250;ROMPON;France
61160;RONAI;France
17390;RONCE LES BAINS;France
10320;RONCENAY;France
50210;RONCEY;France
70250;RONCHAMP;France
25440;RONCHAUX;France
02130;RONCHERES;France
89170;RONCHERES;France
76440;RONCHEROLLES EN BRAY;France
76160;RONCHEROLLES SUR LE VIVIER;France
59790;RONCHIN;France
76390;RONCHOIS;France
57860;RONCOURT;France
88300;RONCOURT;France
59223;RONCQ;France
25240;RONDEFONTAINE;France
81120;RONEL;France
61100;RONFEUGERAI;France
03150;RONGERES;France
03420;RONNET;France
69550;RONNO;France
95340;RONQUEROLLES;France
16320;RONSENAC;France
69510;RONTALON;France
50530;RONTHON;France
64110;RONTIGNON;France
55160;RONVAUX;France
52310;ROOCOURT LA COTE;France
59286;ROOST WARENDIN;France
90380;ROPPE;France
67480;ROPPENHEIM;France
68480;ROPPENTZWILLER;France
57230;ROPPEVILLER;France
06450;ROQUEBILLIERE;France
34460;ROQUEBRUN;France
32190;ROQUEBRUNE;France
33580;ROQUEBRUNE;France
06190;ROQUEBRUNE CAP MARTIN;France
83520;ROQUEBRUNE SUR ARGENS;France
82150;ROQUECOR;France
81210;ROQUECOURBE;France
11700;ROQUECOURBE MINERVOIS;France
30440;ROQUEDUR;France
11380;ROQUEFERE;France
11340;ROQUEFEUIL;France
09300;ROQUEFIXADE;France
32390;ROQUEFORT;France
40120;ROQUEFORT;France
47310;ROQUEFORT;France
11140;ROQUEFORT DE SAULT;France
11540;ROQUEFORT DES CORBIERES;France
13830;ROQUEFORT LA BEDOULE;France
09300;ROQUEFORT LES CASCADES;France
06330;ROQUEFORT LES PINS;France
31360;ROQUEFORT SUR GARONNE;France
12250;ROQUEFORT SUR SOULZON;France
32810;ROQUELAURE;France
32430;ROQUELAURE ST AUBIN;France
30150;ROQUEMAURE;France
81800;ROQUEMAURE;France
32100;ROQUEPINE;France
34650;ROQUEREDONDE;France
31120;ROQUES;France
32310;ROQUES;France
31380;ROQUESERIERE;France
34320;ROQUESSELS;France
06910;ROQUESTERON;France
06910;ROQUESTERON GRASSE;France
11300;ROQUETAILLADE;France
62120;ROQUETOIRE;France
31120;ROQUETTES;France
13360;ROQUEVAIRE;France
81470;ROQUEVIDAL;France
64130;ROQUIAGUE;France
57260;RORBACH LES DIEUZE;France
68590;RORSCHWIHR;France
79700;RORTHAIS;France
05150;ROSANS;France
39190;ROSAY;France
76680;ROSAY;France
78790;ROSAY;France
27790;ROSAY SUR LIEURE;France
20121;ROSAZIA;France
57800;ROSBRUCK;France
29570;ROSCANVEL;France
29680;ROSCOFF;France
14740;ROSEL;France
68128;ROSENAU;France
59240;ROSENDAEL;France
67560;ROSENWILLER;France
25410;ROSET FLUANS;France
70000;ROSEY;France
71390;ROSEY;France
67560;ROSHEIM;France
07260;ROSIERES;France
43800;ROSIERES;France
60440;ROSIERES;France
81400;ROSIERES;France
54110;ROSIERES AUX SALINES;France
55000;ROSIERES DEVANT BAR;France
55130;ROSIERES EN BLOIS;France
54385;ROSIERES EN HAYE;France
80170;ROSIERES EN SANTERRE;France
10430;ROSIERES PRES TROYES;France
25190;ROSIERES SUR BARBECHE;France
70500;ROSIERES SUR MANCE;France
19300;ROSIERS D EGLETONS;France
19350;ROSIERS DE JUILLAC;France
34610;ROSIS;France
36300;ROSNAY;France
39210;ROSNAY;France
51390;ROSNAY;France
85320;ROSNAY;France
10500;ROSNAY L HOPITAL;France
29590;ROSNOEN;France
93110;ROSNY SOUS BOIS;France
78710;ROSNY SUR SEINE;France
60140;ROSOY;France
89100;ROSOY;France
60620;ROSOY EN MULTIEN;France
45210;ROSOY LE VIEIL;France
52600;ROSOY SUR AMANCE;France
22300;ROSPEZ;France
20219;ROSPIGLIANI;France
29140;ROSPORDEN;France
86200;ROSSAY;France
57780;ROSSELANGE;France
67230;ROSSFELD;France
01510;ROSSILLON;France
67290;ROSTEIG;France
22110;ROSTRENEN;France
59230;ROSULT;France
25380;ROSUREUX;France
39190;ROTALIER;France
60360;ROTANGY;France
67570;ROTHAU;France
67340;ROTHBACH;France
35400;ROTHENEUF;France
73110;ROTHERENS;France
60690;ROTHOIS;France
39270;ROTHONAY;France
14980;ROTS;France
67160;ROTT;France
67170;ROTTELSHEIM;France
26470;ROTTIER;France
49400;ROU MARSON;France
81240;ROUAIROUX;France
44640;ROUANS;France
59100;ROUBAIX;France
11200;ROUBIA;France
06420;ROUBION;France
14260;ROUCAMPS;France
59169;ROUCOURT;France
02160;ROUCY;France
56110;ROUDOUALLEC;France
52320;ROUECOURT;France
31160;ROUEDE;France
61700;ROUELLE;France
52160;ROUELLES;France
76610;ROUELLES;France
76000;ROUEN;France
76100;ROUEN;France
72610;ROUESSE FONTAINE;France
72140;ROUESSE VASSE;France
34380;ROUET;France
72140;ROUEZ;France
68250;ROUFFACH;France
39350;ROUFFANGE;France
15150;ROUFFIAC;France
16210;ROUFFIAC;France
17800;ROUFFIAC;France
81150;ROUFFIAC;France
11250;ROUFFIAC D AUDE;France
11350;ROUFFIAC DES CORBIERES;France
31180;ROUFFIAC TOLOSAN;France
17130;ROUFFIGNAC;France
24240;ROUFFIGNAC DE SIGOULES;France
24580;ROUFFIGNAC ST CERNIN DE REILHAC;France
50800;ROUFFIGNY;France
46300;ROUFFILHAC;France
51130;ROUFFY;France
44660;ROUGE;France
27110;ROUGE PERRIERS;France
62390;ROUGEFAY;France
90200;ROUGEGOUTTE;France
21500;ROUGEMONT;France
25680;ROUGEMONT;France
90110;ROUGEMONT LE CHATEAU;France
27350;ROUGEMONTIERS;France
25640;ROUGEMONTOT;France
41230;ROUGEOU;France
02140;ROUGERIES;France
52500;ROUGEUX;France
83170;ROUGIERS;France
16320;ROUGNAC;France
23700;ROUGNAT;France
04120;ROUGON;France
25440;ROUHE;France
57520;ROUHLING;France
16170;ROUILLAC;France
22250;ROUILLAC;France
86480;ROUILLE;France
10800;ROUILLEROT;France
72700;ROUILLON;France
77160;ROUILLY;France
10220;ROUILLY SACEY;France
10800;ROUILLY ST LOUP;France
34320;ROUJAN;France
25640;ROULANS;France
72670;ROULLEE;France
11290;ROULLENS;France
16440;ROULLET ST ESTEPHE;France
14500;ROULLOURS;France
47800;ROUMAGNE;France
76480;ROUMARE;France
16270;ROUMAZIERES;France
16270;ROUMAZIERES LOUBERT;France
15290;ROUMEGOUX;France
81120;ROUMEGOUX;France
09500;ROUMENGOUX;France
31540;ROUMENS;France
04500;ROUMOULES;France
67480;ROUNTZENHEIM;France
57220;ROUPELDANGE;France
61320;ROUPERROUX;France
72110;ROUPERROUX LE COQUET;France
02590;ROUPY;France
06420;ROURE;France
59131;ROUSIES;France
87140;ROUSSAC;France
26230;ROUSSAS;France
49450;ROUSSAY;France
81140;ROUSSAYROLLES;France
60660;ROUSSELOY;France
12220;ROUSSENNAC;France
62870;ROUSSENT;France
48400;ROUSSES;France
05190;ROUSSET;France
13790;ROUSSET;France
26420;ROUSSET EN VERCORS;France
26770;ROUSSET LES VIGNES;France
26510;ROUSSIEUX;France
69440;ROUSSILLIERE;France
38150;ROUSSILLON;France
84220;ROUSSILLON;France
71550;ROUSSILLON EN MORVAN;France
16310;ROUSSINES;France
36170;ROUSSINES;France
30340;ROUSSON;France
89500;ROUSSON;France
57330;ROUSSY LE VILLAGE;France
25410;ROUTELLE;France
76560;ROUTES;France
11240;ROUTIER;France
27350;ROUTOT;France
11260;ROUVENAC;France
54610;ROUVES;France
59220;ROUVIGNIES;France
60800;ROUVILLE;France
76210;ROUVILLE;France
60190;ROUVILLERS;France
21530;ROUVRAY;France
27120;ROUVRAY;France
89230;ROUVRAY;France
76440;ROUVRAY CATILLON;France
28310;ROUVRAY ST DENIS;France
28150;ROUVRAY ST FLORENTIN;France
45310;ROUVRAY STE CROIX;France
79220;ROUVRE;France
80250;ROUVREL;France
14190;ROUVRES;France
28260;ROUVRES;France
77230;ROUVRES;France
60620;ROUVRES EN MULTIEN;France
21110;ROUVRES EN PLAINE;France
55400;ROUVRES EN WOEVRE;France
88500;ROUVRES EN XAINTOIS;France
88170;ROUVRES LA CHETIVE;France
36110;ROUVRES LES BOIS;France
10200;ROUVRES LES VIGNES;France
21320;ROUVRES SOUS MEILLY;France
45300;ROUVRES ST JEAN;France
52160;ROUVRES SUR AUBE;France
55300;ROUVROIS SUR MEUSE;France
55230;ROUVROIS SUR OTHAIN;France
02100;ROUVROY;France
62320;ROUVROY;France
80170;ROUVROY EN SANTERRE;France
60120;ROUVROY LES MERLES;France
51800;ROUVROY RIPONT;France
08150;ROUVROY SUR AUDRY;France
52300;ROUVROY SUR MARNE;France
02360;ROUVROY SUR SERRE;France
50810;ROUXEVILLE;France
76370;ROUXMESNIL BOUTEILLES;France
58110;ROUY;France
80190;ROUY LE GRAND;France
80190;ROUY LE PETIT;France
09460;ROUZE;France
16220;ROUZEDE;France
15600;ROUZIERS;France
37360;ROUZIERS DE TOURAINE;France
88700;ROVILLE AUX CHENES;France
54290;ROVILLE DEVANT BAYON;France
38470;ROVON;France
60690;ROY BOISSY;France
17200;ROYAN;France
38440;ROYAS;France
63130;ROYAT;France
60420;ROYAUCOURT;France
02000;ROYAUCOURT ET CHAILVET;France
54200;ROYAUMEIX;France
38940;ROYBON;France
70200;ROYE;France
80700;ROYE;France
60310;ROYE SUR MATZ;France
71700;ROYER;France
23460;ROYERE DE VASSIVIERE;France
87400;ROYERES;France
26450;ROYNAC;France
62990;ROYON;France
76730;ROYVILLE;France
35120;ROZ LANDRIEUX;France
35610;ROZ SUR COUESNON;France
77540;ROZAY EN BRIE;France
54290;ROZELIEURES;France
57160;ROZERIEULLES;France
88500;ROZEROTTE;France
32190;ROZES;France
02210;ROZET ST ALBIN;France
42380;ROZIER COTES D AUREC;France
42810;ROZIER EN DONZY;France
52220;ROZIERES;France
45130;ROZIERES EN BEAUCE;France
02200;ROZIERES SUR CRISE;France
88320;ROZIERES SUR MOUZON;France
87130;ROZIERS ST GEORGES;France
02540;ROZOY BELLEVALLE;France
02360;ROZOY SUR SERRE;France
58190;RUAGES;France
45410;RUAN;France
41270;RUAN SUR EGVONNE;France
72230;RUAUDIN;France
88370;RUAUX;France
08140;RUBECOURT ET LAMECOURT;France
77950;RUBELLES;France
80260;RUBEMPRE;France
14710;RUBERCY;France
80500;RUBESCOURT;France
08220;RUBIGNY;France
59285;RUBROUCK;France
22550;RUCA;France
33350;RUCH;France
14480;RUCQUEVILLE;France
24340;RUDEAU LADOSSE;France
46120;RUDELLE;France
80120;RUE;France
68560;RUEDERBACH;France
28270;RUEIL LA GADELIERE;France
92500;RUEIL MALMAISON;France
68270;RUELISHEIM;France
16600;RUELLE SUR TOUVRE;France
59530;RUESNES;France
46120;RUEYRES;France
16700;RUFFEC;France
36300;RUFFEC;France
25170;RUFFEY LE CHATEAU;France
21200;RUFFEY LES BEAUNE;France
21490;RUFFEY LES ECHIREY;France
39140;RUFFEY SUR SEILLE;France
47700;RUFFIAC;France
56140;RUFFIAC;France
01260;RUFFIEU;France
73310;RUFFIEUX;France
44660;RUFFIGNE;France
27250;RUGLES;France
88130;RUGNEY;France
89430;RUGNY;France
70190;RUHANS;France
72240;RUILLE EN CHAMPAGNE;France
53170;RUILLE FROID FONDS;France
53320;RUILLE LE GRAVELAIS;France
72340;RUILLE SUR LOIR;France
62310;RUISSEAUVILLE;France
62620;RUITZ;France
12120;RULLAC ST CIRQ;France
14410;RULLY;France
60810;RULLY;France
71150;RULLY;France
80710;RUMAISNIL;France
62860;RUMAUCOURT;France
59226;RUMEGIES;France
67370;RUMERSHEIM;France
68740;RUMERSHEIM LE HAUT;France
14340;RUMESNIL;France
08290;RUMIGNY;France
80680;RUMIGNY;France
62650;RUMILLY;France
74150;RUMILLY;France
59281;RUMILLY EN CAMBRESIS;France
10260;RUMILLY LES VAUDES;France
62370;RUMINGHEM;France
55000;RUMONT;France
77760;RUMONT;France
22260;RUNAN;France
94150;RUNGIS;France
07120;RUOMS;France
77560;RUPEREUX;France
88630;RUPPES;France
52300;RUPT;France
55170;RUPT AUX NONAINS;France
55260;RUPT DEVANT ST MIHIEL;France
55320;RUPT EN WOEVRE;France
88360;RUPT SUR MOSELLE;France
55150;RUPT SUR OTHAIN;France
70360;RUPT SUR SAONE;France
57310;RURANGE LES THIONVILLE;France
25290;RUREY;France
20244;RUSIO;France
67130;RUSS;France
57390;RUSSANGE;France
14710;RUSSY;France
60117;RUSSY BEMONT;France
68740;RUSTENHART;France
11800;RUSTIQUES;France
84400;RUSTREL;France
57480;RUSTROFF;France
20239;RUTALI;France
10410;RUVIGNY;France
38300;RUY;France
62124;RUYAULCOURT;France
15320;RUYNES EN MARGERIDE;France
76116;RY;France
39230;RYE;France
14400;RYES;France
