31460;LE CABANIAL;France
30740;LE CAILAR;France
04250;LE CAIRE;France
22210;LE CAMBOUT;France
83330;LE CAMP;France
06110;LE CANNET;France
83340;LE CANNET DES MAURES;France
33950;LE CANON;France
34300;LE CAP D AGDE;France
80500;LE CARDONNOIS;France
09100;LE CARLARET;France
04380;LE CASTELLARD MELAN;France
04700;LE CASTELLET;France
83330;LE CASTELLET;France
31530;LE CASTERA;France
59360;LE CATEAU CAMBRESIS;France
02420;LE CATELET;France
76590;LE CATELIER;France
76390;LE CAULE STE BEUVE;France
82500;LE CAUSE;France
34520;LE CAYLAR;France
12500;LE CAYROL;France
44850;LE CELLIER;France
63670;LE CENDRE;France
61500;LE CERCUEIL;France
42460;LE CERGNE;France
26190;LE CHAFFAL;France
38290;LE CHAFFARD;France
04510;LE CHAFFAUT ST JURSON;France
61390;LE CHALANGE;France
87500;LE CHALARD;France
26350;LE CHALON;France
07160;LE CHAMBON;France
42500;LE CHAMBON FEUGEROLLES;France
43400;LE CHAMBON SUR LIGNON;France
61320;LE CHAMP DE LA PIERRE;France
38190;LE CHAMP PRES FROGES;France
85540;LE CHAMP ST PERE;France
08240;LE CHAMPY;France
24640;LE CHANGE;France
45230;LE CHARME;France
02850;LE CHARMEL;France
19190;LE CHASTANG;France
61570;LE CHATEAU D ALMENECHES;France
17480;LE CHATEAU D OLERON;France
73300;LE CHATEL;France
73630;LE CHATELARD;France
18170;LE CHATELET;France
77820;LE CHATELET EN BRIE;France
52400;LE CHATELET SUR MEUSE;France
08300;LE CHATELET SUR RETOURNE;France
08150;LE CHATELET SUR SORMONNE;France
39230;LE CHATELEY;France
51330;LE CHATELIER;France
35133;LE CHATELLIER;France
35470;LE CHATELLIER;France
61450;LE CHATELLIER;France
87400;LE CHATENET EN DOGNON;France
23130;LE CHAUCHET;France
18150;LE CHAUTAY;France
17600;LE CHAY;France
50410;LE CHEFRESNE;France
63200;LE CHEIX;France
51800;LE CHEMIN;France
10700;LE CHENE;France
78150;LE CHESNAY;France
08390;LE CHESNE;France
27160;LE CHESNE;France
72610;LE CHEVAIN;France
07160;LE CHEYLARD;France
38570;LE CHEYLAS;France
79600;LE CHILLOU;France
55120;LE CLAON;France
12540;LE CLAPIER;France
11140;LE CLAT;France
15400;LE CLAUX;France
88240;LE CLERJUS;France
44210;LE CLION SUR MER;France
29190;LE CLOITRE PLEYBEN;France
29410;LE CLOITRE ST THEGONNEC;France
48160;LE COLLET DE DEZE;France
23700;LE COMPAS;France
23460;LE COMPEIX;France
29217;LE CONQUET;France
73300;LE CORBIER;France
79360;LE CORMENIER;France
27120;LE CORMIER;France
42120;LE COTEAU;France
28630;LE COUDRAY;France
44630;LE COUDRAY;France
49260;LE COUDRAY MACOUARD;France
91830;LE COUDRAY MONTCEAUX;France
60850;LE COUDRAY ST GERMER;France
60790;LE COUDRAY SUR THELLE;France
56230;LE COURS;France
34920;LE CRES;France
63450;LE CREST;France
07270;LE CRESTET;France
71200;LE CREUSOT;France
60120;LE CROCQ;France
44490;LE CROISIC;France
56540;LE CROISTY;France
34520;LE CROS;France
80550;LE CROTOY;France
35290;LE CROUAIS;France
25240;LE CROUZET;France
42310;LE CROZET;France
31210;LE CUING;France
60790;LE DELUGE;France
39120;LE DESCHAUX;France
14350;LE DESERT;France
14690;LE DETROIT;France
50620;LE DEZERT;France
23300;LE DOGNON;France
03130;LE DONJON;France
23480;LE DONZEIL;France
87210;LE DORAT;France
13740;LE DOUARD;France
17100;LE DOUHET;France
59940;LE DOULIEU;France
81340;LE DOURN;France
83530;LE DRAMONT;France
29860;LE DRENNEC;France
44630;LE DRESNY;France
31460;LE FAGET;France
15380;LE FALGOUX;France
29590;LE FAOU;France
22290;LE FAOUET;France
56320;LE FAOUET;France
15140;LE FAU;France
31410;LE FAUGA;France
14130;LE FAULQ;France
27230;LE FAVRIL;France
28190;LE FAVRIL;France
59550;LE FAVRIL;France
71580;LE FAY;France
60510;LE FAY ST QUENTIN;France
60680;LE FAYEL;France
74190;LE FAYET;France
85800;LE FENOUILLER;France
35420;LE FERRE;France
21230;LE FETE;France
27190;LE FIDELAIRE;France
39800;LE FIED;France
49600;LE FIEF SAUVIN;France
33230;LE FIEU;France
24130;LE FLEIX;France
22800;LE FOEIL;France
29260;LE FOLGOET;France
09130;LE FOSSAT;France
76440;LE FOSSE;France
17270;LE FOUILLOUX;France
14340;LE FOURNET;France
31430;LE FOUSSERET;France
39130;LE FRASNOIS;France
81430;LE FRAYSSE;France
40190;LE FRECHE;France
31360;LE FRECHET;France
38142;LE FRENEY D OISANS;France
27190;LE FRESNE;France
51240;LE FRESNE;France
14480;LE FRESNE CAMILLY;France
50850;LE FRESNE PORET;France
49123;LE FRESNE SUR LOIRE;France
60420;LE FRESTOY VAUX;France
29160;LE FRET;France
08290;LE FRETY;France
25120;LE FRIOLAIS;France
04240;LE FUGERET;France
49270;LE FUILET;France
60360;LE GALLET;France
30760;LE GARN;France
81450;LE GARRIC;France
14380;LE GAST;France
41270;LE GAULT PERCHE;France
51210;LE GAULT SOIGNY;France
28800;LE GAULT ST DENIS;France
44130;LE GAVRE;France
53940;LE GENEST ST ISLE;France
17160;LE GICQ;France
17590;LE GILLIEUX;France
85150;LE GIROUARD;France
85540;LE GIVRE;France
05800;LE GLAIZIL;France
06220;LE GOLFE JUAN;France
22330;LE GOURAY;France
61600;LE GRAIS;France
01260;LE GRAND ABERGEMENT;France
74450;LE GRAND BORNAND;France
23240;LE GRAND BOURG;France
50370;LE GRAND CELLAND;France
38690;LE GRAND LEMPS;France
72150;LE GRAND LUCE;France
16450;LE GRAND MADIEU;France
13500;LE GRAND PIN;France
37350;LE GRAND PRESSIGNY;France
76120;LE GRAND QUEVILLY;France
26530;LE GRAND SERRE;France
17370;LE GRAND VILLAGE PLAGE;France
25620;LE GRATTERIS;France
30240;LE GRAU DU ROI;France
31480;LE GRES;France
72140;LE GREZ;France
27370;LE GROS THEIL;France
12110;LE GUA;France
17600;LE GUA;France
38450;LE GUA;France
17540;LE GUE D ALLERE;France
61130;LE GUE DE LA CHAINE;France
28700;LE GUE DE LONGROI;France
85770;LE GUE DE VELLUIRE;France
72170;LE GUE LIAN;France
49150;LE GUEDENIAU;France
56190;LE GUERNO;France
50410;LE GUISLAIN;France
33185;LE HAILLAN;France
14430;LE HAM;France
50310;LE HAM;France
53250;LE HAM;France
60210;LE HAMEL;France
80800;LE HAMEL;France
76450;LE HANOUARD;France
02420;LE HAUCOURT;France
22320;LE HAUT CORLAY;France
70440;LE HAUT DU THEM CHATEAU LAMBERT;France
76600;LE HAVRE;France
76610;LE HAVRE;France
76620;LE HAVRE;France
95640;LE HEAULME;France
02120;LE HERIE LA VIEVILLE;France
76780;LE HERON;France
56450;LE HEZO;France
22100;LE HINGLE;France
67140;LE HOHWALD;France
50620;LE HOMMET D ARTHENAY;France
53640;LE HORPS;France
32460;LE HOUGA;France
76770;LE HOULME;France
53110;LE HOUSSEAU BRETIGNOLLES;France
19300;LE JARDIN;France
29100;LE JUCH;France
94270;LE KREMLIN BICETRE;France
07470;LE LAC D ISSARLES;France
27350;LE LANDIN;France
44430;LE LANDREAU;France
85370;LE LANGON;France
39300;LE LARDERET;France
24570;LE LARDIN ST LAZARE;France
39300;LE LATET;France
04340;LE LAUZET UBAYE;France
83980;LE LAVANDOU;France
22800;LE LESLAY;France
40250;LE LEUY;France
37460;LE LIEGE;France
16310;LE LINDOIS;France
49220;LE LION D ANGERS;France
15300;LE LIORAN;France
14210;LE LOCHEUR;France
06750;LE LOGIS DU PIN;France
13190;LE LOGIS NEUF;France
49710;LE LONGERON;France
19470;LE LONZAC;France
50510;LE LOREUR;France
50570;LE LOREY;France
35133;LE LOROUX;France
44430;LE LOROUX BOTTEREAU;France
35360;LE LOU DU LAC;France
37240;LE LOUROUX;France
49370;LE LOUROUX BECONNAIS;France
39210;LE LOUVEROT;France
72390;LE LUART;France
83340;LE LUC;France
72800;LE LUDE;France
25210;LE LUHIER;France
50870;LE LUOT;France
61290;LE MAGE;France
70000;LE MAGNORAY;France
36400;LE MAGNY;France
88240;LE MAGNY;France
59134;LE MAISNIL;France
48140;LE MALZIEU FORAIN;France
48140;LE MALZIEU VILLE;France
14400;LE MANOIR;France
27460;LE MANOIR;France
72000;LE MANS;France
72100;LE MANS;France
14620;LE MARAIS LA CHAPELLE;France
81260;LE MARGNES;France
49410;LE MARILLAIS;France
30960;LE MARTINET;France
06910;LE MAS;France
47430;LE MAS D AGENAIS;France
23100;LE MAS D ARTIGE;France
09290;LE MAS D AZIL;France
43190;LE MAS DE TENCE;France
01700;LE MAS RILLIER;France
81530;LE MASNAU MASSUGUIES;France
48500;LE MASSEGROS;France
21430;LE MAUPAS;France
49122;LE MAY SUR EVRE;France
03800;LE MAYET D ECOLE;France
03250;LE MAYET DE MONTAGNE;France
85420;LE MAZEAU;France
80430;LE MAZIS;France
28220;LE MEE;France
77350;LE MEE SUR SEINE;France
80370;LE MEILLARD;France
21580;LE MEIX;France
51120;LE MEIX ST EPOING;France
51320;LE MEIX TIERCELIN;France
61170;LE MELE SUR SARTHE;France
25210;LE MEMONT;France
88160;LE MENIL;France
61270;LE MENIL BERARD;France
61250;LE MENIL BROUT;France
61800;LE MENIL CIBOULT;France
61220;LE MENIL DE BRIOUZE;France
61170;LE MENIL GUYON;France
61320;LE MENIL SCELLEUR;France
61240;LE MENIL VICOMTE;France
36200;LE MENOUX;France
10400;LE MERIOT;France
61240;LE MERLERAULT;France
22200;LE MERZER;France
80310;LE MESGE;France
50580;LE MESNIL;France
50520;LE MESNIL ADELEE;France
50450;LE MESNIL AMAND;France
77990;LE MESNIL AMELOT;France
50570;LE MESNIL AMEY;France
50620;LE MESNIL ANGOT;France
14260;LE MESNIL AU GRAIN;France
50110;LE MESNIL AU VAL;France
50510;LE MESNIL AUBERT;France
95720;LE MESNIL AUBRY;France
14260;LE MESNIL AUZOUF;France
14140;LE MESNIL BACLEY;France
14380;LE MESNIL BENOIST;France
50540;LE MESNIL BOEUFS;France
50450;LE MESNIL BONANT;France
14380;LE MESNIL CAUSSOIS;France
60210;LE MESNIL CONTEVILLE;France
50320;LE MESNIL DREY;France
14140;LE MESNIL DURAND;France
76460;LE MESNIL DURDENT;France
60530;LE MESNIL EN THELLE;France
49410;LE MESNIL EN VALLEE;France
76240;LE MESNIL ESNARD;France
14100;LE MESNIL EUDES;France
50570;LE MESNIL EURY;France
27930;LE MESNIL FUGUET;France
50450;LE MESNIL GARNIER;France
14140;LE MESNIL GERMAIN;France
50670;LE MESNIL GILBERT;France
14100;LE MESNIL GUILLAUME;France
27190;LE MESNIL HARDRAY;France
50750;LE MESNIL HERMAN;France
50450;LE MESNIL HUE;France
27400;LE MESNIL JOURDAIN;France
78600;LE MESNIL LE ROI;France
76780;LE MESNIL LIEUBRAY;France
14270;LE MESNIL MAUGER;France
50860;LE MESNIL OPAC;France
50220;LE MESNIL OZENNE;France
14740;LE MESNIL PATRY;France
50520;LE MESNIL RAINFRAY;France
50420;LE MESNIL RAOULT;France
76260;LE MESNIL REAUME;France
14380;LE MESNIL ROBERT;France
50450;LE MESNIL ROGUES;France
50000;LE MESNIL ROUXELIN;France
14140;LE MESNIL SIMON;France
28260;LE MESNIL SIMON;France
76480;LE MESNIL SOUS JUMIEGES;France
78320;LE MESNIL ST DENIS;France
60120;LE MESNIL ST FIRMIN;France
14130;LE MESNIL SUR BLANGY;France
60130;LE MESNIL SUR BULLES;France
51190;LE MESNIL SUR OGER;France
50540;LE MESNIL THEBAULT;France
60240;LE MESNIL THERIBUS;France
28250;LE MESNIL THOMAS;France
50520;LE MESNIL TOVE;France
50620;LE MESNIL VENERON;France
50570;LE MESNIL VIGOT;France
50450;LE MESNIL VILLEMAN;France
14690;LE MESNIL VILLEMENT;France
50490;LE MESNILBUS;France
50600;LE MESNILLARD;France
60880;LE MEUX;France
35870;LE MINIHIC SUR RANCE;France
71480;LE MIROIR;France
69150;LE MOLARD;France
69430;LE MOLARD;France
14330;LE MOLAY;France
14330;LE MOLAY LITTRY;France
12000;LE MONASTERE;France
48100;LE MONASTIER PIN MORIES;France
43150;LE MONASTIER SUR GAZEILLE;France
63890;LE MONESTIER;France
38930;LE MONESTIER DU PERCY;France
05220;LE MONETIER LES BAINS;France
88210;LE MONT;France
08390;LE MONT DIEU;France
63240;LE MONT DORE;France
60650;LE MONT ST ADRIEN;France
50170;LE MONT ST MICHEL;France
46090;LE MONTAT;France
15240;LE MONTEIL;France
43700;LE MONTEIL;France
23460;LE MONTEIL AU VICOMTE;France
01800;LE MONTELLIER;France
03240;LE MONTET;France
38260;LE MOTTIER;France
45290;LE MOULINET SUR SOLIN;France
22340;LE MOUSTOIR;France
38580;LE MOUTARET;France
25170;LE MOUTHEROT;France
17350;LE MUNG;France
83490;LE MUY;France
12190;LE NAYRAC;France
27110;LE NEUBOURG;France
50140;LE NEUFBOURG;France
55120;LE NEUFOUR;France
33430;LE NIZAN;France
02170;LE NOUVION EN THIERACHE;France
05500;LE NOYER;France
18260;LE NOYER;France
73340;LE NOYER;France
27410;LE NOYER EN OUCHE;France
52600;LE PAILLY;France
56360;LE PALAIS;France
87410;LE PALAIS SUR VIENNE;France
44330;LE PALLET;France
62770;LE PARCQ;France
53300;LE PAS;France
61290;LE PAS ST L HOMER;France
39300;LE PASQUIER;France
38490;LE PASSAGE;France
47520;LE PASSAGE;France
77340;LE PAVE DE PONTAULT;France
10350;LE PAVILLON STE JULIE;France
38780;LE PEAGE;France
38550;LE PEAGE DE ROUSSILLON;France
36200;LE PECHEREAU;France
78230;LE PECQ;France
26770;LE PEGUE;France
44640;LE PELLERIN;France
95450;LE PERCHAY;France
38930;LE PERCY;France
38740;LE PERIER;France
78610;LE PERRAY EN YVELINES;France
69460;LE PERREON;France
94170;LE PERREUX SUR MARNE;France
85300;LE PERRIER;France
50160;LE PERRON;France
66480;LE PERTHUS;France
35370;LE PERTRE;France
43200;LE PERTUIS;France
19190;LE PESCHER;France
01260;LE PETIT ABERGEMENT;France
76550;LE PETIT APPEVILLE;France
74130;LE PETIT BORNAND LES GLIERES;France
50370;LE PETIT CELLAND;France
92140;LE PETIT CLAMART;France
35320;LE PETIT FOUGERAY;France
39350;LE PETIT MERCEY;France
37350;LE PETIT PRESSIGNY;France
76140;LE PETIT QUEVILLY;France
09600;LE PEYRAT;France
33290;LE PIAN MEDOC;France
33490;LE PIAN SUR GARONNE;France
13740;LE PIGEONNIER;France
13122;LE PIGEONNIER;France
13720;LE PIGEONNIER;France
26310;LE PILHON;France
03130;LE PIN;France
14590;LE PIN;France
17210;LE PIN;France
30330;LE PIN;France
38730;LE PIN;France
39210;LE PIN;France
44540;LE PIN;France
77181;LE PIN;France
79140;LE PIN;France
82340;LE PIN;France
61310;LE PIN AU HARAS;France
49110;LE PIN EN MAUGES;France
61400;LE PIN LA GARENNE;France
31370;LE PIN MURELET;France
24700;LE PIZOU;France
09460;LE PLA;France
07590;LE PLAGNAL;France
31220;LE PLAN;France
06130;LE PLAN DE GRASSE;France
71330;LE PLANOIS;France
27230;LE PLANQUAY;France
01330;LE PLANTAY;France
61170;LE PLANTIS;France
02210;LE PLESSIER HULEU;France
80110;LE PLESSIER ROZAINVILLERS;France
60130;LE PLESSIER SUR BULLES;France
60130;LE PLESSIER SUR ST JUST;France
77165;LE PLESSIS AUX BOIS;France
60330;LE PLESSIS BELLEVILLE;France
95130;LE PLESSIS BOUCHARD;France
60150;LE PLESSIS BRION;France
91830;LE PLESSIS CHENET;France
41170;LE PLESSIS DORIN;France
77540;LE PLESSIS FEU AUSSOUX;France
95720;LE PLESSIS GASSOT;France
49124;LE PLESSIS GRAMMOIRE;France
14770;LE PLESSIS GRIMOULT;France
27180;LE PLESSIS GROHAN;France
27120;LE PLESSIS HEBERT;France
41370;LE PLESSIS L ECHELLE;France
77165;LE PLESSIS L EVEQUE;France
50250;LE PLESSIS LASTELLE;France
95270;LE PLESSIS LUZARCHES;France
49770;LE PLESSIS MACE;France
91220;LE PLESSIS PATE;France
60640;LE PLESSIS PATTE D OIE;France
77440;LE PLESSIS PLACY;France
92350;LE PLESSIS ROBINSON;France
27170;LE PLESSIS STE OPPORTUNE;France
94420;LE PLESSIS TREVISE;France
38580;LE PLEYNET;France
60420;LE PLOYRON;France
05300;LE POET;France
26460;LE POET CELARD;France
26170;LE POET EN PERCIP;France
26160;LE POET LAVAL;France
26110;LE POET SIGILLAT;France
04270;LE POIL;France
36330;LE POINCONNET;France
85770;LE POIRE SUR VELLUIRE;France
85170;LE POIRE SUR VIE;France
41270;LE POISLAY;France
01130;LE POIZAT;France
48110;LE POMPIDOU;France
62390;LE PONCHEL;France
18210;LE PONDY;France
36800;LE PONT CHRETIEN CHABENET;France
38480;LE PONT DE BEAUVOISIN;France
73330;LE PONT DE BEAUVOISIN;France
38800;LE PONT DE CLAIX;France
48220;LE PONT DE MONTVERT;France
70130;LE PONT DE PLANCHES;France
05260;LE PONT DU FOSSE;France
73110;LE PONTET;France
84130;LE PONTET;France
29650;LE PONTHOU;France
33680;LE PORGE;France
09320;LE PORT;France
78560;LE PORT MARLY;France
62480;LE PORTEL;France
34230;LE POUGET;France
34600;LE POUJOL SUR ORB;France
29360;LE POULDU;France
44510;LE POULIGUEN;France
33670;LE POUT;France
07320;LE POUZAT;France
07250;LE POUZIN;France
34600;LE PRADAL;France
83220;LE PRADET;France
74440;LE PRAZ DE LYS;France
14340;LE PRE D AUGE;France
93310;LE PRE ST GERVAIS;France
09460;LE PUCH;France
34700;LE PUECH;France
88210;LE PUID;France
28310;LE PUISET;France
49600;LE PUISET DORE;France
52340;LE PUITS DES MEZES;France
71460;LE PULEY;France
25640;LE PUY;France
33580;LE PUY;France
43000;LE PUY EN VELAY;France
49260;LE PUY NOTRE DAME;France
49300;LE PUY ST BONNET;France
13610;LE PUY STE REPARADE;France
63330;LE QUARTIER;France
80430;LE QUESNE;France
80118;LE QUESNEL;France
60480;LE QUESNEL AUBRY;France
59530;LE QUESNOY;France
80700;LE QUESNOY;France
62140;LE QUESNOY EN ARTOIS;France
22470;LE QUESTEL;France
22460;LE QUILLIO;France
22540;LE QUINQUIS;France
22630;LE QUIOU;France
93340;LE RAINCY;France
48500;LE RECOUX;France
14350;LE RECULEY;France
29480;LE RELECQ KERHUON;France
61120;LE RENOUARD;France
74950;LE REPOSOIR;France
79130;LE RETAIL;France
83200;LE REVEST LES EAUX;France
35650;LE RHEU;France
81240;LE RIALET;France
53640;LE RIBAY;France
69440;LE RICHOUD;France
81170;LE RIOLS;France
38140;LE RIVIER;France
46200;LE ROC;France
56460;LE ROC ST ANDRE;France
86170;LE ROCHEREAU;France
27240;LE RONCENAY;France
27240;LE RONCENAY AUTHENAY;France
80740;LE RONSSOY;France
69440;LE ROSSEON;France
13620;LE ROUET;France
15290;LE ROUGET;France
88460;LE ROULIER;France
06650;LE ROURET;France
71220;LE ROUSSET;France
07560;LE ROUX;France
13740;LE ROVE;France
50340;LE ROZEL;France
48150;LE ROZIER;France
25210;LE RUSSEY;France
27240;LE SACQ;France
56110;LE SAINT;France
05400;LE SAIX;France
13200;LE SAMBUC;France
61470;LE SAP;France
61230;LE SAP ANDRE;France
74350;LE SAPPEY;France
38700;LE SAPPEY EN CHARTREUSE;France
62450;LE SARS;France
02450;LE SART;France
60360;LE SAULCHOY;France
88210;LE SAULCY;France
04400;LE SAUZE;France
05160;LE SAUZE DU LAC;France
81640;LE SEGUR;France
35320;LE SEL DE BRETAGNE;France
40420;LE SEN;France
81990;LE SEQUESTRE;France
17770;LE SEURE;France
66270;LE SOLER;France
62810;LE SOUICH;France
34330;LE SOULIE;France
02140;LE SOURD;France
56300;LE SOURN;France
18570;LE SUBDRAY;France
88120;LE SYNDICAT;France
85310;LE TABLIER;France
33320;LE TAILLAN MEDOC;France
79200;LE TALLUD;France
50320;LE TANU;France
71330;LE TARTRE;France
78113;LE TARTRE GAUDRAN;France
16360;LE TATRE;France
66230;LE TECH;France
33470;LE TEICH;France
07400;LE TEIL;France
50640;LE TEILLEUL;France
33680;LE TEMPLE;France
41170;LE TEMPLE;France
79700;LE TEMPLE;France
44360;LE TEMPLE DE BRETAGNE;France
47110;LE TEMPLE SUR LOT;France
78980;LE TERTRE ST DENIS;France
03240;LE THEIL;France
23430;LE THEIL;France
50330;LE THEIL;France
61260;LE THEIL;France
14410;LE THEIL BOCAGE;France
35240;LE THEIL DE BRETAGNE;France
14130;LE THEIL EN AUGE;France
27230;LE THEIL NOLENT;France
28240;LE THIEULIN;France
27150;LE THIL;France
27150;LE THIL EN VEXIN;France
76440;LE THIL RIBERPRE;France
95500;LE THILLAY;France
88160;LE THILLOT;France
13100;LE THOLONET;France
88530;LE THOLY;France
84250;LE THOR;France
83340;LE THORONET;France
17290;LE THOU;France
51210;LE THOULT TROSNAY;France
08190;LE THOUR;France
49350;LE THOUREIL;France
02340;LE THUEL;France
27700;LE THUIT;France
27370;LE THUIT ANGER;France
27370;LE THUIT SIGNOL;France
27370;LE THUIT SIMER;France
35460;LE TIERCENT;France
06530;LE TIGNET;France
76790;LE TILLEUL;France
27110;LE TILLEUL LAMBERT;France
27170;LE TILLEUL OTHON;France
80132;LE TITRE;France
76560;LE TORP MESNIL;France
27210;LE TORPT;France
14130;LE TORQUESNE;France
62520;LE TOUQUET PARIS PLAGE;France
56370;LE TOUR DU PARC;France
33550;LE TOURNE;France
14350;LE TOURNEUR;France
38660;LE TOUVET;France
76580;LE TRAIT;France
36700;LE TRANGER;France
80140;LE TRANSLAY;France
62450;LE TRANSLOY;France
81120;LE TRAVET;France
83700;LE TRAYAS;France
29450;LE TREHOU;France
49520;LE TREMBLAY;France
27110;LE TREMBLAY OMONVILLE;France
78490;LE TREMBLAY SUR MAULDRE;France
70100;LE TREMBLOIS;France
76470;LE TREPORT;France
29380;LE TREVOUX;France
34270;LE TRIADOU;France
15600;LE TRIOULOU;France
35540;LE TRONCHET;France
72170;LE TRONCHET;France
27110;LE TRONCQ;France
14490;LE TRONQUAY;France
27480;LE TRONQUAY;France
12430;LE TRUEL;France
33125;LE TUZAN;France
83143;LE VAL;France
88340;LE VAL D AJOL;France
91400;LE VAL D ALBIAN;France
52190;LE VAL D ESNOMS;France
27120;LE VAL DAVID;France
70200;LE VAL DE GOUHENANS;France
57430;LE VAL DE GUEBLANGE;France
70160;LE VAL ST ELOI;France
91530;LE VAL ST GERMAIN;France
50300;LE VAL ST PERE;France
50260;LE VALDECIE;France
88230;LE VALTIN;France
79270;LE VANNEAU;France
50630;LE VAST;France
39300;LE VAUDIOUX;France
77123;LE VAUDOUE;France
27100;LE VAUDREUIL;France
15380;LE VAULMIER;France
60590;LE VAUMAIN;France
95420;LE VAUMION;France
60390;LE VAUROUX;France
81140;LE VERDIER;France
33123;LE VERDON SUR MER;France
13500;LE VERGER;France
35160;LE VERGER;France
02490;LE VERGUIER;France
88210;LE VERMONT;France
73110;LE VERNEIL;France
03200;LE VERNET;France
04140;LE VERNET;France
09700;LE VERNET;France
43320;LE VERNET;France
63710;LE VERNET STE MARGUERITE;France
39210;LE VERNOIS;France
25750;LE VERNOY;France
38420;LE VERSOUD;France
79170;LE VERT;France
78110;LE VESINET;France
03320;LE VEURDRE;France
14570;LE VEY;France
51210;LE VEZIER;France
12290;LE VIBAL;France
50760;LE VICEL;France
49150;LE VIEIL BAUGE;France
51330;LE VIEIL DAMPIERRE;France
27930;LE VIEIL EVREUX;France
22800;LE VIEUX BOURG;France
16350;LE VIEUX CERIER;France
22420;LE VIEUX MARCHE;France
01390;LE VIEUX MARSEILLE;France
30120;LE VIGAN;France
46300;LE VIGAN;France
15200;LE VIGEAN;France
86150;LE VIGEANT;France
87110;LE VIGEN;France
40270;LE VIGNAU;France
03350;LE VILHAIN;France
48230;LE VILLARD;France
71700;LE VILLARS;France
39230;LE VILLEY;France
81240;LE VINTROU;France
39800;LE VISENEY;France
66730;LE VIVIER;France
35960;LE VIVIER SUR MER;France
49310;LE VOIDE;France
50260;LE VRETOT;France
62142;LE WAST;France
22300;LE YAUDET;France
80560;LEALVILLERS;France
14340;LEAUPARTIE;France
01200;LEAZ;France
90100;LEBETAIN;France
54740;LEBEUVILLE;France
62990;LEBIEZ;France
32810;LEBOULIN;France
46800;LEBREIL;France
62124;LEBUCQUIERE;France
14140;LECAUDE;France
20137;LECCI;France
59226;LECELLES;France
52360;LECEY;France
21250;LECHATELET;France
62124;LECHELLE;France
77171;LECHELLE;France
59259;LECLUSE;France
52140;LECOURT;France
35133;LECOUSSE;France
30250;LECQUES;France
39260;LECT;France
32700;LECTOURE;France
64220;LECUMBERRY;France
31580;LECUSSAN;France
81340;LEDAS ET PENTHIES;France
47300;LEDAT;France
30210;LEDENON;France
12170;LEDERGUES;France
59143;LEDERZEELE;France
64400;LEDEUIX;France
30350;LEDIGNAN;France
62380;LEDINGHEM;France
59470;LEDRINGHEM;France
64320;LEE;France
59115;LEERS;France
64490;LEES ATHAS;France
62630;LEFAUX;France
14700;LEFFARD;France
08310;LEFFINCOURT;France
70600;LEFFOND;France
52210;LEFFONDS;France
59495;LEFFRINCKOUCKE;France
62790;LEFOREST;France
31440;LEGE;France
44650;LEGE;France
33950;LEGE CAP FERRET;France
88270;LEGEVILLE ET BONFAYS;France
60420;LEGLANTIERS;France
39240;LEGNA;France
69620;LEGNY;France
31490;LEGUEVIN;France
24340;LEGUILLAC DE CERCLES;France
24110;LEGUILLAC DE L AUCHE;France
22100;LEHON;France
86450;LEIGNE LES BOIS;France
86230;LEIGNE SUR USSEAU;France
86300;LEIGNES SUR FONTAINE;France
42130;LEIGNEUX;France
68800;LEIMBACH;France
54450;LEINTREY;France
67250;LEITERSWILLER;France
01410;LELEX;France
32400;LELIN LAPUJOLLE;France
57660;LELLING;France
54740;LEMAINVILLE;France
67510;LEMBACH;France
57620;LEMBERG;France
64350;LEMBEYE;France
24100;LEMBRAS;France
02140;LEME;France
64450;LEME;France
54740;LEMENIL MITRY;France
37120;LEMERE;France
88300;LEMMECOURT;France
55220;LEMMES;France
57590;LEMONCOURT;France
81700;LEMPAUT;France
43410;LEMPDES;France
63370;LEMPDES;France
02420;LEMPIRE;France
55100;LEMPIRE AUX BOIS;France
07300;LEMPS;France
26510;LEMPS;France
63190;LEMPTY;France
24800;LEMPZOURS;France
57580;LEMUD;France
39110;LEMUY;France
14770;LENAULT;France
03130;LENAX;France
86140;LENCLOITRE;France
40120;LENCOUACQ;France
64300;LENDRESSE;France
57720;LENGELSHEIM;France
50510;LENGRONNE;France
51230;LENHARREE;France
57670;LENING;France
52240;LENIZEUL;France
29190;LENNON;France
54110;LENONCOURT;France
62300;LENS;France
26210;LENS LESTANG;France
01240;LENT;France
39300;LENT;France
42155;LENTIGNY;France
46330;LENTILLAC LAUZES;France
46100;LENTILLAC ST BLAISE;France
07200;LENTILLERES;France
10330;LENTILLES;France
69210;LENTILLY;France
38270;LENTIOL;France
20252;LENTO;France
46300;LEOBARD;France
33210;LEOGEATS;France
33850;LEOGNAN;France
82230;LEOJAC;France
40550;LEON;France
26190;LEONCEL;France
43410;LEOTOING;France
45480;LEOUVILLE;France
17500;LEOVILLE;France
88600;LEPANGES SUR VOLOGNE;France
23170;LEPAUD;France
73610;LEPIN LE LAC;France
23150;LEPINAS;France
10120;LEPINE;France
62170;LEPINE;France
08150;LEPRON LES VALLEES;France
90200;LEPUIX;France
90100;LEPUIX NEUF;France
09600;LERAN;France
09220;LERCOUL;France
18240;LERE;France
64270;LEREN;France
42600;LERIGNEUX;France
33840;LERM ET MUSSET;France
37500;LERNE;France
55200;LEROUVILLE;France
88260;LERRAIN;France
21440;LERY;France
27690;LERY;France
02260;LERZY;France
88270;LES ABLEUVENETTES;France
38490;LES ABRETS;France
16700;LES ADJOTS;France
38190;LES ADRETS;France
83600;LES ADRETS DE L ESTEREL;France
60700;LES AGEUX;France
34600;LES AIRES;France
18220;LES AIX D ANGILLON;France
12220;LES ALBRES;France
49320;LES ALLEUDS;France
79190;LES ALLEUDS;France
08400;LES ALLEUX;France
25300;LES ALLIES;France
73550;LES ALLUES;France
78580;LES ALLUETS LE ROI;France
63770;LES ANCIZES COMPS;France
27700;LES ANDELYS;France
30133;LES ANGLES;France
65100;LES ANGLES;France
66210;LES ANGLES;France
19000;LES ANGLES SUR CORREZE;France
39400;LES ARCETS;France
73700;LES ARCS;France
83460;LES ARCS;France
69430;LES ARDILLATS;France
46250;LES ARQUES;France
39600;LES ARSURES;France
33570;LES ARTIGUES DE LUSSAC;France
61270;LES ASPRES;France
07140;LES ASSIONS;France
62730;LES ATTAQUES;France
79250;LES AUBIERS;France
72670;LES AULNEAUX;France
02360;LES AUTELS;France
14140;LES AUTELS ST BAZILE;France
28330;LES AUTELS VILLEVILLON;France
27220;LES AUTHIEUX;France
61240;LES AUTHIEUX DU PUITS;France
14140;LES AUTHIEUX PAPION;France
14130;LES AUTHIEUX SUR CALONNE;France
76520;LES AUTHIEUX SUR LE PORT ST OUEN;France
73260;LES AVANCHERS VALMOREL;France
38630;LES AVENIERES;France
70200;LES AYNANS;France
08000;LES AYVELLES;France
27130;LES BARILS;France
54150;LES BAROCHES;France
26420;LES BARRAQUES EN VERCORS;France
82100;LES BARTHES;France
70130;LES BATIES;France
83270;LES BAUMELLES;France
13009;LES BAUMETTES;France
27160;LES BAUX DE BRETEUIL;France
13520;LES BAUX DE PROVENCE;France
27180;LES BAUX STE CROIX;France
48200;LES BESSONS;France
45290;LES BEZARDS;France
50540;LES BIARDS;France
87340;LES BILLANGES;France
33500;LES BILLAUX;France
71710;LES BIZOTS;France
48400;LES BONDONS;France
04200;LES BONS ENFANTS;France
36100;LES BORDES;France
45460;LES BORDES;France
71350;LES BORDES;France
89500;LES BORDES;France
10800;LES BORDES AUMONT;France
09350;LES BORDES SUR ARIZE;France
09800;LES BORDES SUR LEZ;France
74400;LES BOSSONS;France
27250;LES BOTTEREAUX;France
17340;LES BOUCHOLEURS;France
39370;LES BOUCHOUX;France
13720;LES BOYERS;France
25120;LES BRESEUX;France
78610;LES BREVIAIRES;France
85260;LES BROUZILS;France
35330;LES BRULAIS;France
11400;LES BRUNELS;France
94370;LES BRUYERES;France
09310;LES CABANNES;France
81170;LES CABANNES;France
13170;LES CADENEAUX;France
81540;LES CAMMAZES;France
74300;LES CARROZ D ARACHES;France
87230;LES CARS;France
11320;LES CASSES;France
13114;LES CAYOLS;France
76590;LES CENT ACRES;France
49360;LES CERQUEUX DE MAULEVRIER;France
49310;LES CERQUEUX SOUS PASSAVANT;France
39150;LES CHALESMES;France
50320;LES CHAMBRES;France
61120;LES CHAMPEAUX;France
50620;LES CHAMPS DE LOSQUE;France
22630;LES CHAMPS GERAUX;France
53250;LES CHAPELLES;France
73700;LES CHAPELLES;France
77610;LES CHAPELLES BOURBON;France
51330;LES CHARMONTOIS;France
28270;LES CHATELETS;France
85700;LES CHATELLIERS CHATEAUMUR;France
28120;LES CHATELLIERS NOTRE DAME;France
73660;LES CHAVANNES EN MAURIENNE;France
69380;LES CHERES;France
50220;LES CHERIS;France
45290;LES CHOUX;France
78340;LES CLAYES SOUS BOIS;France
74230;LES CLEFS;France
89190;LES CLERIMOIS;France
85430;LES CLOUZEAUX;France
66480;LES CLUSES;France
25500;LES COMBES;France
74170;LES CONTAMINES MONTJOIE;France
28240;LES CORVEES LES YYS;France
05500;LES COSTES;France
12400;LES COSTES GOZON;France
38138;LES COTES D AREY;France
38970;LES COTES DE CORPS;France
44340;LES COUETS;France
50370;LES CRESNAYS;France
22440;LES CROIX;France
10130;LES CROUTES;France
39150;LES CROZATS;France
39260;LES CROZETS;France
27340;LES DAMPS;France
73230;LES DESERTS;France
38860;LES DEUX ALPES;France
39230;LES DEUX FAYS;France
08110;LES DEUX VILLES;France
04000;LES DOURBES;France
69870;LES ECHARMEAUX;France
73360;LES ECHELLES;France
01700;LES ECHETS;France
25140;LES ECORCES;France
77820;LES ECRENNES;France
17510;LES EDUTS;France
17400;LES EGLISES D ARGENTEUIL;France
33230;LES EGLISOTTES ET CHALAURES;France
55160;LES EPARGES;France
38300;LES EPARRES;France
85590;LES EPESSES;France
16210;LES ESSARDS;France
17250;LES ESSARDS;France
37130;LES ESSARDS;France
39120;LES ESSARDS TAIGNEVAUX;France
27240;LES ESSARTS;France
41800;LES ESSARTS;France
76530;LES ESSARTS;France
85140;LES ESSARTS;France
78690;LES ESSARTS LE ROI;France
51310;LES ESSARTS LE VICOMTE;France
51120;LES ESSARTS LES SEZANNE;France
76270;LES ESSARTS VARIMPRE;France
33190;LES ESSEINTES;France
43150;LES ESTABLES;France
57530;LES ETANGS;France
28330;LES ETILLEUX;France
24620;LES EYZIES DE TAYAC SIREUIL;France
24290;LES FARGES;France
06510;LES FERRES;France
70310;LES FESSEY;France
25500;LES FINS;France
60650;LES FONTAINETTES;France
25210;LES FONTENELLES;France
70190;LES FONTENIS;France
23230;LES FORGES;France
56120;LES FORGES;France
79340;LES FORGES;France
88390;LES FORGES;France
79360;LES FOSSES;France
56200;LES FOUGERETS;France
25300;LES FOURGS;France
13120;LES FRERES;France
27250;LES FRETILS;France
63750;LES GANNES;France
49120;LES GARDES;France
71230;LES GAUTHERETS;France
61270;LES GENETTES;France
74260;LES GETS;France
17100;LES GONDS;France
13720;LES GORGUETTES;France
13008;LES GOUDES;France
21520;LES GOULLES;France
16140;LES GOURS;France
08390;LES GRANDES ARMOISES;France
10170;LES GRANDES CHAPELLES;France
76540;LES GRANDES DALLES;France
51400;LES GRANDES LOGES;France
17220;LES GRANDES RIVIERES;France
76950;LES GRANDES VENTES;France
87160;LES GRANDS CHEZEAUX;France
10210;LES GRANGES;France
10100;LES GRANGES;France
26290;LES GRANGES GONTARDES;France
91410;LES GRANGES LE ROI;France
25160;LES GRANGETTES;France
25790;LES GRAS;France
24340;LES GRAULGES;France
78955;LES GRESILLONS;France
22360;LES GREVES LANGUEUX;France
79220;LES GROSEILLERS;France
71160;LES GUERREAUX;France
69420;LES HAIES;France
69610;LES HALLES;France
08800;LES HAUTES RIVIERES;France
08800;LES HAUTS BUTTES;France
55000;LES HAUTS DE CHEE;France
41800;LES HAYES;France
39120;LES HAYS;France
85500;LES HERBIERS;France
48340;LES HERMAUX;France
37110;LES HERMITES;France
27910;LES HOGUES;France
22430;LES HOPITAUX;France
25370;LES HOPITAUX NEUFS;France
25370;LES HOPITAUX VIEUX;France
74310;LES HOUCHES;France
35630;LES IFFS;France
76630;LES IFS;France
11380;LES ILHES;France
05500;LES INFOURNAS;France
14690;LES ISLES BARDEL;France
55120;LES ISLETTES;France
83380;LES ISSAMBRES;France
09100;LES ISSARDS;France
51190;LES ISTRES ET BURY;France
79600;LES JUMEAUX;France
46150;LES JUNIES;France
73870;LES KARELLIS;France
85130;LES LANDES GENUSSON;France
48700;LES LAUBIES;France
21150;LES LAUMES;France
24400;LES LECHES;France
83270;LES LECQUES;France
33220;LES LEVES ET THOUMEYRAGUES;France
93260;LES LILAS;France
14240;LES LOGES;France
52500;LES LOGES;France
76790;LES LOGES;France
78350;LES LOGES EN JOSAS;France
50600;LES LOGES MARCHIS;France
10210;LES LOGES MARGUERON;France
14700;LES LOGES SAULCES;France
50370;LES LOGES SUR BRECEY;France
83140;LES LONES;France
85170;LES LUCS SUR BOULOGNE;France
30960;LES MAGES;France
85400;LES MAGNILS REIGNIERS;France
70110;LES MAGNY;France
21130;LES MAILLYS;France
55000;LES MARATS;France
73800;LES MARCHES;France
77560;LES MARETS;France
23700;LES MARS;France
63430;LES MARTRES D ARTIERE;France
63730;LES MARTRES DE VEYRE;France
11390;LES MARTYS;France
34270;LES MATELLES;France
17570;LES MATHES;France
83340;LES MAYONS;France
08500;LES MAZURES;France
04190;LES MEES;France
72260;LES MEES;France
73440;LES MENUIRES;France
61290;LES MENUS;France
51370;LES MESNEUX;France
78490;LES MESNULS;France
16200;LES METAIRIES;France
13790;LES MICHELS;France
13290;LES MILLES;France
69650;LES MINES;France
27240;LES MINIERES;France
59122;LES MOERES;France
38090;LES MOINES;France
50270;LES MOITIERS D ALLONNE;France
50360;LES MOITIERS EN BAUPTOIS;France
91470;LES MOLIERES;France
73800;LES MOLLETTES;France
39310;LES MOLUNES;France
14100;LES MONCEAUX;France
55320;LES MONTHAIRONS;France
41120;LES MONTILS;France
48200;LES MONTS VERTS;France
39310;LES MOUSSIERES;France
14620;LES MOUTIERS EN AUGE;France
14220;LES MOUTIERS EN CINGLAIS;France
44580;LES MOUTIERS EN RETZ;France
14140;LES MOUTIERS HUBERT;France
06910;LES MUJOULS;France
78130;LES MUREAUX;France
39300;LES NANS;France
01130;LES NEYROLLES;France
42370;LES NOES;France
10420;LES NOES PRES TROYES;France
17380;LES NOUILLERS;France
13013;LES OLIVES;France
74370;LES OLLIERES;France
07360;LES OLLIERES SUR EYRIEUX;France
69490;LES OLMES;France
04200;LES OMERGUES;France
86220;LES ORMES;France
89110;LES ORMES;France
77134;LES ORMES SUR VOULZIE;France
05200;LES ORRES;France
14230;LES OUBEAUX;France
55300;LES PAROCHES;France
50170;LES PAS;France
93320;LES PAVILLONS SOUS BOIS;France
33230;LES PEINTURES;France
13170;LES PENNES MIRABEAU;France
50260;LES PERQUES;France
08390;LES PETITES ARMOISES;France
76540;LES PETITES DALLES;France
51400;LES PETITES LOGES;France
26250;LES PETITS ROBINS;France
13220;LES PEYRETS;France
39150;LES PIARDS;France
50340;LES PIEUX;France
26110;LES PILLES;France
85320;LES PINEAUX;France
16260;LES PINS;France
28210;LES PINTHIERES;France
27230;LES PLACES;France
25470;LES PLAINS ET GRANDS ESSARTS;France
27400;LES PLANCHES;France
39150;LES PLANCHES EN MONTAGNE;France
39600;LES PLANCHES PRES ARBOIS;France
30340;LES PLANS;France
34700;LES PLANS;France
30122;LES PLANTIERS;France
25240;LES PONTETS;France
49130;LES PONTS DE CE;France
17880;LES PORTES EN RE;France
88600;LES POULIERES;France
63500;LES PRADEAUX;France
74400;LES PRAZ DE CHAMONIX;France
27500;LES PREAUX;France
26310;LES PRES;France
13080;LES PUICHINIADES;France
09100;LES PUJOLS;France
46110;LES QUATRE ROUTES DU LOT;France
49430;LES RAIRIES;France
39140;LES REPOTS;France
28340;LES RESSUINTES;France
26270;LES REYS DE SAULCE;France
10340;LES RICEYS;France
34520;LES RIVES;France
39400;LES RIVIERES;France
51300;LES RIVIERES HENRUEL;France
69690;LES ROCHES;France
38370;LES ROCHES DE CONDRIEU;France
41800;LES ROCHES L EVEQUE;France
55130;LES ROISES;France
39130;LES RONCHAUX;France
22190;LES ROSAIRES;France
49350;LES ROSIERS SUR LOIRE;France
61210;LES ROTOURS;France
88600;LES ROUGES EAUX;France
39220;LES ROUSSES;France
59258;LES RUES DES VIGNES;France
85100;LES SABLES D OLONNE;France
83500;LES SABLETTES;France
48100;LES SALCES;France
07140;LES SALELLES;France
48230;LES SALELLES;France
83400;LES SALINS D HYERES;France
42440;LES SALLES;France
33350;LES SALLES DE CASTILLON;France
30110;LES SALLES DU GARDON;France
87440;LES SALLES LAVAUGUYON;France
83630;LES SALLES SUR VERDON;France
63250;LES SARRAIX;France
69170;LES SAUVAGES;France
58230;LES SETTONS;France
89190;LES SIEGES;France
44840;LES SORINIERES;France
55220;LES SOUHESMES RAMPONT;France
15100;LES TERNES;France
25190;LES TERRES DE CHAUX;France
27420;LES THILLIERS EN VEXIN;France
88410;LES THONS;France
04400;LES THUILES;France
26460;LES TONILS;France
44390;LES TOUCHES;France
17160;LES TOUCHES DE PERIGNY;France
61100;LES TOURAILLES;France
31210;LES TOURREILLES;France
26740;LES TOURRETTES;France
55220;LES TROIS DOMAINES;France
68410;LES TROIS EPIS;France
86120;LES TROIS MOUTIERS;France
76430;LES TROIS PIERRES;France
42300;LES TUILERIES;France
91940;LES ULIS;France
49700;LES ULMES;France
88260;LES VALLOIS;France
48400;LES VANELS;France
07140;LES VANS;France
43430;LES VASTRES;France
27180;LES VENTES;France
61170;LES VENTES DE BOURSE;France
49700;LES VERCHERS SUR LAYON;France
50500;LES VEYS;France
05120;LES VIGNEAUX;France
84300;LES VIGNERES;France
48210;LES VIGNES;France
74230;LES VILLARDS SUR THONES;France
25240;LES VILLEDIEU;France
43600;LES VILLETTES;France
88240;LES VOIVRES;France
61210;LES YVETEAUX;France
80360;LESBOEUFS;France
53120;LESBOIS;France
64230;LESCAR;France
74320;LESCHAUX;France
02170;LESCHELLES;France
73340;LESCHERAINES;France
39170;LESCHERES;France
52110;LESCHERES SUR LE BLAISERON;France
77320;LESCHEROLLES;France
01560;LESCHEROUX;France
77450;LESCHES;France
26310;LESCHES EN DIOIS;France
29740;LESCONIL;France
22570;LESCOUET GOUAREC;France
22270;LESCOUET JUGON;France
09100;LESCOUSSE;France
81110;LESCOUT;France
64490;LESCUN;France
31220;LESCUNS;France
09420;LESCURE;France
81380;LESCURE D ALBIGEOIS;France
12440;LESCURE JAOUL;France
65140;LESCURRY;France
59258;LESDAIN;France
02100;LESDINS;France
02220;LESGES;France
40400;LESGOR;France
16310;LESIGNAC DURAND;France
77150;LESIGNY;France
86270;LESIGNY;France
71140;LESME;France
54700;LESMENILS;France
10500;LESMONT;France
29260;LESNEVEN;France
33340;LESPARRE MEDOC;France
09300;LESPARROU;France
07660;LESPERON;France
40260;LESPERON;France
62190;LESPESSES;France
64350;LESPIELLE;France
34710;LESPIGNAN;France
31150;LESPINASSE;France
11160;LESPINASSIERE;France
62990;LESPINOY;France
31160;LESPITEAU;France
65710;LESPONNE;France
65190;LESPOUEY;France
64160;LESPOURCY;France
31350;LESPUGUE;France
66220;LESQUERDE;France
02120;LESQUIELLES ST GERMAIN;France
59810;LESQUIN;France
16500;LESSAC;France
71440;LESSARD EN BRESSE;France
14140;LESSARD ET LE CHENE;France
71530;LESSARD LE NATIONAL;France
50430;LESSAY;France
57580;LESSE;France
88490;LESSEUX;France
85490;LESSON;France
57160;LESSY;France
76730;LESTANVILLE;France
19170;LESTARDS;France
64800;LESTELLE BETHARRAM;France
31360;LESTELLE DE ST MARTORY;France
16420;LESTERPS;France
33550;LESTIAC SUR GARONNE;France
41500;LESTIOU;France
12430;LESTRADE ET THOUELS;France
50310;LESTRE;France
62136;LESTREM;France
08210;LETANNE;France
03360;LETELON;France
28700;LETHUIN;France
20160;LETIA;France
69620;LETRA;France
54610;LETRICOURT;France
27910;LETTEGUIVES;France
05130;LETTRET;France
62250;LEUBRINGHEN;France
11250;LEUC;France
15120;LEUCAMP;France
11370;LEUCATE;France
52190;LEUCHEY;France
91630;LEUDEVILLE;France
77320;LEUDON EN BRIE;France
21290;LEUGLAY;France
86220;LEUGNY;France
89130;LEUGNY;France
29390;LEUHAN;France
02380;LEUILLY SOUS COUCY;France
62500;LEULINGHEM;France
62250;LEULINGHEN BERNES;France
52700;LEURVILLE;France
02880;LEURY;France
67480;LEUTENHEIM;France
91310;LEUVILLE SUR ORGE;France
51700;LEUVRIGNY;France
02500;LEUZE;France
28700;LEVAINVILLE;France
59620;LEVAL;France
90110;LEVAL;France
92300;LEVALLOIS PERRET;France
53120;LEVARE;France
52150;LEVECOURT;France
06670;LEVENS;France
02420;LEVERGIES;France
21200;LEVERNOIS;France
28300;LEVES;France
28310;LEVESVILLE LA CHENARD;France
18340;LEVET;France
20170;LEVIE;France
25270;LEVIER;France
31530;LEVIGNAC;France
47120;LEVIGNAC DE GUYENNE;France
40170;LEVIGNACQ;France
60800;LEVIGNEN;France
10200;LEVIGNY;France
89520;LEVIS;France
78320;LEVIS ST NOM;France
55260;LEVONCOURT;France
68480;LEVONCOURT;France
36110;LEVROUX;France
59287;LEWARDE;France
54720;LEXY;France
57810;LEY;France
09300;LEYCHERT;France
46120;LEYME;France
68220;LEYMEN;France
01150;LEYMENT;France
71570;LEYNES;France
15600;LEYNHAC;France
54760;LEYR;France
23600;LEYRAT;France
38460;LEYRIEU;France
47700;LEYRITZ MONCASSIN;France
01450;LEYSSARD;France
43450;LEYVAUX;France
57660;LEYVILLER;France
31440;LEZ;France
59740;LEZ FONTAINE;France
30350;LEZAN;France
22740;LEZARDRIEUX;France
39400;LEZAT;France
09210;LEZAT SUR LEZE;France
79120;LEZAY;France
59260;LEZENNES;France
52230;LEZEVILLE;France
57630;LEZEY;France
16310;LEZIGNAC DURAND;France
65100;LEZIGNAN;France
11200;LEZIGNAN CORBIERES;France
34120;LEZIGNAN LA CEBE;France
49430;LEZIGNE;France
42600;LEZIGNEUX;France
89160;LEZINNES;France
63190;LEZOUX;France
60650;LHERAULE;France
31600;LHERM;France
46150;LHERM;France
51170;LHERY;France
65190;LHEZ;France
86410;LHOMMAIZE;France
72340;LHOMME;France
01420;LHOPITAL;France
57670;LHOR;France
46170;LHOSPITALET;France
79390;LHOUMOIS;France
01680;LHUIS;France
10700;LHUITRE;France
02220;LHUYS;France
65140;LIAC;France
60140;LIANCOURT;France
80700;LIANCOURT FOSSE;France
60240;LIANCOURT ST PIERRE;France
08290;LIART;France
32600;LIAS;France
32240;LIAS D ARMAGNAC;France
34800;LIAUSSON;France
65330;LIBAROS;France
62820;LIBERCOURT;France
60640;LIBERMONT;France
33500;LIBOURNE;France
08460;LIBRECY;France
21610;LICEY SUR VINGEANNE;France
64470;LICHANS SUNHAR;France
16460;LICHERES;France
89800;LICHERES PRES AIGREMONT;France
89660;LICHERES SUR YONNE;France
64130;LICHOS;France
67340;LICHTENBERG;France
80320;LICOURT;France
64560;LICQ ATHEREY;France
62850;LICQUES;France
02810;LICY CLIGNON;France
57340;LIDREZING;France
68220;LIEBENSWILLER;France
68480;LIEBSDORF;France
25190;LIEBVILLERS;France
57230;LIEDERSCHIEDT;France
70190;LIEFFRANS;France
57420;LIEHON;France
62810;LIENCOURT;France
31800;LIEOUX;France
68660;LIEPVRE;France
80240;LIERAMONT;France
80580;LIERCOURT;France
62190;LIERES;France
69400;LIERGUES;France
21430;LIERNAIS;France
03130;LIERNOLLES;France
02860;LIERVAL;France
60240;LIERVILLE;France
65200;LIES;France
25440;LIESLE;France
02350;LIESSE NOTRE DAME;France
59740;LIESSIES;France
50480;LIESVILLE SUR DOUVE;France
62145;LIETTRES;France
59111;LIEU ST AMAND;France
06260;LIEUCHE;France
70140;LIEUCOURT;France
38440;LIEUDIEU;France
09300;LIEURAC;France
34800;LIEURAN CABRIERES;France
34290;LIEURAN LES BEZIERS;France
27560;LIEUREY;France
35550;LIEURON;France
14170;LIEURY;France
50700;LIEUSAINT;France
77127;LIEUSAINT;France
15110;LIEUTADES;France
60130;LIEUVILLERS;France
70240;LIEVANS;France
62800;LIEVIN;France
25650;LIEVREMONT;France
02700;LIEZ;France
85420;LIEZ;France
88400;LIEZEY;France
88350;LIFFOL LE GRAND;France
52700;LIFFOL LE PETIT;France
35340;LIFFRE;France
32480;LIGARDES;France
80150;LIGESCOURT;France
19160;LIGINIAC;France
86290;LIGLET;France
36370;LIGNAC;France
11240;LIGNAIROLLES;France
33430;LIGNAN DE BAZAS;France
33360;LIGNAN DE BORDEAUX;France
34490;LIGNAN SUR ORB;France
19200;LIGNAREIX;France
23360;LIGNAUD;France
16140;LIGNE;France
44850;LIGNE;France
61240;LIGNERES;France
62810;LIGNEREUIL;France
03410;LIGNEROLLES;France
21520;LIGNEROLLES;France
27220;LIGNEROLLES;France
36160;LIGNEROLLES;France
61190;LIGNEROLLES;France
88800;LIGNEVILLE;France
19500;LIGNEYRAC;France
10130;LIGNIERES;France
18160;LIGNIERES;France
41160;LIGNIERES;France
80590;LIGNIERES CHATELAIN;France
37130;LIGNIERES DE TOURAINE;France
80140;LIGNIERES EN VIMEU;France
72610;LIGNIERES LA CARELLE;France
80500;LIGNIERES LES ROYE;France
53140;LIGNIERES ORGERES;France
16130;LIGNIERES SONNEVILLE;France
55260;LIGNIERES SUR AIRE;France
56160;LIGNOL;France
10200;LIGNOL LE CHATEAU;France
51290;LIGNON;France
89800;LIGNORELLES;France
61220;LIGNOU;France
55500;LIGNY EN BARROIS;France
71110;LIGNY EN BRIONNAIS;France
59191;LIGNY HAUCOURT;France
89144;LIGNY LE CHATEL;France
45240;LIGNY LE RIBAULT;France
62960;LIGNY LES AIRE;France
62127;LIGNY ST FLOCHEL;France
62270;LIGNY SUR CANCHE;France
62450;LIGNY THILLOY;France
37500;LIGRE;France
72270;LIGRON;France
68480;LIGSDORF;France
37240;LIGUEIL;France
24460;LIGUEUX;France
33220;LIGUEUX;France
86240;LIGUGE;France
80320;LIHONS;France
60360;LIHUS;France
31230;LILHAC;France
01260;LILIGNOD;France
59000;LILLE;France
59800;LILLE;France
76170;LILLEBONNE;France
35111;LILLEMER;France
62190;LILLERS;France
27480;LILLY;France
79190;LIMALONGES;France
04300;LIMANS;France
58290;LIMANTON;France
69400;LIMAS;France
78520;LIMAY;France
09600;LIMBRASSAC;France
02220;LIME;France
94450;LIMEIL BREVANNES;France
64420;LIMENDOUS;France
37530;LIMERAY;France
67150;LIMERSHEIM;France
56220;LIMERZEL;France
76570;LIMESY;France
78270;LIMETZ VILLEZ;France
24510;LIMEUIL;France
18120;LIMEUX;France
80490;LIMEUX;France
54470;LIMEY REMENAUVILLE;France
24210;LIMEYRAT;France
87000;LIMOGES;France
77550;LIMOGES FOURCHES;France
46260;LIMOGNE EN QUERCY;France
03320;LIMOISE;France
58270;LIMON;France
69760;LIMONEST;France
63290;LIMONS;France
59330;LIMONT FONTAINE;France
07340;LIMONY;France
91470;LIMOURS;France
11600;LIMOUSIS;France
11300;LIMOUX;France
76540;LIMPIVILLE;France
46270;LINAC;France
23220;LINARD;France
87130;LINARDS;France
16730;LINARS;France
91310;LINAS;France
08110;LINAY;France
86400;LINAZAY;France
04870;LINCEL;France
08800;LINCHAMPS;France
80640;LINCHEUX HALLIVILLERS;France
76760;LINDEBEUF;France
57260;LINDRE BASSE;France
57260;LINDRE HAUTE;France
89240;LINDRY;France
70200;LINEXERT;France
36220;LINGE;France
50670;LINGEARD;France
14250;LINGEVRES;France
62120;LINGHEM;France
67380;LINGOLSHEIM;France
50660;LINGREVILLE;France
20230;LINGUIZZETTA;France
49490;LINIERES BOUTON;France
86800;LINIERS;France
36150;LINIEZ;France
68480;LINSDORF;France
59126;LINSELLES;France
68610;LINTHAL;France
51230;LINTHELLES;France
51230;LINTHES;France
76210;LINTOT;France
76590;LINTOT LES BOIS;France
40260;LINXE;France
55110;LINY DEVANT DUN;France
62270;LINZEUX;France
57590;LIOCOURT;France
80430;LIOMER;France
55110;LION DEVANT DUN;France
45410;LION EN BEAUCE;France
45600;LION EN SULLIAS;France
14780;LION SUR MER;France
24520;LIORAC SUR LOUYRE;France
30260;LIOUC;France
19120;LIOURDRES;France
55300;LIOUVILLE;France
84220;LIOUX;France
23700;LIOUX LES MONGES;France
40410;LIPOSTHEY;France
67640;LIPSHEIM;France
30126;LIRAC;France
49530;LIRE;France
10320;LIREY;France
88410;LIRONCOURT;France
54470;LIRONVILLE;France
08400;LIRY;France
62134;LISBOURG;France
14100;LISIEUX;France
24350;LISLE;France
41100;LISLE;France
55250;LISLE EN BARROIS;France
55000;LISLE EN RIGAULT;France
81310;LISLE SUR TARN;France
02340;LISLET;France
14330;LISON;France
14140;LISORES;France
27440;LISORS;France
09700;LISSAC;France
43350;LISSAC;France
46100;LISSAC ET MOURET;France
19600;LISSAC SUR COUZE;France
18340;LISSAY LOCHY;France
47170;LISSE;France
51300;LISSE EN CHAMPAGNE;France
91090;LISSES;France
63440;LISSEUIL;France
55150;LISSEY;France
69380;LISSIEU;France
77550;LISSY;France
33790;LISTRAC DE DUREZE;France
33480;LISTRAC MEDOC;France
40170;LIT ET MIXE;France
50250;LITHAIRE;France
14490;LITTEAU;France
67490;LITTENHEIM;France
60510;LITZ;France
61420;LIVAIE;France
14140;LIVAROT;France
54460;LIVERDUN;France
77220;LIVERDY EN BRIE;France
46320;LIVERNON;France
81170;LIVERS CAZELLES;France
38220;LIVET;France
53150;LIVET;France
72610;LIVET EN SAOSNOIS;France
38220;LIVET ET GAVET;France
27800;LIVET SUR AUTHOU;France
95300;LIVILLIERS;France
12300;LIVINHAC LE HAUT;France
53400;LIVRE LA TOUCHE;France
35450;LIVRE SUR CHANGEON;France
64530;LIVRON;France
26250;LIVRON SUR DROME;France
14240;LIVRY;France
58240;LIVRY;France
93190;LIVRY GARGAN;France
51400;LIVRY LOUVERCY;France
77000;LIVRY SUR SEINE;France
67270;LIXHAUSEN;France
57119;LIXHEIM;France
54610;LIXIERES;France
57520;LIXING LES ROUHLING;France
57660;LIXING LES ST AVOLD;France
89140;LIXY;France
82200;LIZAC;France
86400;LIZANT;France
36100;LIZERAY;France
23240;LIZIERES;France
25330;LIZINE;France
77650;LIZINES;France
56460;LIZIO;France
39170;LIZON;France
65350;LIZOS;France
02320;LIZY;France
77440;LIZY SUR OURCQ;France
66300;LLAURO;France
66800;LLO;France
66300;LLUPIA;France
67250;LOBSANN;France
29260;LOC BREVALAIRE;France
29400;LOC EGUINER;France
29410;LOC EGUINER ST THEGONNEC;France
22810;LOC ENVEL;France
22340;LOCARN;France
71000;LOCHE;France
37460;LOCHE SUR INDROIS;France
37600;LOCHES;France
10110;LOCHES SUR OURCE;France
01260;LOCHIEU;France
67440;LOCHWILLER;France
56160;LOCMALO;France
22810;LOCMARIA;France
56360;LOCMARIA;France
29690;LOCMARIA BERRIEN;France
56390;LOCMARIA GRAND CHAMP;France
29280;LOCMARIA PLOUZANE;France
56740;LOCMARIAQUER;France
29400;LOCMELAR;France
56500;LOCMINE;France
56570;LOCMIQUELIC;France
56550;LOCOAL MENDON;France
62400;LOCON;France
60240;LOCONVILLE;France
56390;LOCQUELTAS;France
22300;LOCQUEMEAU;France
29670;LOCQUENOLE;France
59530;LOCQUIGNOL;France
29241;LOCQUIREC;France
29180;LOCRONAN;France
29750;LOCTUDY;France
29310;LOCUNOLE;France
03130;LODDES;France
31800;LODES;France
34700;LODEVE;France
25930;LODS;France
70100;LOEUILLEY;France
80160;LOEUILLY;France
74380;LOEX;France
59182;LOFFRE;France
85120;LOGE FOUGEREUSE;France
68124;LOGELBACH;France
68280;LOGELHEIM;France
77185;LOGNES;France
08150;LOGNY BOGNY;France
02500;LOGNY LES AUBENTON;France
08220;LOGNY LES CHAUMONT;France
29460;LOGONNA DAOULAS;France
30610;LOGRIAN FLORIAN;France
28200;LOGRON;France
22620;LOGUIVY DE LA MER;France
22780;LOGUIVY PLOUGRAS;France
35550;LOHEAC;France
64120;LOHITZUN OYHERCQ;France
67290;LOHR;France
22160;LOHUEC;France
53200;LOIGNE SUR MAYENNE;France
28140;LOIGNY LA BATAILLE;France
49440;LOIRE;France
17870;LOIRE LES MARAIS;France
17470;LOIRE SUR NIE;France
69700;LOIRE SUR RHONE;France
53320;LOIRON;France
61400;LOISAIL;France
55000;LOISEY CULEY;France
39320;LOISIA;France
73170;LOISIEUX;France
74140;LOISIN;France
55230;LOISON;France
62218;LOISON SOUS LENS;France
62990;LOISON SUR CREQUOISE;France
54700;LOISY;France
71290;LOISY;France
51130;LOISY EN BRIE;France
51300;LOISY SUR MARNE;France
51220;LOIVRE;France
17111;LOIX;France
79110;LOIZE;France
50530;LOLIF;France
24540;LOLME;France
25440;LOMBARD;France
39230;LOMBARD;France
81120;LOMBERS;France
32220;LOMBEZ;France
64160;LOMBIA;France
02300;LOMBRAY;France
65150;LOMBRES;France
45700;LOMBREUIL;France
72450;LOMBRON;France
59160;LOMME;France
57650;LOMMERANGE;France
78270;LOMMOYE;France
65130;LOMNE;France
70200;LOMONT;France
25110;LOMONT SUR CRETE;France
01680;LOMPNAS;France
01260;LOMPNIEU;France
59840;LOMPRET;France
64410;LONCON;France
16700;LONDIGNY;France
76660;LONDINIERES;France
80510;LONG;France
31410;LONGAGES;France
35190;LONGAULNAY;France
80240;LONGAVESNES;France
21110;LONGCHAMP;France
52240;LONGCHAMP;France
88000;LONGCHAMP;France
88170;LONGCHAMP SOUS CHATENOIS;France
10310;LONGCHAMP SUR AUJON;France
02120;LONGCHAMPS;France
27150;LONGCHAMPS;France
55260;LONGCHAMPS SUR AIRE;France
39400;LONGCHAUMOIS;France
39250;LONGCOCHON;France
52250;LONGEAU;France
52250;LONGEAU PERCEY;France
21110;LONGEAULT;France
55500;LONGEAUX;France
25690;LONGECHAUX;France
38690;LONGECHENAL;France
21110;LONGECOURT EN PLAINE;France
21230;LONGECOURT LES CULETRE;France
73210;LONGEFOY;France
25690;LONGEMAISON;France
71270;LONGEPIERRE;France
69420;LONGES;France
69770;LONGESSAIGNE;France
70110;LONGEVELLE;France
25380;LONGEVELLE LES RUSSEY;France
25260;LONGEVELLE SUR DOUBS;France
17230;LONGEVES;France
85200;LONGEVES;France
25330;LONGEVILLE;France
55000;LONGEVILLE EN BARROIS;France
57050;LONGEVILLE LES METZ;France
57740;LONGEVILLE LES ST AVOLD;France
52220;LONGEVILLE SUR LA LAINES;France
85560;LONGEVILLE SUR MER;France
10320;LONGEVILLE SUR MOGNE;France
25370;LONGEVILLES MONT D OR;France
62240;LONGFOSSE;France
91160;LONGJUMEAU;France
54810;LONGLAVILLE;France
76440;LONGMESNIL;France
72540;LONGNES;France
78980;LONGNES;France
61290;LONGNY AU PERCHE;France
77230;LONGPERRIER;France
02600;LONGPONT;France
91310;LONGPONT SUR ORGE;France
10140;LONGPRE LE SEC;France
80510;LONGPRE LES CORPS SAINTS;France
14250;LONGRAYE;France
16240;LONGRE;France
76260;LONGROY;France
10240;LONGSOLS;France
49160;LONGUE JUMELLES;France
80330;LONGUEAU;France
53200;LONGUEFUYE;France
76860;LONGUEIL;France
60150;LONGUEIL ANNEL;France
60126;LONGUEIL STE MARIE;France
62219;LONGUENESSE;France
61320;LONGUENOE;France
76750;LONGUERUE;France
63270;LONGUES;France
14400;LONGUES SUR MER;France
95450;LONGUESSE;France
80360;LONGUEVAL;France
02160;LONGUEVAL BARBONVAL;France
14230;LONGUEVILLE;France
47200;LONGUEVILLE;France
50290;LONGUEVILLE;France
62142;LONGUEVILLE;France
77650;LONGUEVILLE;France
10170;LONGUEVILLE SUR AUBE;France
76590;LONGUEVILLE SUR SCIE;France
80600;LONGUEVILLETTE;France
54260;LONGUYON;France
21600;LONGVIC;France
14310;LONGVILLERS;France
62630;LONGVILLERS;France
80370;LONGVILLERS;France
78730;LONGVILLIERS;France
08400;LONGWE;France
54400;LONGWY;France
39120;LONGWY SUR LE DOUBS;France
61700;LONLAY L ABBAYE;France
61600;LONLAY LE TESSON;France
16230;LONNES;France
08150;LONNY;France
61250;LONRAI;France
64140;LONS;France
39000;LONS LE SAUNIER;France
17520;LONZAC;France
59630;LOOBERGHE;France
59279;LOON PLAGE;France
59120;LOOS;France
62750;LOOS EN GOHELLE;France
89300;LOOZE;France
29590;LOPEREC;France
29470;LOPERHET;France
20139;LOPIGNA;France
29530;LOQUEFFRET;France
02190;LOR;France
25390;LORAY;France
15320;LORCIERES;France
45490;LORCY;France
09250;LORDAT;France
61330;LORE;France
67430;LORENTZEN;France
20215;LORETO DI CASINCA;France
20165;LORETO DI TALLANO;France
42420;LORETTE;France
41200;LOREUX;France
54290;LOREY;France
41370;LORGES;France
62840;LORGIES;France
83510;LORGUES;France
56100;LORIENT;France
03500;LORIGES;France
17240;LORIGNAC;France
79190;LORIGNE;France
84870;LORIOL DU COMTAT;France
26270;LORIOL SUR DROME;France
43360;LORLANGES;France
27480;LORLEAU;France
60110;LORMAISON;France
28210;LORMAYE;France
58140;LORMES;France
33310;LORMONT;France
74150;LORNAY;France
54290;LOROMONTZEY;France
09190;LORP SENTARAILLE;France
57790;LORQUIN;France
77710;LORREZ LE BOCAGE PREAUX;France
45260;LORRIS;France
57050;LORRY LES METZ;France
57420;LORRY MARDIGNY;France
65250;LORTET;France
66500;LOS MASOS;France
22230;LOSCOUET SUR MEU;France
21170;LOSNE;France
40240;LOSSE;France
19500;LOSTANGES;France
57670;LOSTROFF;France
29190;LOTHEY;France
62240;LOTTINGHEN;France
72300;LOUAILLES;France
77560;LOUAN VILLEGRUIS FONTAINE;France
22700;LOUANNEC;France
37320;LOUANS;France
22540;LOUARGAT;France
02600;LOUATRE;France
65100;LOUBAJAC;France
07110;LOUBARESSE;France
15390;LOUBARESSE;France
09350;LOUBAUT;France
32110;LOUBEDAT;France
24550;LOUBEJAC;France
09120;LOUBENS;France
33190;LOUBENS;France
31460;LOUBENS LAURAGAIS;France
81170;LOUBERS;France
32300;LOUBERSAN;France
47120;LOUBES BERNAC;France
63410;LOUBEYRAT;France
64300;LOUBIENG;France
09000;LOUBIERES;France
79110;LOUBIGNE;France
79110;LOUBILLE;France
79700;LOUBLANDE;France
46130;LOUBRESSAC;France
61150;LOUCE;France
14250;LOUCELLES;France
33125;LOUCHATS;France
62610;LOUCHES;France
03500;LOUCHY MONTFAND;France
65200;LOUCRUP;France
22600;LOUDEAC;France
65510;LOUDENVIELLE;France
65510;LOUDERVIELLE;France
43320;LOUDES;France
31580;LOUDET;France
57670;LOUDREFING;France
86200;LOUDUN;France
72540;LOUE;France
40380;LOUER;France
49700;LOUERRE;France
21520;LOUESME;France
89350;LOUESMES;France
37370;LOUESTAULT;France
60380;LOUEUSE;France
65290;LOUEY;France
61150;LOUGE SUR MAIRE;France
47290;LOUGRATTE;France
25260;LOUGRES;France
71500;LOUHANS;France
64250;LOUHOSSOA;France
19310;LOUIGNAC;France
79600;LOUIN;France
44110;LOUISFERT;France
32130;LOUISOT;France
65350;LOUIT;France
70230;LOULANS VERCHAMP;France
17330;LOULAY;France
39300;LOULLE;France
02130;LOUPEIGNE;France
57510;LOUPERSHOUSE;France
33370;LOUPES;France
53700;LOUPFOUGERES;France
11300;LOUPIA;France
12700;LOUPIAC;France
15700;LOUPIAC;France
33410;LOUPIAC;France
46350;LOUPIAC;France
81800;LOUPIAC;France
33190;LOUPIAC DE LA REOLE;France
34140;LOUPIAN;France
72210;LOUPLANDE;France
55300;LOUPMONT;France
55800;LOUPPY LE CHATEAU;France
55000;LOUPPY SUR CHEE;France
55600;LOUPPY SUR LOISON;France
59156;LOURCHES;France
31510;LOURDE;France
65100;LOURDES;France
64570;LOURDIOS ICHERE;France
36140;LOURDOUEIX ST MICHEL;France
23360;LOURDOUEIX ST PIERRE;France
64420;LOURENTIES;France
65370;LOURES BAROUSSE;France
49700;LOURESSE ROCHEMENIER;France
35270;LOURMAIS;France
84160;LOURMARIN;France
71250;LOURNAND;France
36400;LOUROUER ST LAURENT;France
03350;LOUROUX BOURBONNAIS;France
03600;LOUROUX DE BEAUNE;France
03330;LOUROUX DE BOUBLE;France
03190;LOUROUX HODEMENT;France
40250;LOURQUEN;France
32140;LOURTIES MONBRUN;France
45470;LOURY;France
32230;LOUSLITGES;France
32290;LOUSSOUS DEBAT;France
35330;LOUTEHEL;France
57220;LOUTREMANGE;France
57720;LOUTZVILLER;France
14170;LOUVAGNY;France
49500;LOUVAINES;France
39350;LOUVATANGE;France
78430;LOUVECIENNES;France
52130;LOUVEMONT;France
80560;LOUVENCOURT;France
39320;LOUVENNE;France
08390;LOUVERGNY;France
53950;LOUVERNE;France
27190;LOUVERSEY;France
76490;LOUVETOT;France
64260;LOUVIE JUZON;France
64440;LOUVIE SOUBIRON;France
14710;LOUVIERES;France
52800;LOUVIERES;France
61160;LOUVIERES EN AUGE;France
27400;LOUVIERS;France
53210;LOUVIGNE;France
35680;LOUVIGNE DE BAIS;France
35420;LOUVIGNE DU DESERT;France
59570;LOUVIGNIES BAVAY;France
59530;LOUVIGNIES QUESNOY;France
14111;LOUVIGNY;France
57420;LOUVIGNY;France
64410;LOUVIGNY;France
72600;LOUVIGNY;France
59830;LOUVIL;France
28150;LOUVILLE LA CHENARD;France
28500;LOUVILLIERS EN DROUAIS;France
28250;LOUVILLIERS LES PERCHE;France
51150;LOUVOIS;France
80250;LOUVRECHY;France
95380;LOUVRES;France
59720;LOUVROIL;France
27650;LOUYE;France
16100;LOUZAC ST ANDRE;France
52220;LOUZE;France
72670;LOUZES;France
17160;LOUZIGNAC;France
45210;LOUZOUER;France
79100;LOUZY;France
74330;LOVAGNY;France
55500;LOXEVILLE;France
56800;LOYAT;France
18170;LOYE SUR ARNON;France
01800;LOYES;France
01360;LOYETTES;France
69380;LOZANNE;France
20226;LOZARI;France
17330;LOZAY;France
82160;LOZE;France
62540;LOZINGHEM;France
50570;LOZON;France
20224;LOZZI;France
36350;LUANT;France
40240;LUBBON;France
57170;LUBECOURT;France
19210;LUBERSAC;France
54150;LUBEY;France
43100;LUBILHAC;France
88490;LUBINE;France
37330;LUBLE;France
65220;LUBRET ST LUC;France
65220;LUBY BETMONT;France
12450;LUC;France
48250;LUC;France
65190;LUC;France
64350;LUC ARMAU;France
26310;LUC EN DIOIS;France
11190;LUC SUR AUDE;France
14530;LUC SUR MER;France
11200;LUC SUR ORBIEU;France
64350;LUCARRE;France
36150;LUCAY LE LIBRE;France
36360;LUCAY LE MALE;France
40090;LUCBARDEZ ET BARGUES;France
20290;LUCCIANA;France
28110;LUCE;France
61330;LUCE;France
72290;LUCE SOUS BALLON;France
72500;LUCEAU;France
68480;LUCELLE;France
69480;LUCENAY;France
71540;LUCENAY L EVEQUE;France
21150;LUCENAY LE DUC;France
58380;LUCENAY LES AIX;France
06440;LUCERAM;France
21290;LUCEY;France
54200;LUCEY;France
73170;LUCEY;France
64420;LUCGARIER;France
86430;LUCHAPT;France
17600;LUCHAT;France
72800;LUCHE PRINGE;France
79170;LUCHE SUR BRIOUX;France
79330;LUCHE THOUARSAIS;France
80600;LUCHEUX;France
60360;LUCHY;France
74380;LUCINGES;France
33840;LUCMAU;France
85400;LUCON;France
64360;LUCQ DE BEARN;France
08300;LUCQUY;France
51270;LUCY;France
57590;LUCY;France
76270;LUCY;France
02400;LUCY LE BOCAGE;France
89200;LUCY LE BOIS;France
89270;LUCY SUR CURE;France
89480;LUCY SUR YONNE;France
51500;LUDES;France
63320;LUDESSE;France
09100;LUDIES;France
33290;LUDON MEDOC;France
54710;LUDRES;France
40210;LUE;France
49140;LUE EN BAUGEOIS;France
68720;LUEMSCHWILLER;France
46260;LUGAGNAC;France
65100;LUGAGNAN;France
33420;LUGAIGNAC;France
12220;LUGAN;France
81500;LUGAN;France
15190;LUGARDE;France
33760;LUGASSON;France
40630;LUGLON;France
02140;LUGNY;France
71260;LUGNY;France
18350;LUGNY BOURBONNAIS;France
18140;LUGNY CHAMPAGNE;France
71120;LUGNY LES CHAROLLES;France
20240;LUGO DI NAZZA;France
33240;LUGON ET L ILE DU CARNAY;France
33830;LUGOS;France
74500;LUGRIN;France
62310;LUGY;France
49320;LUIGNE;France
28420;LUIGNY;France
25390;LUISANS;France
28600;LUISANT;France
77520;LUISETAINES;France
35133;LUITRE;France
74470;LULLIN;France
74890;LULLY;France
38660;LUMBIN;France
62380;LUMBRES;France
28140;LUMEAU;France
08440;LUMES;France
55130;LUMEVILLE EN ORNOIS;France
77540;LUMIGNY NESLES ORMEAUX;France
20260;LUMIO;France
12270;LUNAC;France
46100;LUNAN;France
24130;LUNAS;France
34650;LUNAS;France
31350;LUNAX;France
41360;LUNAY;France
03130;LUNEAU;France
46240;LUNEGARDE;France
34400;LUNEL;France
34400;LUNEL VIEL;France
76810;LUNERAY;France
18400;LUNERY;France
54300;LUNEVILLE;France
54210;LUPCOURT;France
42520;LUPE;France
23190;LUPERSAT;France
32290;LUPIAC;France
28360;LUPLANTE;France
32110;LUPPE VIOLLES;France
57580;LUPPY;France
16140;LUPSAULT;France
67490;LUPSTEIN;France
65320;LUQUET;France
36220;LURAIS;France
28500;LURAY;France
64660;LURBE ST CHRISTAU;France
69690;LURCIEUX;France
01090;LURCY;France
58700;LURCY LE BOURG;France
03320;LURCY LEVIS;France
42260;LURE;France
70200;LURE;France
36220;LUREUIL;France
20228;LURI;France
42380;LURIECQ;France
04700;LURS;France
18120;LURY SUR ARNON;France
26620;LUS LA CROIX HAUTE;France
44590;LUSANGER;France
25640;LUSANS;France
31510;LUSCAN;France
24320;LUSIGNAC;France
86600;LUSIGNAN;France
47360;LUSIGNAN PETIT;France
03230;LUSIGNY;France
10270;LUSIGNY SUR BARSE;France
21360;LUSIGNY SUR OUCHE;France
16450;LUSSAC;France
17500;LUSSAC;France
33570;LUSSAC;France
86320;LUSSAC LES CHATEAUX;France
87360;LUSSAC LES EGLISES;France
40270;LUSSAGNET;France
64160;LUSSAGNET LUSSON;France
30580;LUSSAN;France
32270;LUSSAN;France
31430;LUSSAN ADEILHAC;France
17430;LUSSANT;France
07170;LUSSAS;France
24300;LUSSAS ET NONTRONNEAU;France
23170;LUSSAT;France
63360;LUSSAT;France
37400;LUSSAULT SUR LOIRE;France
88490;LUSSE;France
79170;LUSSERAY;France
65220;LUSTAR;France
58240;LUTHENAY UXELOUP;France
01260;LUTHEZIEU;France
65300;LUTILHOUS;France
57144;LUTTANGE;France
68140;LUTTENBACH;France
68480;LUTTER;France
68460;LUTTERBACH;France
28200;LUTZ EN DUNOIS;France
57820;LUTZELBOURG;France
67130;LUTZELHOUSE;France
88110;LUVIGNY;France
21120;LUX;France
31290;LUX;France
71100;LUX;France
16230;LUXE;France
64120;LUXE SUMBERRAUTE;France
51300;LUXEMONT ET VILLOTTE;France
70300;LUXEUIL LES BAINS;France
40430;LUXEY;France
25110;LUXIOL;France
10150;LUYERES;France
37230;LUYNES;France
65120;LUZ ST SAUVEUR;France
17320;LUZAC;France
77138;LUZANCY;France
95270;LUZARCHES;France
79100;LUZAY;France
37120;LUZE;France
70400;LUZE;France
46140;LUZECH;France
09250;LUZENAC;France
36800;LUZERET;France
63350;LUZILLAT;France
37150;LUZILLE;France
38200;LUZINAY;France
02500;LUZOIR;France
58170;LUZY;France
55700;LUZY ST MARTIN;France
52000;LUZY SUR MARNE;France
02440;LY FONTAINE;France
07000;LYAS;France
74200;LYAUD;France
36600;LYE;France
59173;LYNDE;France
70200;LYOFFANS;France
69000;LYON;France
69001;LYON;France
69002;LYON;France
69003;LYON;France
69004;LYON;France
69005;LYON;France
69006;LYON;France
69007;LYON;France
69008;LYON;France
69009;LYON;France
69125;LYON SATOLAS AEROPORT;France
27480;LYONS LA FORET;France
58190;LYS;France
64260;LYS;France
59390;LYS LEZ LANNOY;France
36230;LYS ST GEORGES;France
