57412;KALHAUSEN;France
67240;KALTENHOUSE;France
57330;KANFEN;France
68510;KAPPELEN;France
57430;KAPPELKINGER;France
68230;KATZENTHAL;France
67480;KAUFFENHEIM;France
68240;KAYSERSBERG;France
57920;KEDANGE SUR CANNER;France
67250;KEFFENACH;France
67170;KEFFENDORF;France
68680;KEMBS;France
68680;KEMBS LOECHLE;France
57920;KEMPLICH;France
57460;KERBACH;France
22610;KERBORS;France
22580;KEREGAL;France
29350;KERFANY LES PINS;France
22500;KERFOT;France
56920;KERFOURN;France
29270;KERGLOFF;France
56300;KERGRIST;France
22110;KERGRIST MOELOU;France
22480;KERIEN;France
29100;KERLAZ;France
57480;KERLING LES SIERCK;France
29890;KERLOUAN;France
22450;KERMARIA SULARD;France
22140;KERMOROC H;France
22740;KERMOUSTER;France
56540;KERNASCLEDEN;France
29140;KERNEVEL;France
29260;KERNILIS;France
29260;KERNOUES;France
22480;KERPERT;France
57830;KERPRICH AUX BOIS;France
57260;KERPRICH LES DIEUZE;France
29860;KERSAINT PLABENNEC;France
22410;KERTUGAL;France
67230;KERTZFELD;France
56700;KERVIGNAC;France
67260;KESKASTEL;France
67930;KESSELDORF;France
67270;KIENHEIM;France
68240;KIENTZHEIM;France
67750;KIENTZVILLE;France
68480;KIFFIS;France
59122;KILLEM;France
67840;KILSTETT;France
67350;KINDWILLER;France
68260;KINGERSHEIM;France
67600;KINTZHEIM;France
68290;KIRCHBERG;France
67520;KIRCHHEIM;France
67320;KIRRBERG;France
67330;KIRRWILLER BOSSELSHAUSEN;France
57480;KIRSCH LES SIERCK;France
57480;KIRSCHNAUMEN;France
57430;KIRVILLER;France
57920;KLANG;France
67370;KLEINFRANKENHEIM;France
67440;KLEINGOEFT;France
67530;KLINGENTHAL;France
68220;KNOERINGUE;France
67310;KNOERSHEIM;France
57240;KNUTANGE;France
57100;KOEKING;France
57970;KOENIGSMACKER;France
68480;KOESTLACH;France
68510;KOETZINGUE;France
55300;KOEUR LA GRANDE;France
55300;KOEUR LA PETITE;France
67230;KOGENHEIM;France
67120;KOLBSHEIM;France
67150;KRAFFT;France
67880;KRAUTERGERSHEIM;France
67170;KRAUTWILLER;France
57600;KREUTZBERG;France
67170;KRIEGSHEIM;France
68820;KRUTH;France
67660;KUHLENDORF;France
68320;KUNHEIM;France
57970;KUNTZIG;France
67240;KURTZENHOUSE;France
67520;KUTTOLSHEIM;France
67250;KUTZENHAUSEN;France
01400;L ABERGEMENT CLEMENCIAT;France
71290;L ABERGEMENT DE CUISERY;France
01640;L ABERGEMENT DE VAREY;France
71370;L ABERGEMENT STE COLOMBE;France
79240;L ABSIE;France
61300;L AIGLE;France
09300;L AIGUILLON;France
85460;L AIGUILLON SUR MER;France
85220;L AIGUILLON SUR VIE;France
13123;L ALBARON;France
38470;L ALBENC;France
66480;L ALBERE;France
38750;L ALPE D HUEZ;France
38860;L ALPE DE MONT DE LANS;France
38860;L ALPE DE VENOSC;France
69210;L ARBRESLE;France
62158;L ARBRET;France
22620;L ARCOUEST;France
30290;L ARDOISE;France
05120;L ARGENTIERE LA BESSEE;France
22610;L ARMOR;France
42300;L ARSENAL;France
39160;L AUBEPIN;France
22100;L AUBLETTE QUEVERT;France
08300;L ECAILLE;France
26730;L ECANCIERE;France
08150;L ECHELLE;France
80700;L ECHELLE ST AURIN;France
25640;L ECOUVOTTE;France
19170;L EGLISE AUX BOIS;France
17600;L EGUILLE;France
79500;L ENCLAVE DE LA MARTINIERE;France
61350;L EPINAY LE COMTE;France
05700;L EPINE;France
51460;L EPINE;France
85740;L EPINE;France
02540;L EPINE AUX BOIS;France
04160;L ESCALE;France
06440;L ESCARENE;France
30570;L ESPEROU;France
13016;L ESTAQUE;France
30124;L ESTRECHURE;France
50260;L ETANG BERTRAND;France
78620;L ETANG LA VILLE;France
21220;L ETANG VERGY;France
39570;L ETOILE;France
80830;L ETOILE;France
42580;L ETRAT;France
27220;L HABIT;France
78510;L HAUTIL;France
94240;L HAY LES ROSES;France
85260;L HERBERGEMENT;France
09000;L HERM;France
85570;L HERMENAULT;France
35590;L HERMITAGE;France
22150;L HERMITAGE LORGE;France
61260;L HERMITIERE;France
61290;L HOME CHAMONDOT;France
26740;L HOMME D ARMES;France
82130;L HONOR DE COS;France
22120;L HOPITAL;France
57490;L HOPITAL;France
29460;L HOPITAL CAMFROUT;France
64270;L HOPITAL D ORION;France
25620;L HOPITAL DU GROSBOIS;France
42210;L HOPITAL LE GRAND;France
71600;L HOPITAL LE MERCIER;France
42130;L HOPITAL SOUS ROCHEFORT;France
64130;L HOPITAL ST BLAISE;France
25340;L HOPITAL ST LIEFFROY;France
42152;L HORME;France
27570;L HOSMES;France
04150;L HOSPITALET;France
12230;L HOSPITALET DU LARZAC;France
09390;L HOSPITALET PRES L ANDORRE;France
14100;L HOTELLERIE;France
49500;L HOTELLERIE DE FLEE;France
17137;L HOUMEAU;France
53970;L HUISSERIE;France
37220;L ILE BOUCHARD;France
85770;L ILE D ELLE;France
85340;L ILE D OLONNE;France
85350;L ILE D YEU;France
20220;L ILE ROUSSE;France
93450;L ILE ST DENIS;France
95290;L ISLE ADAM;France
32270;L ISLE ARNE;France
32380;L ISLE BOUZON;France
38080;L ISLE D ABEAU;France
16340;L ISLE D ESPAGNAC;France
32300;L ISLE DE NOE;France
31230;L ISLE EN DODON;France
32600;L ISLE JOURDAIN;France
86150;L ISLE JOURDAIN;France
84800;L ISLE SUR LA SORGUE;France
25250;L ISLE SUR LE DOUBS;France
89440;L ISLE SUR SEREIN;France
85140;L OIE;France
85200;L ORBRIE;France
14170;L OUDON;France
31240;L UNION;France
24210;LA BACHELLERIE;France
53240;LA BACONNIERE;France
88460;LA BAFFE;France
50450;LA BALEINE;France
73170;LA BALME;France
39320;LA BALME D EPY;France
74330;LA BALME DE SILLINGY;France
74230;LA BALME DE THUY;France
38390;LA BALME LES GROTTES;France
13330;LA BARBEN;France
17360;LA BARDE;France
53110;LA BAROCHE GONDOUIN;France
61330;LA BAROCHE SOUS LUCE;France
13710;LA BARQUE;France
39700;LA BARRE;France
70190;LA BARRE;France
85550;LA BARRE DE MONTS;France
50810;LA BARRE DE SEMILLY;France
87520;LA BARRE DE VEYRAC;France
27330;LA BARRE EN OUCHE;France
65250;LA BARTHE DE NESTE;France
70210;LA BASSE VAIVRE;France
59480;LA BASSEE;France
66110;LA BASTIDE;France
83840;LA BASTIDE;France
64240;LA BASTIDE CLAIRENCE;France
30330;LA BASTIDE D ENGRAS;France
09350;LA BASTIDE DE BESPLAS;France
09500;LA BASTIDE DE BOUSIGNAC;France
09700;LA BASTIDE DE LORDAT;France
09240;LA BASTIDE DE SEROU;France
84240;LA BASTIDE DES JOURDANS;France
09160;LA BASTIDE DU SALAT;France
12200;LA BASTIDE L EVEQUE;France
12490;LA BASTIDE PRADINES;France
48250;LA BASTIDE PUYLAURENT;France
12550;LA BASTIDE SOLAGES;France
09600;LA BASTIDE SUR L HERS;France
84120;LA BASTIDONNE;France
79110;LA BATAILLE;France
13013;LA BATARELLE;France
73540;LA BATHIE;France
26310;LA BATIE CREMEZIN;France
26310;LA BATIE DES FONDS;France
38490;LA BATIE DIVISIN;France
38110;LA BATIE MONTGASCON;France
05700;LA BATIE MONTSALEON;France
05230;LA BATIE NEUVE;France
26160;LA BATIE ROLLAND;France
05000;LA BATIE VIEILLE;France
73360;LA BAUCHE;France
44500;LA BAULE ESCOUBLAC;France
74430;LA BAUME;France
26120;LA BAUME CORNILLANE;France
26730;LA BAUME D HOSTUN;France
26790;LA BAUME DE TRANSIT;France
35190;LA BAUSSAINE;France
87210;LA BAZEUGE;France
28330;LA BAZOCHE GOUET;France
50520;LA BAZOGE;France
72650;LA BAZOGE;France
53440;LA BAZOGE MONTPINCON;France
14490;LA BAZOQUE;France
61100;LA BAZOQUE;France
53170;LA BAZOUGE DE CHEMERE;France
53470;LA BAZOUGE DES ALLEUX;France
35420;LA BAZOUGE DU DESERT;France
05140;LA BEAUME;France
13710;LA BEGUDE;France
13360;LA BEGUDE;France
83330;LA BEGUDE;France
26160;LA BEGUDE DE MAZENC;France
61570;LA BELLIERE;France
76440;LA BELLIERE;France
89150;LA BELLIOLE;France
17400;LA BENATE;France
44650;LA BENATE;France
42720;LA BENISSON DIEU;France
08240;LA BERLIERE;France
85610;LA BERNARDIERE;France
44760;LA BERNERIE EN RETZ;France
36400;LA BERTHENOUX;France
08450;LA BESACE;France
50320;LA BESLIERE;France
43170;LA BESSEYRE ST MARY;France
11300;LA BEZOLE;France
14260;LA BIGNE;France
53240;LA BIGOTTIERE;France
73410;LA BIOLLE;France
50800;LA BLOUTIERE;France
49800;LA BOHALLE;France
01120;LA BOISSE;France
14340;LA BOISSIERE;France
27220;LA BOISSIERE;France
34150;LA BOISSIERE;France
39240;LA BOISSIERE;France
53800;LA BOISSIERE;France
24640;LA BOISSIERE D ANS;France
85600;LA BOISSIERE DE MONTAIGU;France
85430;LA BOISSIERE DES LANDES;France
44430;LA BOISSIERE DU DORE;France
78125;LA BOISSIERE ECOLE;France
79310;LA BOISSIERE EN GATINE;France
49110;LA BOISSIERE SUR EVRE;France
06450;LA BOLLENE VESUBIE;France
50360;LA BONNEVILLE;France
27190;LA BONNEVILLE SUR ITON;France
25210;LA BOSSE;France
41290;LA BOSSE;France
72400;LA BOSSE;France
35320;LA BOSSE DE BRETAGNE;France
35340;LA BOUEXIERE;France
13720;LA BOUILLADISSE;France
76530;LA BOUILLE;France
22240;LA BOUILLIE;France
71320;LA BOULAYE;France
50220;LA BOULOUZE;France
63150;LA BOURBOULE;France
28360;LA BOURDINIERE ST LOUP;France
88470;LA BOURGONCE;France
35120;LA BOUSSAC;France
02140;LA BOUTEILLE;France
33650;LA BREDE;France
17840;LA BREE LES BAINS;France
49390;LA BREILLE LES PINS;France
57350;LA BREME;France
57350;LA BREME D OR;France
04340;LA BREOLE;France
88250;LA BRESSE;France
78860;LA BRETECHE;France
25640;LA BRETENIERE;France
39700;LA BRETENIERE;France
85320;LA BRETONNIERE;France
69690;LA BREVENNE;France
14140;LA BREVIERE;France
73520;LA BRIDOIRE;France
06430;LA BRIGUE;France
04700;LA BRILLANNE;France
23000;LA BRIONNE;France
67130;LA BROQUE;France
77940;LA BROSSE MONTCEAUX;France
17160;LA BROUSSE;France
72500;LA BRUERE SUR LOIR;France
85530;LA BRUFFIERE;France
30580;LA BRUGUIERE;France
53410;LA BRULATTE;France
70280;LA BRUYERE;France
38500;LA BUISSE;France
38530;LA BUISSIERE;France
01510;LA BURBANCHE;France
45230;LA BUSSIERE;France
86310;LA BUSSIERE;France
21360;LA BUSSIERE SUR OUCHE;France
92290;LA BUTTE ROUGE;France
36140;LA BUXERETTE;France
66210;LA CABANASSE;France
83740;LA CADIERE D AZUR;France
30170;LA CADIERE ET CAMBO;France
85410;LA CAILLERE ST HILAIRE;France
14210;LA CAINE;France
30190;LA CALMETTE;France
69690;LA CALONNIERE;France
62170;LA CALOTTERIE;France
14230;LA CAMBE;France
48500;LA CANOURGUE;France
02260;LA CAPELLE;France
48500;LA CAPELLE;France
12260;LA CAPELLE BALAGUIER;France
12240;LA CAPELLE BLEYS;France
12130;LA CAPELLE BONANCE;France
30700;LA CAPELLE ET MASMOLENE;France
62360;LA CAPELLE LES BOULOGNE;France
83400;LA CAPTE;France
61100;LA CARNEILLE;France
22240;LA CARQUOIS;France
24120;LA CASSAGNE;France
11270;LA CASSAIGNE;France
08160;LA CASSINE;France
62158;LA CAUCHIE;France
34210;LA CAUNETTE;France
51270;LA CAURE;France
12230;LA CAVALERIE;France
18360;LA CELETTE;France
03600;LA CELLE;France
18200;LA CELLE;France
63620;LA CELLE;France
83170;LA CELLE;France
18160;LA CELLE CONDE;France
23800;LA CELLE DUNOISE;France
71400;LA CELLE EN MORVAN;France
37350;LA CELLE GUENAND;France
78720;LA CELLE LES BORDES;France
51260;LA CELLE SOUS CHANTEMERLE;France
23230;LA CELLE SOUS GOUZON;France
02540;LA CELLE SOUS MONTMIRAIL;France
37160;LA CELLE ST AVANT;France
78170;LA CELLE ST CLOUD;France
89116;LA CELLE ST CYR;France
58440;LA CELLE SUR LOIRE;France
77515;LA CELLE SUR MORIN;France
58700;LA CELLE SUR NIEVRE;France
77670;LA CELLE SUR SEINE;France
23350;LA CELLETTE;France
63330;LA CELLETTE;France
76430;LA CERLANGUE;France
08290;LA CERLEAU;France
03250;LA CHABANNE;France
44220;LA CHABOSSIERE;France
10500;LA CHAISE;France
50370;LA CHAISE BAUDOUIN;France
43160;LA CHAISE DIEU;France
85220;LA CHAIZE GIRAUD;France
85310;LA CHAIZE LE VICOMTE;France
48310;LA CHALDETTE;France
42440;LA CHAMBA;France
42440;LA CHAMBONIE;France
73130;LA CHAMBRE;France
36100;LA CHAMPENOISE;France
03380;LA CHAPELAUDE;France
03300;LA CHAPELLE;France
08200;LA CHAPELLE;France
16140;LA CHAPELLE;France
73660;LA CHAPELLE;France
85150;LA CHAPELLE ACHARD;France
63590;LA CHAPELLE AGNON;France
53950;LA CHAPELLE ANTHENAISE;France
71130;LA CHAPELLE AU MANS;France
61100;LA CHAPELLE AU MOINE;France
53440;LA CHAPELLE AU RIBOUL;France
24290;LA CHAPELLE AUBAREIL;France
88240;LA CHAPELLE AUX BOIS;France
19360;LA CHAPELLE AUX BROCS;France
03230;LA CHAPELLE AUX CHASSES;France
72800;LA CHAPELLE AUX CHOUX;France
35190;LA CHAPELLE AUX FILTZMEENS;France
85120;LA CHAPELLE AUX LYS;France
37130;LA CHAPELLE AUX NAUX;France
19120;LA CHAPELLE AUX SAINTS;France
23160;LA CHAPELLE BALOUE;France
44450;LA CHAPELLE BASSE MER;France
17400;LA CHAPELLE BATON;France
79220;LA CHAPELLE BATON;France
86250;LA CHAPELLE BATON;France
27260;LA CHAPELLE BAYVEL;France
43270;LA CHAPELLE BERTIN;France
79200;LA CHAPELLE BERTRAND;France
61100;LA CHAPELLE BICHE;France
22350;LA CHAPELLE BLANCHE;France
73110;LA CHAPELLE BLANCHE;France
37240;LA CHAPELLE BLANCHE ST MARTIN;France
35330;LA CHAPELLE BOUEXIC;France
56460;LA CHAPELLE CARO;France
50800;LA CHAPELLE CECELIN;France
35630;LA CHAPELLE CHAUSSEE;France
53230;LA CHAPELLE CRAONNAISE;France
74360;LA CHAPELLE D ABONDANCE;France
15300;LA CHAPELLE D ALAGNON;France
72300;LA CHAPELLE D ALIGNE;France
61140;LA CHAPELLE D ANDAINE;France
18380;LA CHAPELLE D ANGILLON;France
59930;LA CHAPELLE D ARMENTIERES;France
28700;LA CHAPELLE D AUNAINVILLE;France
43120;LA CHAPELLE D AUREC;France
71240;LA CHAPELLE DE BRAGNY;France
35660;LA CHAPELLE DE BRAIN;France
71570;LA CHAPELLE DE GUINCHAY;France
38110;LA CHAPELLE DE LA TOUR;France
69240;LA CHAPELLE DE MARDORE;France
38150;LA CHAPELLE DE SURIEU;France
35520;LA CHAPELLE DES FOUGERETZ;France
44410;LA CHAPELLE DES MARAIS;France
17100;LA CHAPELLE DES POTS;France
88600;LA CHAPELLE DEVANT BRUYERES;France
38580;LA CHAPELLE DU BARD;France
72400;LA CHAPELLE DU BOIS;France
27930;LA CHAPELLE DU BOIS DES FAULX;France
76590;LA CHAPELLE DU BOURGAY;France
01240;LA CHAPELLE DU CHATELARD;France
50160;LA CHAPELLE DU FEST;France
49600;LA CHAPELLE DU GENET;France
35360;LA CHAPELLE DU LOU;France
71520;LA CHAPELLE DU MONT DE FRANCE;France
73370;LA CHAPELLE DU MONT DU CHAT;France
28200;LA CHAPELLE DU NOYER;France
50570;LA CHAPELLE EN JUGER;France
42380;LA CHAPELLE EN LAFAYE;France
60520;LA CHAPELLE EN SERVAL;France
05800;LA CHAPELLE EN VALGAUDEMAR;France
26420;LA CHAPELLE EN VERCORS;France
95420;LA CHAPELLE EN VEXIN;France
41290;LA CHAPELLE ENCHERIE;France
14770;LA CHAPELLE ENGERBOLD;France
35500;LA CHAPELLE ERBREE;France
24530;LA CHAPELLE FAUCHER;France
51800;LA CHAPELLE FELCOURT;France
28500;LA CHAPELLE FORAINVILLIERS;France
28340;LA CHAPELLE FORTIN;France
56200;LA CHAPELLE GACELINE;France
79300;LA CHAPELLE GAUDIN;France
72310;LA CHAPELLE GAUGAIN;France
27270;LA CHAPELLE GAUTHIER;France
77720;LA CHAPELLE GAUTHIER;France
43160;LA CHAPELLE GENESTE;France
44670;LA CHAPELLE GLAIN;France
24350;LA CHAPELLE GONAGUET;France
24320;LA CHAPELLE GRESIGNAC;France
27230;LA CHAPELLE HARENG;France
14140;LA CHAPELLE HAUTE GRUE;France
85220;LA CHAPELLE HERMIER;France
44330;LA CHAPELLE HEULIN;France
18150;LA CHAPELLE HUGON;France
49860;LA CHAPELLE HULLIN;France
72310;LA CHAPELLE HUON;France
77540;LA CHAPELLE IGER;France
35133;LA CHAPELLE JANSON;France
77760;LA CHAPELLE LA REINE;France
79700;LA CHAPELLE LARGEAU;France
51260;LA CHAPELLE LASSON;France
44260;LA CHAPELLE LAUNAY;France
15500;LA CHAPELLE LAURENT;France
70300;LA CHAPELLE LES LUXEUIL;France
63420;LA CHAPELLE MARCOUSSE;France
24320;LA CHAPELLE MONTABOURLET;France
87440;LA CHAPELLE MONTBRANDEIX;France
02330;LA CHAPELLE MONTHODON;France
61400;LA CHAPELLE MONTLIGEON;France
18140;LA CHAPELLE MONTLINARD;France
41320;LA CHAPELLE MONTMARTIN;France
24300;LA CHAPELLE MONTMOREAU;France
86470;LA CHAPELLE MONTREUIL;France
86210;LA CHAPELLE MOULIERE;France
77320;LA CHAPELLE MOUTILS;France
71500;LA CHAPELLE NAUDE;France
22160;LA CHAPELLE NEUVE;France
56500;LA CHAPELLE NEUVE;France
45310;LA CHAPELLE ONZERAIN;France
36500;LA CHAPELLE ORTHEMALE;France
85670;LA CHAPELLE PALLUAU;France
24250;LA CHAPELLE PECHAUD;France
71570;LA CHAPELLE PONTANEVAUX;France
79190;LA CHAPELLE POUILLOUX;France
61500;LA CHAPELLE PRES SEES;France
77370;LA CHAPELLE RABLAIS;France
53150;LA CHAPELLE RAINSOUIN;France
74800;LA CHAPELLE RAMBAUD;France
27950;LA CHAPELLE REANVILLE;France
49120;LA CHAPELLE ROUSSELIN;France
61130;LA CHAPELLE SOUEF;France
71700;LA CHAPELLE SOUS BRANCION;France
71800;LA CHAPELLE SOUS DUN;France
51270;LA CHAPELLE SOUS ORBAIS;France
80290;LA CHAPELLE SOUS POIX;France
71190;LA CHAPELLE SOUS UCHON;France
58210;LA CHAPELLE ST ANDRE;France
35140;LA CHAPELLE ST AUBERT;France
72650;LA CHAPELLE ST AUBIN;France
79240;LA CHAPELLE ST ETIENNE;France
49410;LA CHAPELLE ST FLORENT;France
72240;LA CHAPELLE ST FRAY;France
19430;LA CHAPELLE ST GERAUD;France
24390;LA CHAPELLE ST JEAN;France
49140;LA CHAPELLE ST LAUD;France
79430;LA CHAPELLE ST LAURENT;France
36150;LA CHAPELLE ST LAURIAN;France
10600;LA CHAPELLE ST LUC;France
23250;LA CHAPELLE ST MARTIAL;France
73170;LA CHAPELLE ST MARTIN;France
41500;LA CHAPELLE ST MARTIN EN PLAINE;France
74410;LA CHAPELLE ST MAURICE;France
45380;LA CHAPELLE ST MESMIN;France
76780;LA CHAPELLE ST OUEN;France
70700;LA CHAPELLE ST QUILLAIN;France
72160;LA CHAPELLE ST REMY;France
44370;LA CHAPELLE ST SAUVEUR;France
71310;LA CHAPELLE ST SAUVEUR;France
45210;LA CHAPELLE ST SEPULCRE;France
77160;LA CHAPELLE ST SULPICE;France
18570;LA CHAPELLE ST URSIN;France
45230;LA CHAPELLE SUR AVEYRON;France
02570;LA CHAPELLE SUR CHEZY;France
69590;LA CHAPELLE SUR COISE;France
77580;LA CHAPELLE SUR CRECY;France
76740;LA CHAPELLE SUR DUN;France
44240;LA CHAPELLE SUR ERDRE;France
39110;LA CHAPELLE SUR FURIEUSE;France
37140;LA CHAPELLE SUR LOIRE;France
89260;LA CHAPELLE SUR OREUSE;France
49500;LA CHAPELLE SUR OUDON;France
63580;LA CHAPELLE SUR USSON;France
23000;LA CHAPELLE TAILLEFERT;France
71470;LA CHAPELLE THECLE;France
85210;LA CHAPELLE THEMER;France
79160;LA CHAPELLE THIREUIL;France
35590;LA CHAPELLE THOUARAULT;France
50370;LA CHAPELLE UREE;France
89800;LA CHAPELLE VAUPELTEIGNE;France
41330;LA CHAPELLE VENDOMOISE;France
41270;LA CHAPELLE VICOMTESSE;France
61270;LA CHAPELLE VIEL;France
42410;LA CHAPELLE VILLARS;France
14290;LA CHAPELLE YVON;France
18250;LA CHAPELOTTE;France
26470;LA CHARCE;France
58400;LA CHARITE SUR LOIRE;France
39230;LA CHARME;France
71100;LA CHARMEE;France
79360;LA CHARRIERE;France
72340;LA CHARTRE SUR LE LOIR;France
39230;LA CHASSAGNE;France
85120;LA CHATAIGNERAIE;France
39600;LA CHATELAINE;France
36400;LA CHATRE;France
36170;LA CHATRE LANGLIN;France
26340;LA CHAUDIERE;France
63660;LA CHAULME;France
21520;LA CHAUME;France
39150;LA CHAUMUSSE;France
23200;LA CHAUSSADE;France
49600;LA CHAUSSAIRE;France
76590;LA CHAUSSEE;France
86330;LA CHAUSSEE;France
28260;LA CHAUSSEE D IVRY;France
41260;LA CHAUSSEE ST VICTOR;France
51240;LA CHAUSSEE SUR MARNE;France
80310;LA CHAUSSEE TIRANCOURT;France
25650;LA CHAUX;France
61600;LA CHAUX;France
71310;LA CHAUX;France
39230;LA CHAUX EN BRESSE;France
73800;LA CHAVANNE;France
80700;LA CHAVATTE;France
48130;LA CHAZE DE PEYRE;France
25500;LA CHENALOTTE;France
51600;LA CHEPPE;France
17480;LA CHEVALERIE;France
44810;LA CHEVALLERAIS;France
25620;LA CHEVILLOTTE;France
16240;LA CHEVRERIE;France
44118;LA CHEVROLIERE;France
22210;LA CHEZE;France
43230;LA CHOMETTE;France
13600;LA CIOTAT;France
67570;LA CLAQUETTE;France
22700;LA CLARTE;France
85320;LA CLAYE;France
71800;LA CLAYETTE;France
17600;LA CLISSE;France
17360;LA CLOTTE;France
74220;LA CLUSAZ;France
05250;LA CLUSE;France
25300;LA CLUSE ET MIJOUX;France
61310;LA COCHERE;France
58800;LA COLLANCELLE;France
06480;LA COLLE SUR LOUP;France
41160;LA COLOMBE;France
50800;LA COLOMBE;France
69400;LA COMBE;France
38190;LA COMBE DE LANCEY;France
63570;LA COMBELLE;France
71990;LA COMELLE;France
73630;LA COMPOTE;France
62150;LA COMTE;France
04530;LA CONDAMINE CHATELARD;France
85260;LA COPECHAGNIERE;France
24450;LA COQUILLE;France
70300;LA CORBIERE;France
49440;LA CORNUAILLE;France
70200;LA COTE;France
73210;LA COTE D AIME;France
74110;LA COTE D ARBROZ;France
42111;LA COTE EN COUZAN;France
38260;LA COTE ST ANDRE;France
22400;LA COTENTIN PLANGUENOUAL;France
17310;LA COTINIERE;France
79800;LA COUARDE;France
17670;LA COUARDE SUR MER;France
26740;LA COUCOURDE;France
79150;LA COUDRE;France
61220;LA COULONCHE;France
45260;LA COUR MARIGNY;France
61150;LA COURBE;France
93120;LA COURNEUVE;France
16400;LA COURONNE;France
13500;LA COURONNE CARRO;France
11240;LA COURTETE;France
23100;LA COURTINE;France
62136;LA COUTURE;France
85320;LA COUTURE;France
27750;LA COUTURE BOUSSEY;France
12230;LA COUVERTOIRADE;France
35320;LA COUYERE;France
83260;LA CRAU;France
79260;LA CRECHE;France
12640;LA CRESSE;France
14290;LA CRESSONNIERE;France
70240;LA CREUSE;France
76850;LA CRIQUE;France
27190;LA CROISILLE;France
87130;LA CROISILLE SUR BRIANCE;France
08400;LA CROIX AUX BOIS;France
88520;LA CROIX AUX MINES;France
50240;LA CROIX AVRANCHIN;France
47340;LA CROIX BLANCHE;France
17330;LA CROIX COMTESSE;France
73110;LA CROIX DE LA ROCHETTE;France
28480;LA CROIX DU PERCHE;France
77370;LA CROIX EN BRIE;France
51600;LA CROIX EN CHAMPAGNE;France
37150;LA CROIX EN TOURAINE;France
56120;LA CROIX HELLEAN;France
27490;LA CROIX ST LEUFROY;France
87210;LA CROIX SUR GARTEMPE;France
02210;LA CROIX SUR OURCQ;France
06260;LA CROIX SUR ROUDOULE;France
83420;LA CROIX VALMER;France
53380;LA CROIXILLE;France
53170;LA CROPTE;France
14140;LA CROUPTE;France
63700;LA CROUZILLE;France
42800;LA CULA;France
39220;LA CURE;France
49800;LA DAGUENIERE;France
70000;LA DEMIE;France
13112;LA DESTROUSSE;France
11300;LA DIGNE D AMONT;France
11300;LA DIGNE D AVAL;France
35390;LA DOMINELAIS;France
53190;LA DOREE;France
24120;LA DORNAC;France
24330;LA DOUZE;France
39400;LA DOYE;France
48310;LA FAGE MONTIVERNOUX;France
48200;LA FAGE ST JULIEN;France
11140;LA FAJOLLE;France
78410;LA FALAISE;France
80250;LA FALOISE;France
05500;LA FARE EN CHAMPSAUR;France
13580;LA FARE LES OLIVIERS;France
83210;LA FARLEDE;France
05140;LA FAURIE;France
85460;LA FAUTE SUR MER;France
39250;LA FAVIERE;France
16700;LA FAYE;France
73230;LA FECLAZ;France
02800;LA FERE;France
08290;LA FEREE;France
58160;LA FERMETE;France
22210;LA FERRIERE;France
37110;LA FERRIERE;France
38580;LA FERRIERE;France
85280;LA FERRIERE;France
86160;LA FERRIERE AIROUX;France
14350;LA FERRIERE AU DOYEN;France
61380;LA FERRIERE AU DOYEN;France
61450;LA FERRIERE AUX ETANGS;France
61500;LA FERRIERE BECHET;France
61420;LA FERRIERE BOCHARD;France
49500;LA FERRIERE DE FLEE;France
14770;LA FERRIERE DUVAL;France
79390;LA FERRIERE EN PARTHENAY;France
14350;LA FERRIERE HARANG;France
27760;LA FERRIERE SUR RISLE;France
39600;LA FERTE;France
91590;LA FERTE ALAIS;France
41210;LA FERTE BEAUHARNAIS;France
72400;LA FERTE BERNARD;France
02270;LA FERTE CHEVRESIS;France
61550;LA FERTE FRENEL;France
77320;LA FERTE GAUCHER;France
03340;LA FERTE HAUTERIVE;France
41300;LA FERTE IMBAULT;France
89110;LA FERTE LOUPIERE;France
61600;LA FERTE MACE;France
02460;LA FERTE MILON;France
77260;LA FERTE SOUS JOUARRE;France
45240;LA FERTE ST AUBIN;France
41220;LA FERTE ST CYR;France
76440;LA FERTE ST SAMSON;France
08370;LA FERTE SUR CHIERS;France
28340;LA FERTE VIDAME;France
28220;LA FERTE VILLENEUIL;France
19600;LA FEUILLADE;France
29690;LA FEUILLEE;France
50190;LA FEUILLIE;France
76220;LA FEUILLIE;France
38530;LA FLACHERE;France
69440;LA FLACHERE;France
02260;LA FLAMENGRIE;France
59570;LA FLAMENGRIE;France
72200;LA FLECHE;France
85700;LA FLOCELLIERE;France
17630;LA FLOTTE;France
14710;LA FOLIE;France
76190;LA FOLLETIERE;France
14290;LA FOLLETIERE ABENON;France
36260;LA FONTAINE ST MARTIN;France
72330;LA FONTAINE ST MARTIN;France
76890;LA FONTELAYE;France
35560;LA FONTENELLE;France
41270;LA FONTENELLE;France
06600;LA FONTONNE;France
11270;LA FORCE;France
24130;LA FORCE;France
74200;LA FORCLAZ;France
29800;LA FOREST LANDERNEAU;France
51120;LA FORESTIERE;France
61210;LA FORET AUVRAY;France
16240;LA FORET DE TESSE;France
27220;LA FORET DU PARC;France
23360;LA FORET DU TEMPLE;France
29940;LA FORET FOUESNANT;France
91410;LA FORET LE ROI;France
91150;LA FORET STE CROIX;France
79380;LA FORET SUR SEVRE;France
88530;LA FORGE;France
88240;LA FORGE DE THUNIMONT;France
63600;LA FORIE;France
38590;LA FORTERESSE;France
10100;LA FOSSE CORDUAN;France
49540;LA FOSSE DE TIGNE;France
12270;LA FOUILLADE;France
42480;LA FOUILLOUSE;France
69640;LA FOUILLOUSE;France
04260;LA FOUX D ALLOS;France
79360;LA FOYE MONJAULT;France
28250;LA FRAMBOISIERE;France
08000;LA FRANCHEVILLE;France
11370;LA FRANQUI;France
39130;LA FRASNEE;France
74300;LA FRASSE;France
17770;LA FREDIERE;France
05000;LA FREISSINOUSE;France
76170;LA FRENAYE;France
61230;LA FRESNAIE FAYEL;France
35111;LA FRESNAIS;France
61210;LA FRESNAYE AU SAUVAGE;France
72670;LA FRESNAYE SUR CHEDOUET;France
38260;LA FRETTE;France
71440;LA FRETTE;France
95530;LA FRETTE SUR SEINE;France
56200;LA GACILLY;France
17480;LA GACONNIERE;France
76740;LA GAILLARDE;France
04120;LA GARDE;France
38520;LA GARDE;France
48200;LA GARDE;France
83130;LA GARDE;France
26700;LA GARDE ADHEMAR;France
83680;LA GARDE FREINET;France
92250;LA GARENNE COLOMBES;France
85710;LA GARNACHE;France
85130;LA GAUBRETIERE;France
28400;LA GAUDAINE;France
06610;LA GAUDE;France
13170;LA GAVOTTE;France
71290;LA GENETE;France
17360;LA GENETOUZE;France
85190;LA GENETOUZE;France
61240;LA GENEVRAIE;France
77690;LA GENEVRAYE;France
52320;LA GENEVROYE;France
87400;LA GENEYTOUSE;France
73590;LA GIETTAZ;France
42140;LA GIMOND;France
69690;LA GIRAUDIERE;France
50470;LA GLACERIE;France
50300;LA GODEFROY;France
63850;LA GODIVELLE;France
50300;LA GOHANNIERE;France
61550;LA GONFRIERE;France
24310;LA GONTERIE BOULOUNEIX;France
59253;LA GORGUE;France
35350;LA GOUESNIERE;France
27390;LA GOULAFRIERE;France
63230;LA GOUTELLE;France
30110;LA GRAND COMBE;France
42320;LA GRAND CROIX;France
88490;LA GRANDE FOSSE;France
34280;LA GRANDE MOTTE;France
77130;LA GRANDE PAROISSE;France
70140;LA GRANDE RESIE;France
18350;LA GRANDE VALLEE;France
71990;LA GRANDE VERRIERE;France
08700;LA GRANDVILLE;France
25380;LA GRANGE;France
05320;LA GRAVE;France
06440;LA GRAVE DE PEILLE;France
53410;LA GRAVELLE;France
14350;LA GRAVERIE;France
56120;LA GREE ST LAURENT;France
42460;LA GRESLE;France
17170;LA GREVE SUR MIGNON;France
44170;LA GRIGONNAIS;France
86330;LA GRIMAUDIERE;France
17620;LA GRIPPERIE ST SYMPHORIEN;France
59360;LA GROISE;France
18200;LA GROUTTE;France
08380;LA GRUERIE;France
37350;LA GUERCHE;France
35130;LA GUERCHE DE BRETAGNE;France
18150;LA GUERCHE SUR L AUBOIS;France
85680;LA GUERINIERE;France
27160;LA GUEROULDE;France
71220;LA GUICHE;France
72380;LA GUIERCHE;France
03250;LA GUILLERMIE;France
85600;LA GUYONNIERE;France
44690;LA HAIE FOUASSIERE;France
53300;LA HAIE TRAVERSAINE;France
76780;LA HALLOTIERE;France
08220;LA HARDOYE;France
27370;LA HARENGERE;France
22320;LA HARMOYE;France
05140;LA HAUTE BEAUME;France
61700;LA HAUTE CHAPELLE;France
77580;LA HAUTE MAISON;France
78113;LA HAUTEVILLE;France
76780;LA HAYE;France
88240;LA HAYE;France
27350;LA HAYE AUBREE;France
50410;LA HAYE BELLEFOND;France
50270;LA HAYE D ECTOT;France
27800;LA HAYE DE CALLEVILLE;France
27350;LA HAYE DE ROUTOT;France
50250;LA HAYE DU PUITS;France
27370;LA HAYE DU THEIL;France
27400;LA HAYE LE COMTE;France
27400;LA HAYE MALHERBE;France
50320;LA HAYE PESNEL;France
27330;LA HAYE ST SYLVESTRE;France
60120;LA HERELLE;France
02500;LA HERIE;France
62158;LA HERLIERE;France
27950;LA HEUNIERE;France
22100;LA HISSE ST SAMSON;France
14700;LA HOGUETTE;France
08430;LA HORGNE;France
14340;LA HOUBLONNIERE;France
27410;LA HOUSSAYE;France
76690;LA HOUSSAYE BERANGER;France
77610;LA HOUSSAYE EN BRIE;France
88430;LA HOUSSIERE;France
60390;LA HOUSSOYE;France
72130;LA HUTTE;France
49220;LA JAILLE YVON;France
17460;LA JARD;France
17220;LA JARNE;France
17220;LA JARRIE;France
17330;LA JARRIE AUDOUIN;France
85110;LA JAUDONNIERE;France
04420;LA JAVIE;France
24410;LA JEMAYE;France
85540;LA JONCHERE;France
87340;LA JONCHERE ST MAURICE;France
49510;LA JUBAUDIERE;France
49120;LA JUMELLIERE;France
17170;LA LAIGNE;France
27210;LA LANDE;France
49150;LA LANDE CHASLES;France
50800;LA LANDE D AIROU;France
33240;LA LANDE DE FRONSAC;France
61320;LA LANDE DE GOULT;France
61210;LA LANDE DE LOUGE;France
61100;LA LANDE PATRY;France
27210;LA LANDE ST LEGER;France
61100;LA LANDE ST SIMEON;France
14240;LA LANDE SUR DROME;France
61290;LA LANDE SUR EURE;France
14500;LA LANDE VAUMONT;France
22980;LA LANDEC;France
70270;LA LANTERNE ET LES ARMONTS;France
39250;LA LATETTE;France
26740;LA LAUPIE;France
01120;LA LECHERE;France
73260;LA LECHERE;France
30110;LA LEVADE;France
44310;LA LIMOUZINIERE;France
85310;LA LIMOUZINIERE;France
34210;LA LIVINIERE;France
66210;LA LLAGONNE;France
62140;LA LOGE;France
10140;LA LOGE AUX CHEVRES;France
10210;LA LOGE POMBLIN;France
76500;LA LONDE;France
83250;LA LONDE LES MAURES;France
25650;LA LONGEVILLE;France
70310;LA LONGINE;France
59570;LA LONGUEVILLE;France
12740;LA LOUBIERE;France
28240;LA LOUPE;France
10400;LA LOUPTIERE THENARD;France
11410;LA LOUVIERE LAURAGAIS;France
39380;LA LOYE;France
71530;LA LOYERE;France
50320;LA LUCERNE D OUTREMER;France
50680;LA LUZERNE;France
58260;LA MACHINE;France
62170;LA MADELAINE SOUS MONTREUIL;France
27000;LA MADELEINE;France
44350;LA MADELEINE;France
54410;LA MADELEINE;France
59110;LA MADELEINE;France
61110;LA MADELEINE BOUVET;France
27320;LA MADELEINE DE NONANCOURT;France
77570;LA MADELEINE SUR LOING;France
41370;LA MADELEINE VILLEFROUIN;France
83270;LA MADRAGUE;France
31340;LA MAGDELAINE SUR TARN;France
16240;LA MAGDELEINE;France
76940;LA MAILLERAYE SUR SEINE;France
76150;LA MAINE;France
58190;LA MAISON DIEU;France
70190;LA MALACHERE;France
78300;LA MALADRERIE;France
78650;LA MALADRERIE;France
48210;LA MALENE;France
22640;LA MALHOURE;France
13530;LA MALLE;France
02190;LA MALMAISON;France
28270;LA MANCELIERE;France
50540;LA MANCELLIERE;France
50750;LA MANCELLIERE SUR VIRE;France
58400;LA MARCHE;France
44270;LA MARNE;France
41210;LA MAROLLE EN SOLOGNE;France
39210;LA MARRE;France
83840;LA MARTRE;France
29800;LA MARTYRE;France
57140;LA MAXE;France
63420;LA MAYRAND;France
23260;LA MAZIERE AUX BONS HOMMES;France
50880;LA MEAUFFE;France
22440;LA MEAUGON;France
13220;LA MEDE;France
49770;LA MEIGNANNE;France
85700;LA MEILLERAIE TILLAY;France
44520;LA MEILLERAYE DE BRETAGNE;France
37390;LA MEMBROLLE SUR CHOISILLE;France
49770;LA MEMBROLLE SUR LONGUENEE;France
49250;LA MENITRE;France
13280;LA MERINDOLE;France
85140;LA MERLATIERE;France
61560;LA MESNIERE;France
50510;LA MEURDRAQUIERE;France
87800;LA MEYZE;France
35520;LA MEZIERE;France
72650;LA MILESSE;France
13104;LA MILLIERE;France
83310;LA MOLE;France
08140;LA MONCELLE;France
65200;LA MONGIE;France
63650;LA MONNERIE LE MONTEL;France
15240;LA MONSELIE;France
44620;LA MONTAGNE;France
70310;LA MONTAGNE;France
38350;LA MORTE;France
12800;LA MOTHE;France
85150;LA MOTHE ACHARD;France
79800;LA MOTHE ST HERAY;France
22600;LA MOTTE;France
83920;LA MOTTE;France
26470;LA MOTTE CHALANCON;France
84240;LA MOTTE D AIGUES;France
38770;LA MOTTE D AVEILLANS;France
26240;LA MOTTE DE GALAURE;France
04250;LA MOTTE DU CAIRE;France
73340;LA MOTTE EN BAUGES;France
05500;LA MOTTE EN CHAMPSAUR;France
26190;LA MOTTE FANJAS;France
36160;LA MOTTE FEUILLY;France
61600;LA MOTTE FOUQUET;France
73290;LA MOTTE SERVOLEX;France
71160;LA MOTTE ST JEAN;France
38770;LA MOTTE ST MARTIN;France
21210;LA MOTTE TERNANT;France
10400;LA MOTTE TILLY;France
50320;LA MOUCHE;France
39400;LA MOUILLE;France
63200;LA MOUTADE;France
83260;LA MOUTONNE;France
69350;LA MULATIERE;France
74560;LA MURAZ;France
38350;LA MURE;France
04170;LA MURE ARGENS;France
38140;LA MURETTE;France
06210;LA NAPOULE;France
27150;LA NEUVE GRANGE;France
27330;LA NEUVE LYRE;France
70200;LA NEUVELLE LES LURE;France
70360;LA NEUVELLE LES SCEY;France
88600;LA NEUVEVILLE DEVANT LEPANGES;France
88170;LA NEUVEVILLE SOUS CHATENOIS;France
88800;LA NEUVEVILLE SOUS MONTFORT;France
59239;LA NEUVILLE;France
08450;LA NEUVILLE A MAIRE;France
51800;LA NEUVILLE AU PONT;France
51330;LA NEUVILLE AUX BOIS;France
08380;LA NEUVILLE AUX JOUTES;France
51480;LA NEUVILLE AUX LARRIS;France
02250;LA NEUVILLE BOSMONT;France
76520;LA NEUVILLE CHANT D OISEL;France
60790;LA NEUVILLE D AUMONT;France
27890;LA NEUVILLE DU BOSC;France
02300;LA NEUVILLE EN BEINE;France
60510;LA NEUVILLE EN HEZ;France
08310;LA NEUVILLE EN TOURNE A FUY;France
60390;LA NEUVILLE GARNIER;France
02250;LA NEUVILLE HOUSSET;France
80340;LA NEUVILLE LES BRAY;France
02450;LA NEUVILLE LES DORENGT;France
08270;LA NEUVILLE LES WASIGNY;France
80110;LA NEUVILLE SIRE BERNARD;France
60480;LA NEUVILLE ST PIERRE;France
45390;LA NEUVILLE SUR ESSONNE;France
60690;LA NEUVILLE SUR OUDEUIL;France
60490;LA NEUVILLE SUR RESSONS;France
60112;LA NEUVILLE VAULT;France
51100;LA NEUVILLETTE;France
58250;LA NOCLE MAULAIX;France
35470;LA NOE BLANCHE;France
27560;LA NOE POULAIN;France
91290;LA NORVILLE;France
23500;LA NOUAILLE;France
35137;LA NOUAYE;France
51310;LA NOUE;France
42310;LA PACAUDIERE;France
26800;LA PAILLASSE;France
17000;LA PALLICE;France
53140;LA PALLU;France
11480;LA PALME;France
04120;LA PALUD SUR VERDON;France
13008;LA PANOUSE;France
48600;LA PANOUSE;France
44360;LA PAQUELAIS;France
95220;LA PATTE D OIE;France
49490;LA PELLERINE;France
53220;LA PELLERINE;France
06260;LA PENNE;France
13821;LA PENNE SUR HUVEAUNE;France
26170;LA PENNE SUR L OUVEZE;France
18200;LA PERCHE;France
50630;LA PERNELLE;France
36350;LA PEROUILLE;France
39150;LA PERRENA;France
61360;LA PERRIERE;France
73120;LA PERRIERE;France
04380;LA PERRUSSE;France
16270;LA PERUSE;France
04380;LA PERUSSE;France
39370;LA PESSE;France
79700;LA PETITE BOISSIERE;France
08800;LA PETITE COMMUNE;France
88490;LA PETITE FOSSE;France
03420;LA PETITE MARCHE;France
67290;LA PETITE PIERRE;France
88210;LA PETITE RAON;France
71400;LA PETITE VERRIERE;France
34110;LA PEYRADE;France
79200;LA PEYRATTE;France
05700;LA PIARRE;France
38570;LA PIERRE;France
70800;LA PISSEURE;France
73210;LA PLAGNE;France
49360;LA PLAINE;France
93210;LA PLAINE ST DENIS;France
44770;LA PLAINE SUR MER;France
44140;LA PLANCHE;France
25160;LA PLANEE;France
49510;LA POITEVINIERE;France
11400;LA POMAREDE;France
13720;LA POMME;France
85700;LA POMMERAIE SUR SEVRE;France
14690;LA POMMERAYE;France
49620;LA POMMERAYE;France
77400;LA POMPONNETTE;France
87380;LA PORCHERIE;France
20237;LA PORTA;France
49170;LA POSSONNIERE;France
89260;LA POSTOLLE;France
22400;LA POTERIE;France
61190;LA POTERIE AU PERCHE;France
76280;LA POTERIE CAP D ANTIFER;France
27560;LA POTERIE MATHIEU;France
49370;LA POUEZE;France
23250;LA POUGE;France
22210;LA PRENESSAYE;France
66230;LA PRESTE;France
25250;LA PRETIERE;France
49420;LA PREVIERE;France
12450;LA PRIMAUBE;France
70310;LA PROISELIERE ET LANGLE;France
28250;LA PUISAYE;France
86260;LA PUYE;France
27370;LA PYLE;France
70120;LA QUARTE;France
94510;LA QUEUE EN BRIE;France
78940;LA QUEUE LES YVELINES;France
72550;LA QUINTE;France
85250;LA RABATELIERE;France
71310;LA RACINEUSE;France
73490;LA RAVOIRE;France
62890;LA RECOUSSE;France
13820;LA REDONNE;France
11700;LA REDORTE;France
44330;LA REGRIPPIERE;France
44430;LA REMAUDIERE;France
76430;LA REMUEE;France
17620;LA RENAISSANCE;France
63930;LA RENAUDIE;France
49450;LA RENAUDIERE;France
33190;LA REOLE;France
85210;LA REORTHE;France
26400;LA REPARA AURIPLES;France
70140;LA RESIE ST MARTIN;France
47700;LA REUNION;France
79360;LA REVETIZON;France
42150;LA RICAMARIE;France
35780;LA RICHARDAIS;France
37520;LA RICHE;France
33126;LA RIVIERE;France
38210;LA RIVIERE;France
10440;LA RIVIERE DE CORPS;France
25560;LA RIVIERE DRUGEON;France
74440;LA RIVIERE ENVERSE;France
14600;LA RIVIERE ST SAUVEUR;France
39200;LA RIXOUSE;France
04000;LA ROBINE SUR GALABRE;France
69640;LA ROCHE;France
69620;LA ROCHE;France
56130;LA ROCHE BERNARD;France
44522;LA ROCHE BLANCHE;France
63670;LA ROCHE BLANCHE;France
19320;LA ROCHE CANILLAC;France
24490;LA ROCHE CHALAIS;France
37500;LA ROCHE CLERMAULT;France
26600;LA ROCHE DE GLUN;France
05310;LA ROCHE DE RAME;France
22450;LA ROCHE DERRIEN;France
05400;LA ROCHE DES ARNAUDS;France
21530;LA ROCHE EN BRENIL;France
95780;LA ROCHE GUYON;France
87800;LA ROCHE L ABEILLE;France
61420;LA ROCHE MABILE;France
29800;LA ROCHE MAURICE;France
70120;LA ROCHE MOREY;France
63800;LA ROCHE NOIRE;France
86270;LA ROCHE POSAY;France
86200;LA ROCHE RIGAULT;France
74800;LA ROCHE SUR FORON;France
26400;LA ROCHE SUR GRANE;France
26170;LA ROCHE SUR LE BUIS;France
85000;LA ROCHE SUR YON;France
21150;LA ROCHE VANNEAU;France
71960;LA ROCHE VINEUSE;France
24340;LA ROCHEBEAUCOURT ET ARGENTINE;France
16110;LA ROCHEFOUCAULD;France
04150;LA ROCHEGIRON;France
17000;LA ROCHELLE;France
70120;LA ROCHELLE;France
50530;LA ROCHELLE NORMANDE;France
79270;LA ROCHENARD;France
21340;LA ROCHEPOT;France
06260;LA ROCHETTE;France
05000;LA ROCHETTE;France
07310;LA ROCHETTE;France
16110;LA ROCHETTE;France
23200;LA ROCHETTE;France
73110;LA ROCHETTE;France
77000;LA ROCHETTE;France
26170;LA ROCHETTE DU BUIS;France
26400;LA ROCHETTE SUR CREST;France
14410;LA ROCQUE;France
69700;LA RODIERE;France
53350;LA ROE;France
08220;LA ROMAGNE;France
49740;LA ROMAGNE;France
32480;LA ROMIEU;France
17170;LA RONDE;France
79380;LA RONDE;France
50490;LA RONDE HAYE;France
84190;LA ROQUE ALRIC;France
14340;LA ROQUE BAIGNARD;France
13640;LA ROQUE D ANTHERON;France
83840;LA ROQUE ESCLAPON;France
24250;LA ROQUE GAGEAC;France
12100;LA ROQUE STE MARGUERITE;France
30200;LA ROQUE SUR CEZE;France
84210;LA ROQUE SUR PERNES;France
83136;LA ROQUEBRUSSANNE;France
27700;LA ROQUETTE;France
06550;LA ROQUETTE SUR SIAGNE;France
06670;LA ROQUETTE SUR VAR;France
33220;LA ROQUILLE;France
70310;LA ROSIERE;France
10500;LA ROTHIERE;France
53390;LA ROUAUDIERE;France
61260;LA ROUGE;France
13240;LA ROUGIERE;France
12200;LA ROUQUETTE;France
27270;LA ROUSSIERE;France
30190;LA ROUVIERE;France
44370;LA ROUXIERE;France
60510;LA RUE ST PIERRE;France
76690;LA RUE ST PIERRE;France
08130;LA SABOTTERIE;France
38970;LA SALETTE FALLAVAUX;France
71260;LA SALLE;France
88470;LA SALLE;France
49310;LA SALLE DE VIHIERS;France
38350;LA SALLE EN BEAUMONT;France
49110;LA SALLE ET CHAPELLE AUBRY;France
05240;LA SALLE LES ALPES;France
48400;LA SALLE PRUNET;France
82230;LA SALVETAT BELMONTET;France
31460;LA SALVETAT LAURAGAIS;France
12440;LA SALVETAT PEYRALES;France
31880;LA SALVETAT ST GILLES;France
34330;LA SALVETAT SUR AGOUT;France
28250;LA SAUCELLE;France
05110;LA SAULCE;France
10400;LA SAULSOTTE;France
23000;LA SAUNIERE;France
27370;LA SAUSSAYE;France
61600;LA SAUVAGERE;France
33670;LA SAUVE;France
32500;LA SAUVETAT;France
43340;LA SAUVETAT;France
63730;LA SAUVETAT;France
47270;LA SAUVETAT DE SAVERES;France
47800;LA SAUVETAT DU DROPT;France
47150;LA SAUVETAT SUR LEDE;France
81630;LA SAUZIERE ST JEAN;France
43140;LA SEAUVE SUR SEMENE;France
15290;LA SEGALASSIERE;France
49280;LA SEGUINIERE;France
53800;LA SELLE CRAONNAISE;France
35460;LA SELLE EN COGLES;France
45210;LA SELLE EN HERMOY;France
35133;LA SELLE EN LUITRE;France
35130;LA SELLE GUERCHAISE;France
61100;LA SELLE LA FORGE;France
45210;LA SELLE SUR LE BIED;France
02150;LA SELVE;France
12170;LA SELVE;France
59174;LA SENTINELLE;France
65710;LA SEOUBE;France
11190;LA SERPENT;France
12380;LA SERRE;France
23190;LA SERRE BUSSIERE VIEILLE;France
83500;LA SEYNE SUR MER;France
44320;LA SICAUDAIS;France
25510;LA SOMMETTE;France
38840;LA SONE;France
07380;LA SOUCHE;France
45100;LA SOURCE;France
23300;LA SOUTERRAINE;France
72210;LA SUZE SUR SARTHE;France
73110;LA TABLE;France
16260;LA TACHE;France
71190;LA TAGNIERE;France
85450;LA TAILLEE;France
42350;LA TALAUDIERE;France
85120;LA TARDIERE;France
38660;LA TERRASSE;France
42740;LA TERRASSE SUR DORLAY;France
12210;LA TERRISSE;France
49280;LA TESSOUALLE;France
33260;LA TESTE DE BUCH;France
62130;LA THIEULOYE;France
73190;LA THUILE;France
48500;LA TIEULE;France
77130;LA TOMBE;France
26160;LA TOUCHE;France
06710;LA TOUR;France
74250;LA TOUR;France
24320;LA TOUR BLANCHE;France
84240;LA TOUR D AIGUES;France
13129;LA TOUR D ARBOIS;France
63680;LA TOUR D AUVERGNE;France
69890;LA TOUR DE SALVAGNY;France
25640;LA TOUR DE SCAY;France
09100;LA TOUR DU CRIEU;France
39270;LA TOUR DU MEIX;France
38110;LA TOUR DU PIN;France
42580;LA TOUR EN JAREZ;France
37120;LA TOUR ST GELIN;France
34260;LA TOUR SUR ORB;France
19200;LA TOURETTE;France
42380;LA TOURETTE;France
11380;LA TOURETTE CABARDES;France
49120;LA TOURLANDRY;France
73300;LA TOUSSUIRE;France
85360;LA TRANCHE SUR MER;France
01160;LA TRANCLIERE;France
17390;LA TREMBLADE;France
77510;LA TRETOIRE;France
86490;LA TRICHERIE;France
86290;LA TRIMOUILLE;France
15110;LA TRINITAT;France
06340;LA TRINITE;France
27930;LA TRINITE;France
50800;LA TRINITE;France
73110;LA TRINITE;France
27270;LA TRINITE DE REVILLE;France
27310;LA TRINITE DE THOUBERVILLE;France
61230;LA TRINITE DES LAITIERS;France
76170;LA TRINITE DU MONT;France
56710;LA TRINITE PORHOET;France
56470;LA TRINITE SUR MER;France
56190;LA TRINITE SURZUR;France
38700;LA TRONCHE;France
88110;LA TROUCHE;France
71290;LA TRUCHERE;France
42830;LA TUILIERE;France
44420;LA TURBALLE;France
06320;LA TURBIE;France
88140;LA VACHERESSE ET LA ROUILLIE;France
26190;LA VACHERIE;France
27400;LA VACHERIE;France
14240;LA VACQUERIE;France
34520;LA VACQUERIE ET ST MARTIN CASTRIES;France
70320;LA VAIVRE;France
01360;LA VALBONNE;France
13011;LA VALENTINE;France
38350;LA VALETTE;France
83160;LA VALETTE DU VAR;France
42111;LA VALLA;France
42131;LA VALLA EN GIER;France
17250;LA VALLEE;France
02140;LA VALLEE AU BLE;France
02110;LA VALLEE MULATRE;France
10150;LA VALLOTE;France
67730;LA VANCELLE;France
49270;LA VARENNE;France
94210;LA VARENNE ST HILAIRE;France
76150;LA VAUPALIERE;France
50200;LA VENDELEE;France
10800;LA VENDUE MIGNOT;France
61190;LA VENTROUZE;France
83560;LA VERDIERE;France
70200;LA VERGENNE;France
17400;LA VERGNE;France
30530;LA VERNAREDE;France
74200;LA VERNAZ;France
36600;LA VERNELLE;France
70130;LA VERNOTTE;France
38290;LA VERPILLIERE;France
85130;LA VERRIE;France
78320;LA VERRIERE;France
42220;LA VERSANNE;France
14290;LA VESPIERE;France
51520;LA VEUVE;France
25660;LA VEZE;France
80260;LA VICOGNE;France
22690;LA VICOMTE SUR RANCE;France
39380;LA VIEILLE LOYE;France
27330;LA VIEILLE LYRE;France
76160;LA VIEUX RUE;France
69470;LA VILLE;France
10500;LA VILLE AUX BOIS;France
02340;LA VILLE AUX BOIS LES DIZY;France
02160;LA VILLE AUX BOIS LES PONTAVERT;France
41160;LA VILLE AUX CLERCS;France
37700;LA VILLE AUX DAMES;France
28250;LA VILLE AUX NONAINS;France
82290;LA VILLE DIEU DU TEMPLE;France
91620;LA VILLE DU BOIS;France
35430;LA VILLE ES NONAIS;France
22590;LA VILLE LOUAIS;France
51270;LA VILLE SOUS ORBAIS;France
17470;LA VILLEDIEU;France
23340;LA VILLEDIEU;France
48700;LA VILLEDIEU;France
86340;LA VILLEDIEU DU CLAIN;France
70160;LA VILLEDIEU EN FONTENETTE;France
23260;LA VILLENEUVE;France
71270;LA VILLENEUVE;France
10400;LA VILLENEUVE AU CHATELOT;France
10140;LA VILLENEUVE AU CHENE;France
70240;LA VILLENEUVE BELLENOYE LA MAIZE;France
78270;LA VILLENEUVE EN CHEVRIE;France
51120;LA VILLENEUVE LES CHARLEVILLE;France
21450;LA VILLENEUVE LES CONVERS;France
60890;LA VILLENEUVE SOUS THURY;France
21610;LA VILLENEUVE SUR VINGEANNE;France
23260;LA VILLETELLE;France
14570;LA VILLETTE;France
89130;LA VILLOTTE;France
71250;LA VINEUSE;France
70310;LA VOIVRE;France
88470;LA VOIVRE;France
07800;LA VOULTE SUR RHONE;France
56250;LA VRAIE CROIX;France
67350;LA WALCK;France
67610;LA WANTZENAU;France
64300;LAA MONDRANS;France
32170;LAAS;France
45300;LAAS;France
64390;LAAS;France
01450;LABALME;France
33460;LABARDE;France
68910;LABAROCHE;France
32250;LABARRERE;France
32260;LABARTHE;France
82220;LABARTHE;France
81170;LABARTHE BLEYS;France
31800;LABARTHE INARD;France
31800;LABARTHE RIVIERE;France
31860;LABARTHE SUR LEZE;France
32400;LABARTHETE;France
65200;LABASSERE;France
65130;LABASTIDE;France
31450;LABASTIDE BEAUVOIR;France
47250;LABASTIDE CASTEL AMOUROUX;France
64170;LABASTIDE CEZERACQ;France
40700;LABASTIDE CHALOSSE;France
31370;LABASTIDE CLERMONT;France
11320;LABASTIDE D ANJOU;France
40240;LABASTIDE D ARMAGNAC;France
81150;LABASTIDE DE LEVIS;France
82240;LABASTIDE DE PENNE;France
07150;LABASTIDE DE VIRAC;France
81120;LABASTIDE DENAT;France
46210;LABASTIDE DU HAUT MONT;France
82100;LABASTIDE DU TEMPLE;France
46150;LABASTIDE DU VERT;France
11220;LABASTIDE EN VAL;France
11380;LABASTIDE ESPARBAIRENQUE;France
81400;LABASTIDE GABAUSSE;France
46090;LABASTIDE MARNHAC;France
64170;LABASTIDE MONREJEAU;France
46240;LABASTIDE MURAT;France
31230;LABASTIDE PAUMES;France
81270;LABASTIDE ROUAIROUX;France
32130;LABASTIDE SAVES;France
81500;LABASTIDE ST GEORGES;France
82370;LABASTIDE ST PIERRE;France
31620;LABASTIDE ST SERNIN;France
07600;LABASTIDE SUR BESORGUES;France
64270;LABASTIDE VILLEFRANCHE;France
31600;LABASTIDETTE;France
46120;LABATHUDE;France
07570;LABATIE D ANDAURE;France
64530;LABATMALE;France
09700;LABATUT;France
40300;LABATUT;France
64460;LABATUT;France
65700;LABATUT RIVIERE;France
95690;LABBEVILLE;France
07120;LABEAUME;France
11400;LABECEDE LAURAGAIS;France
31670;LABEGE;France
07200;LABEGUDE;France
32300;LABEJAN;France
40530;LABENNE;France
25270;LABERGEMENT DU NAVOIS;France
21110;LABERGEMENT FOIGNEY;France
21130;LABERGEMENT LES AUXONNE;France
21820;LABERGEMENT LES SEURRE;France
25160;LABERGEMENT STE MARIE;France
60310;LABERLIERE;France
33690;LABESCAU;France
15120;LABESSERETTE;France
63690;LABESSETTE;France
81300;LABESSIERE CANDEIL;France
64120;LABETS BISCAY;France
55160;LABEUVILLE;France
62122;LABEUVRIERE;France
64300;LABEYRIE;France
07230;LABLACHERE;France
80500;LABOISSIERE EN SANTERRE;France
60570;LABOISSIERE EN THELLE;France
80430;LABOISSIERE ST MARTIN;France
65130;LABORDE;France
26560;LABOREL;France
60590;LABOSSE;France
40210;LABOUHEYRE;France
81100;LABOULBENE;France
07110;LABOULE;France
24440;LABOUQUERIE;France
82100;LABOURGADE;France
62113;LABOURSE;France
81120;LABOUTARIE;France
47350;LABRETONIE;France
32120;LABRIHE;France
40420;LABRIT;France
31510;LABROQUERE;France
45330;LABROSSE;France
15130;LABROUSSE;France
62140;LABROYE;France
81290;LABRUGUIERE;France
21250;LABRUYERE;France
60140;LABRUYERE;France
31190;LABRUYERE DORSA;France
54800;LABRY;France
62700;LABUISSIERE;France
46230;LABURGADE;France
39150;LAC DES ROUGES TRUITES;France
81240;LACABAREDE;France
64300;LACADEE;France
40320;LACAJUNTE;France
12210;LACALM;France
46190;LACAM D OURCET;France
33680;LACANAU;France
33680;LACANAU OCEAN;France
21230;LACANCHE;France
15230;LACAPELLE BARRES;France
47150;LACAPELLE BIRON;France
46700;LACAPELLE CABANAC;France
15120;LACAPELLE DEL FRAISSE;France
82160;LACAPELLE LIVRON;France
46120;LACAPELLE MARIVAL;France
81340;LACAPELLE PINET;France
81170;LACAPELLE SEGALAR;France
15150;LACAPELLE VIESCAMP;France
64220;LACARRE;France
64470;LACARRY ARHAN CHARRITTE DE HAUT;France
65140;LACASSAGNE;France
31390;LACAUGNE;France
81230;LACAUNE;France
47150;LACAUSSADE;France
09160;LACAVE;France
46200;LACAVE;France
81330;LACAZE;France
19170;LACELLE;France
69640;LACENAS;France
47360;LACEPEDE;France
16300;LACHAISE;France
55120;LACHALADE;France
57730;LACHAMBRE;France
48100;LACHAMP;France
07530;LACHAMP RAPHAEL;France
47350;LACHAPELLE;France
54120;LACHAPELLE;France
82120;LACHAPELLE;France
60650;LACHAPELLE AUX POTS;France
46200;LACHAPELLE AUZAC;France
52330;LACHAPELLE EN BLAISY;France
07470;LACHAPELLE GRAILLOUSE;France
07200;LACHAPELLE SOUS AUBENAS;France
07310;LACHAPELLE SOUS CHANEAC;France
90300;LACHAPELLE SOUS CHAUX;France
60380;LACHAPELLE SOUS GERBEROY;France
90360;LACHAPELLE SOUS ROUGEMONT;France
60730;LACHAPELLE ST PIERRE;France
69480;LACHASSAGNE;France
26560;LACHAU;France
55210;LACHAUSSEE;France
60480;LACHAUSSEE DU BOIS D ECU;France
63290;LACHAUX;France
60190;LACHELLE;France
51120;LACHY;France
90150;LACOLLONGE;France
11310;LACOMBE;France
64360;LACOMMANDE;France
34800;LACOSTE;France
84480;LACOSTE;France
81500;LACOUGOTTE CADOUL;France
82190;LACOUR;France
21210;LACOUR D ARCENAY;France
09200;LACOURT;France
82290;LACOURT ST PIERRE;France
64170;LACQ;France
40120;LACQUY;France
40700;LACRABE;France
62830;LACRES;France
81470;LACROISILLE;France
12600;LACROIX BARREZ;France
31120;LACROIX FALGARDE;France
60610;LACROIX ST OUEN;France
55300;LACROIX SUR MEUSE;France
24380;LACROPTE;France
71700;LACROST;France
81210;LACROUZETTE;France
36400;LACS;France
23270;LADAPEYRE;France
33760;LADAUX;France
11250;LADERN SUR LAUQUET;France
32230;LADEVEZE RIVIERE;France
32230;LADEVEZE VILLE;France
87500;LADIGNAC LE LONG;France
19150;LADIGNAC SUR RONDELLES;France
15120;LADINHAC;France
46400;LADIRAT;France
16120;LADIVILLE;France
21550;LADOIX SERRIGNY;France
45270;LADON;France
33124;LADOS;France
39210;LADOYE SUR SEILLE;France
89110;LADUZ;France
11420;LAFAGE;France
19320;LAFAGE SUR SOMBRE;France
84190;LAFARE;France
07520;LAFARRE;France
43490;LAFARRE;France
23800;LAFAT;France
52700;LAFAUCHE;France
03500;LAFELINE;France
52500;LAFERTE SUR AMANCE;France
52120;LAFERTE SUR AUBE;France
15130;LAFEUILLADE EN VEZIE;France
02880;LAFFAUX;France
31360;LAFFITE TOUPIERE;France
38220;LAFFREY;France
07140;LAFIGERE;France
65700;LAFITOLE;France
82100;LAFITTE;France
47320;LAFITTE SUR LOT;France
31390;LAFITTE VIGORDANE;France
33710;LAFOSSE;France
47240;LAFOX;France
82130;LAFRANCAISE;France
60510;LAFRAYE;France
80430;LAFRESGUIMONT ST MARTIN;France
57560;LAFRIMBOLLE;France
34150;LAGAMAS;France
09500;LAGARDE;France
31290;LAGARDE;France
32700;LAGARDE;France
57810;LAGARDE;France
65320;LAGARDE;France
84400;LAGARDE D APT;France
19150;LAGARDE ENVAL;France
32700;LAGARDE FIMARCON;France
32300;LAGARDE HACHAN;France
84290;LAGARDE PAREOL;France
16300;LAGARDE SUR LE NE;France
46220;LAGARDELLE;France
31870;LAGARDELLE SUR LEZE;France
32310;LAGARDERE;France
81110;LAGARDIOLLE;France
47190;LAGARRIGUE;France
81090;LAGARRIGUE;France
79200;LAGEON;France
51170;LAGERY;France
10210;LAGESSE;France
19500;LAGLEYGEOLLE;France
40090;LAGLORIEUSE;France
84800;LAGNES;France
54200;LAGNEY;France
62159;LAGNICOURT MARCEL;France
01150;LAGNIEU;France
60310;LAGNY;France
60330;LAGNY LE SEC;France
77400;LAGNY SUR MARNE;France
64150;LAGOR;France
07150;LAGORCE;France
33230;LAGORCE;France
17140;LAGORD;France
64800;LAGOS;France
31190;LAGRACE DIEU;France
05300;LAGRAND;France
40240;LAGRANGE;France
65300;LAGRANGE;France
90150;LAGRANGE;France
11220;LAGRASSE;France
32190;LAGRAULAS;France
32330;LAGRAULET DU GERS;France
31480;LAGRAULET ST NICOLAS;France
19700;LAGRAULIERE;France
81150;LAGRAVE;France
47400;LAGRUERE;France
19150;LAGUENNE;France
82250;LAGUEPIE;France
32170;LAGUIAN MAZOUS;France
64470;LAGUINGE RESTOUE;France
12210;LAGUIOLE;France
47180;LAGUPIE;France
31370;LAHAGE;France
40110;LAHARIE;France
52000;LAHARMAND;France
32130;LAHAS;France
80290;LAHAYE ST ROMAIN;France
55260;LAHAYMEIX;France
55300;LAHAYVILLE;France
55800;LAHEYCOURT;France
31310;LAHITERE;France
32810;LAHITTE;France
65130;LAHITTE;France
65100;LAHITTE EZ ANGLES;France
65700;LAHITTE TOUPIERE;France
64990;LAHONCE;France
64270;LAHONTAN;France
40250;LAHOSSE;France
64150;LAHOURCADE;France
80800;LAHOUSSOYE;France
08800;LAIFOUR;France
53200;LAIGNE;France
72220;LAIGNE EN BELIN;France
35133;LAIGNELET;France
21330;LAIGNES;France
60290;LAIGNEVILLE;France
02140;LAIGNY;France
35890;LAILLE;France
89190;LAILLY;France
45740;LAILLY EN VAL;France
55800;LAIMONT;France
89560;LAIN;France
10120;LAINES AUX BOIS;France
39320;LAINS;France
89520;LAINSECQ;France
78440;LAINVILLE;France
25550;LAIRE;France
62960;LAIRES;France
11330;LAIRIERE;France
85400;LAIROUX;France
12310;LAISSAC;France
73800;LAISSAUD;France
25820;LAISSEY;France
54770;LAITRE SOUS AMANCE;France
71240;LAIVES;France
54720;LAIX;France
01290;LAIZ;France
71870;LAIZE;France
14320;LAIZE LA VILLE;France
71190;LAIZY;France
48120;LAJO;France
39460;LAJOUX;France
61320;LALACELLE;France
89130;LALANDE;France
33500;LALANDE DE POMEROL;France
60590;LALANDE EN SON;France
60850;LALANDELLE;France
47330;LALANDUSSE;France
32500;LALANNE;France
65230;LALANNE;France
32140;LALANNE ARQUE;France
65220;LALANNE TRIE;France
67220;LALAYE;France
81220;LALBAREDE;France
46230;LALBENQUE;France
61170;LALEU;France
80270;LALEU;France
07380;LALEVADE D ARDECHE;France
71240;LALHEUE;France
24150;LALINDE;France
03450;LALIZOLLE;France
59167;LALLAING;France
35320;LALLEU;France
38930;LALLEY;France
01130;LALLEYRIAT;France
08460;LALOBBE;France
54115;LALOEUF;France
64350;LALONGUE;France
64450;LALONQUETTE;France
65310;LALOUBERE;France
31800;LALOURET LAFFITEAU;France
07520;LALOUVESC;France
40465;LALUQUE;France
20218;LAMA;France
90170;LAMADELEINE VAL DES ANGES;France
46090;LAMAGDELAINE;France
82360;LAMAGISTERE;France
32260;LAMAGUERE;France
03380;LAMAIDS;France
79600;LAMAIRE;France
34240;LAMALOU LES BAINS;France
52310;LAMANCINE;France
66230;LAMANERE;France
13113;LAMANON;France
88320;LAMARCHE;France
55210;LAMARCHE EN WOEVRE;France
21760;LAMARCHE SUR SAONE;France
21440;LAMARGELLE;France
52160;LAMARGELLE AUX BOIS;France
80590;LAMARONDE;France
33460;LAMARQUE;France
65380;LAMARQUE PONTACQ;France
65220;LAMARQUE RUSTAING;France
31600;LAMASQUERE;France
07270;LAMASTRE;France
54300;LAMATH;France
46190;LAMATIVIE;France
64460;LAMAYOU;France
32300;LAMAZERE;France
19160;LAMAZIERE BASSE;France
19340;LAMAZIERE HAUTE;France
57410;LAMBACH;France
22400;LAMBALLE;France
59130;LAMBERSART;France
04000;LAMBERT;France
50160;LAMBERVILLE;France
76730;LAMBERVILLE;France
13410;LAMBESC;France
28340;LAMBLORE;France
62120;LAMBRES;France
59552;LAMBRES LEZ DOUAI;France
70500;LAMBREY;France
04170;LAMBRUISSE;France
65140;LAMEAC;France
60600;LAMECOURT;France
30110;LAMELOUZE;France
58300;LAMENAY SUR LOIRE;France
16300;LAMERAC;France
08130;LAMETZ;France
81120;LAMILLARIE;France
76730;LAMMERVILLE;France
72320;LAMNAY;France
19510;LAMONGERIE;France
81260;LAMONTELARIE;France
63570;LAMONTGIE;France
47310;LAMONTJOIE;France
24520;LAMONZIE MONTASTRUC;France
24680;LAMONZIE ST MARTIN;France
60260;LAMORLAYE;France
55300;LAMORVILLE;France
40250;LAMOTHE;France
43100;LAMOTHE;France
82130;LAMOTHE CAPDEVILLE;France
46240;LAMOTHE CASSEL;France
82500;LAMOTHE CUMONT;France
52330;LAMOTHE EN BLAISY;France
46350;LAMOTHE FENELON;France
32500;LAMOTHE GOAS;France
33190;LAMOTHE LANDERRON;France
24230;LAMOTHE MONTRAVEL;France
41600;LAMOTTE BEUVRON;France
80450;LAMOTTE BREBIERE;France
80150;LAMOTTE BULEUX;France
84840;LAMOTTE DU RHONE;France
80720;LAMOTTE WARFUSEE;France
55700;LAMOUILLY;France
39310;LAMOURA;France
29400;LAMPAUL GUIMILIAU;France
29810;LAMPAUL PLOUARZEL;France
29830;LAMPAUL PLOUDALMEZEAU;France
67450;LAMPERTHEIM;France
67250;LAMPERTSLOCH;France
69870;LAMURE SUR AZERGUES;France
25360;LANANS;France
07660;LANARCE;France
29260;LANARVILY;France
07200;LANAS;France
41310;LANCE;France
38190;LANCEY;France
80230;LANCHERES;France
80620;LANCHES ST HILAIRE;France
02590;LANCHY;France
69220;LANCIE;France
22770;LANCIEUX;France
41190;LANCOME;France
08250;LANCON;France
65240;LANCON;France
13680;LANCON PROVENCE;France
01200;LANCRANS;France
57830;LANDANGE;France
59310;LANDAS;France
56690;LANDAUL;France
88300;LANDAVILLE;France
35450;LANDAVRAN;France
35133;LANDEAN;France
22140;LANDEBAERON;France
22130;LANDEBIA;France
54360;LANDECOURT;France
29870;LANDEDA;France
22400;LANDEHEN;France
29530;LANDELEAU;France
28190;LANDELLES;France
14380;LANDELLES ET COUPIGNY;France
49270;LANDEMONT;France
27410;LANDEPEREUSE;France
29800;LANDERNEAU;France
85150;LANDERONDE;France
33790;LANDERROUAT;France
33540;LANDERROUET SUR SEGUR;France
67700;LANDERSHEIM;France
17380;LANDES;France
41190;LANDES LE GAULOIS;France
14310;LANDES SUR AJON;France
76390;LANDES VIEILLES ET NEUVES;France
56690;LANDEVANT;France
29560;LANDEVENNEC;France
85220;LANDEVIEILLE;France
52270;LANDEVILLE;France
15160;LANDEYRAT;France
02120;LANDIFAY ET BERTAIGNEMONT;France
61100;LANDIGOU;France
33720;LANDIRAS;France
61100;LANDISACQ;France
29400;LANDIVISIAU;France
53190;LANDIVY;France
63380;LANDOGNE;France
57530;LANDONVILLERS;France
31800;LANDORTHE;France
43340;LANDOS;France
87100;LANDOUGE;France
02140;LANDOUZY LA COUR;France
02140;LANDOUZY LA VILLE;France
17290;LANDRAIS;France
59550;LANDRECIES;France
55100;LANDRECOURT LEMPIRE;France
22560;LANDRELLEC;France
54380;LANDREMONT;France
54970;LANDRES;France
08240;LANDRES ET ST GEORGES;France
25530;LANDRESSE;France
62250;LANDRETHUN LE NORD;France
62610;LANDRETHUN LES ARDRES;France
29510;LANDREVARZEC;France
10110;LANDREVILLE;France
08600;LANDRICHAMPS;France
02380;LANDRICOURT;France
51290;LANDRICOURT;France
57340;LANDROFF;France
73210;LANDRY;France
68440;LANDSER;France
29510;LANDUDAL;France
29710;LANDUDEC;France
35360;LANDUJAN;France
29840;LANDUNVEZ;France
65190;LANESPEDE;France
56600;LANESTER;France
11330;LANET;France
52400;LANEUVELLE;France
54280;LANEUVELOTTE;France
54370;LANEUVEVILLE AUX BOIS;France
54570;LANEUVEVILLE DERRIERE FOUG;France
54740;LANEUVEVILLE DEVANT BAYON;France
54410;LANEUVEVILLE DEVANT NANCY;France
57590;LANEUVEVILLE EN SAULNOIS;France
57790;LANEUVEVILLE LES LORQUIN;France
52170;LANEUVILLE A BAYARD;France
52220;LANEUVILLE A REMY;France
52230;LANEUVILLE AU BOIS;France
52100;LANEUVILLE AU PONT;France
55190;LANEUVILLE AU RUPT;France
55700;LANEUVILLE SUR MEUSE;France
60190;LANEUVILLEROY;France
22800;LANFAINS;France
54760;LANFROICOURT;France
35850;LANGAN;France
22150;LANGAST;France
57400;LANGATTE;France
36600;LANGE;France
43300;LANGEAC;France
37130;LANGEAIS;France
67360;LANGENSOULTZBACH;France
58240;LANGERON;France
45290;LANGESSE;France
28220;LANGEY;France
30980;LANGLADE;France
88130;LANGLEY;France
22450;LANGOAT;France
56160;LANGOELAN;France
48300;LANGOGNE;France
33550;LANGOIRAN;France
29510;LANGOLEN;France
33210;LANGON;France
35660;LANGON;France
41320;LANGON;France
56630;LANGONNET;France
35630;LANGOUET;France
22330;LANGOURLA;France
52200;LANGRES;France
22490;LANGROLAY SUR RANCE;France
14830;LANGRUNE SUR MER;France
22980;LANGUEDIAS;France
22130;LANGUENAN;France
22360;LANGUEUX;France
80190;LANGUEVOISIN QUIQUERY;France
56440;LANGUIDIC;France
57810;LANGUIMBERG;France
03150;LANGY;France
35720;LANHELIN;France
55400;LANHERES;France
29430;LANHOUARNEAU;France
29840;LANILDUT;France
57660;LANING;France
22570;LANISCAT;France
02000;LANISCOURT;France
22290;LANLEFF;France
22580;LANLOUP;France
22300;LANMERIN;France
29620;LANMEUR;France
22610;LANMODEZ;France
65380;LANNE;France
64570;LANNE EN BARETOUS;France
32110;LANNE SOUBIRAN;France
29640;LANNEANOU;France
22290;LANNEBERT;France
64350;LANNECAUBE;France
29190;LANNEDERN;France
32240;LANNEMAIGNAN;France
65300;LANNEMEZAN;France
32190;LANNEPAX;France
64300;LANNEPLAA;France
28200;LANNERAY;France
47170;LANNES;France
52260;LANNES;France
29400;LANNEUFFRET;France
29870;LANNILIS;France
22300;LANNION;France
59390;LANNOY;France
60220;LANNOY CUILLERE;France
32400;LANNUX;France
20244;LANO;France
15270;LANOBRE;France
24270;LANOUAILLE;France
56120;LANOUEE;France
09130;LANOUX;France
24150;LANQUAIS;France
52800;LANQUES SUR ROGNON;France
76210;LANQUETOT;France
22250;LANRELAS;France
35270;LANRIGAN;France
22480;LANRIVAIN;France
29290;LANRIVOARE;France
22170;LANRODEC;France
71380;LANS;France
38250;LANS EN VERCORS;France
33710;LANSAC;France
65350;LANSAC;France
66720;LANSAC;France
34130;LANSARGUES;France
73480;LANSLEBOURG MONT CENIS;France
73480;LANSLEVILLARD;France
31570;LANTA;France
64640;LANTABAT;France
10210;LANTAGES;France
18130;LANTAN;France
54150;LANTEFONTAINE;France
01430;LANTENAY;France
21370;LANTENAY;France
25170;LANTENNE VERTIERE;France
70200;LANTENOT;France
19190;LANTEUIL;France
25250;LANTHENANS;France
21250;LANTHES;France
14480;LANTHEUIL;France
22410;LANTIC;France
69430;LANTIGNIE;France
56120;LANTILLAC;France
21140;LANTILLY;France
16200;LANTIN;France
33138;LANTON;France
06450;LANTOSQUE;France
43260;LANTRIAC;France
58250;LANTY;France
52120;LANTY SUR AUBE;France
30750;LANUEJOLS;France
48000;LANUEJOLS;France
12350;LANUEJOULS;France
22100;LANVALLAY;France
56240;LANVAUDAN;France
22420;LANVELLEC;France
56320;LANVENEGEN;France
29160;LANVEOC;France
22300;LANVEZEAC;France
22290;LANVOLLON;France
46200;LANZAC;France
02000;LAON;France
28270;LAONS;France
83330;LAOUQUE;France
03120;LAPALISSE;France
84840;LAPALUD;France
18340;LAPAN;France
12150;LAPANOUSE;France
12230;LAPANOUSE DE CERNON;France
47260;LAPARADE;France
81640;LAPARROUQUIAL;France
09400;LAPEGE;France
82240;LAPENCHE;France
09500;LAPENNE;France
50600;LAPENTY;France
47800;LAPERCHE;France
21170;LAPERRIERE SUR SAONE;France
65220;LAPEYRE;France
31310;LAPEYRERE;France
01330;LAPEYROUSE;France
63700;LAPEYROUSE;France
31180;LAPEYROUSE FOSSAT;France
26210;LAPEYROUSE MORNAY;France
15120;LAPEYRUGUE;France
19550;LAPLEAU;France
47310;LAPLUME;France
68650;LAPOUTROIE;France
33620;LAPOUYADE;France
02150;LAPPION;France
11390;LAPRADE;France
16390;LAPRADE;France
11140;LAPRADELLE;France
03250;LAPRUGNE;France
63270;LAPS;France
43200;LAPTE;France
62122;LAPUGNOY;France
57530;LAQUENEXY;France
63820;LAQUEUILLE;France
05300;LARAGNE MONTEGLIN;France
69590;LARAJASSE;France
46260;LARAMIERE;France
65670;LARAN;France
40250;LARBEY;France
09240;LARBONT;France
60400;LARBROYE;France
31800;LARCAN;France
09310;LARCAT;France
37270;LARCAY;France
64120;LARCEVEAU ARROS CIBITS;France
53220;LARCHAMP;France
61800;LARCHAMP;France
77760;LARCHANT;France
04540;LARCHE;France
19600;LARCHE;France
05110;LARDIER ET VALENCA;France
04230;LARDIERS;France
91510;LARDY;France
32150;LAREE;France
31480;LAREOLE;France
79240;LARGEASSE;France
07110;LARGENTIERE;France
39130;LARGILLAY MARSONNAY;France
68580;LARGITZEN;France
02600;LARGNY SUR AUTOMNE;France
70230;LARIANS ET MUNANS;France
90150;LARIVIERE;France
52400;LARIVIERE ARNONCOURT;France
56870;LARMOR BADEN;France
56260;LARMOR PLAGE;France
26600;LARNAGE;France
46160;LARNAGOL;France
07220;LARNAS;France
09310;LARNAT;France
39140;LARNAUD;France
25720;LARNOD;France
19340;LAROCHE PRES FEYT;France
89400;LAROCHE ST CYDROINE;France
58370;LAROCHEMILLAY;France
63690;LARODDE;France
64110;LAROIN;France
54950;LARONXE;France
33410;LAROQUE;France
34190;LAROQUE;France
09600;LAROQUE D OLMES;France
11330;LAROQUE DE FA;France
66740;LAROQUE DES ALBERES;France
46090;LAROQUE DES ARCS;France
47340;LAROQUE TIMBAUT;France
15150;LAROQUEBROU;France
15250;LAROQUEVIEILLE;France
59219;LAROUILLIES;France
31330;LARRA;France
64560;LARRAU;France
82500;LARRAZET;France
56230;LARRE;France
61250;LARRE;France
32100;LARRESSINGLE;France
64480;LARRESSORE;France
29840;LARRET;France
70600;LARRET;France
64410;LARREULE;France
65700;LARREULE;France
21330;LARREY;France
64120;LARRIBAR SORHAPURU;France
74500;LARRINGES;France
40270;LARRIVIERE;France
39360;LARRIVOIRE;France
31580;LARROQUE;France
65230;LARROQUE;France
81140;LARROQUE;France
32480;LARROQUE ENGALIN;France
32410;LARROQUE ST SERNIN;France
32100;LARROQUE SUR L OSSE;France
46160;LARROQUE TOIRAC;France
32450;LARTIGUE;France
33840;LARTIGUE;France
64440;LARUNS;France
33620;LARUSCADE;France
24170;LARZAC;France
51290;LARZICOURT;France
66480;LAS ILLAS;France
30460;LASALLE;France
11400;LASBORDES;France
46800;LASCABANES;France
19130;LASCAUX;France
65700;LASCAZERES;France
15590;LASCELLE;France
64450;LASCLAVERIES;France
81260;LASFAILLADES;France
81300;LASGRAISSES;France
65350;LASLADES;France
65670;LASSALES;France
53110;LASSAY LES CHATEAUX;France
41230;LASSAY SUR CROISNE;France
49490;LASSE;France
64220;LASSE;France
32160;LASSERADE;France
32550;LASSERAN;France
09230;LASSERRE;France
31530;LASSERRE;France
47600;LASSERRE;France
64350;LASSERRE;France
11270;LASSERRE DE PROUILLE;France
64290;LASSEUBE;France
32550;LASSEUBE PROPRE;France
64290;LASSEUBETAT;France
10500;LASSICOURT;France
60310;LASSIGNY;France
14740;LASSON;France
89570;LASSON;France
12500;LASSOUTS;France
09310;LASSUR;France
14770;LASSY;France
35580;LASSY;France
95270;LASSY;France
15500;LASTIC;France
63760;LASTIC;France
11600;LASTOURS;France
60490;LATAULE;France
74210;LATHUILE;France
86390;LATHUS ST REMY;France
86190;LATILLE;France
02210;LATILLY;France
31800;LATOUE;France
46400;LATOUILLE LENTILLAC;France
31310;LATOUR;France
66200;LATOUR BAS ELNE;France
66760;LATOUR DE CAROL;France
66720;LATOUR DE FRANCE;France
55160;LATOUR EN WOEVRE;France
31310;LATRAPE;France
52120;LATRECEY ORMOY SUR AUBE;France
33360;LATRESNE;France
40800;LATRILLE;France
19160;LATRONCHE;France
46210;LATRONQUIERE;France
60240;LATTAINVILLE;France
34970;LATTES;France
62810;LATTRE ST QUENTIN;France
65400;LAU BALAGNAS;France
67580;LAUBACH;France
48170;LAUBERT;France
10270;LAUBRESSEL;France
53540;LAUBRIERES;France
80700;LAUCOURT;France
57385;LAUDREFANG;France
30290;LAUDUN;France
47360;LAUGNAC;France
32110;LAUJUZAN;France
50430;LAULNE;France
57480;LAUMESFELD;France
31330;LAUNAC;France
31140;LAUNAGUET;France
27470;LAUNAY;France
53410;LAUNAY VILLIERS;France
08430;LAUNOIS SUR VENCE;France
02210;LAUNOY;France
57480;LAUNSTROFF;France
11400;LAURABUC;France
11270;LAURAC;France
07110;LAURAC EN VIVARAIS;France
32330;LAURAET;France
11300;LAURAGUEL;France
13180;LAURE;France
11800;LAURE MINERVOIS;France
40250;LAUREDE;France
22230;LAURENAN;France
34480;LAURENS;France
46210;LAURESSES;France
34270;LAURET;France
40320;LAURET;France
15500;LAURIE;France
87370;LAURIERE;France
84360;LAURIS;France
34700;LAUROUX;France
43150;LAUSSONNE;France
47150;LAUSSOU;France
68610;LAUTENBACH;France
68610;LAUTENBACHZELL;France
67630;LAUTERBOURG;France
86300;LAUTHIERS;France
31370;LAUTIGNAC;France
81440;LAUTREC;France
68290;LAUW;France
59553;LAUWIN PLANQUE;France
26510;LAUX MONTAUX;France
56190;LAUZACH;France
82110;LAUZERTE;France
31650;LAUZERVILLE;France
46360;LAUZES;France
17137;LAUZIERES;France
47410;LAUZUN;France
60120;LAVACQUERIE;France
38190;LAVAL;France
53000;LAVAL;France
48600;LAVAL ATGER;France
26150;LAVAL D AIX;France
07590;LAVAL D AURELLE;France
46130;LAVAL DE CERE;France
48500;LAVAL DU TARN;France
77148;LAVAL EN BRIE;France
02860;LAVAL EN LAONNOIS;France
25210;LAVAL LE PRIEURE;France
08150;LAVAL MORENCY;France
30110;LAVAL PRADEL;France
12380;LAVAL ROQUECEZIERE;France
30760;LAVAL ST ROMAN;France
43440;LAVAL SUR DOULON;France
19550;LAVAL SUR LUZEGE;France
51600;LAVAL SUR TOURBE;France
88600;LAVAL SUR VOLOGNE;France
24540;LAVALADE;France
38350;LAVALDENS;France
11290;LAVALETTE;France
31590;LAVALETTE;France
34700;LAVALETTE;France
55260;LAVALLEE;France
01590;LAVANCIA EPERCY;France
39700;LAVANGEOT;France
51110;LAVANNES;France
39700;LAVANS LES DOLE;France
39170;LAVANS LES ST CLAUDE;France
25440;LAVANS QUINGEY;France
39240;LAVANS SUR VALOUSE;France
25580;LAVANS VUILLAFANS;France
02450;LAVAQUERESSE;France
47230;LAVARDAC;France
32360;LAVARDENS;France
41800;LAVARDIN;France
72240;LAVARDIN;France
72390;LAVARE;France
38710;LAVARS;France
20222;LAVASINA;France
15260;LAVASTRIE;France
20225;LAVATOGGIO;France
10150;LAVAU;France
89170;LAVAU;France
44260;LAVAU SUR LOIRE;France
43100;LAVAUDIEU;France
23600;LAVAUFRANCHE;France
58230;LAVAULT DE FRETOY;France
03310;LAVAULT STE ANNE;France
24550;LAVAUR;France
81500;LAVAUR;France
82240;LAVAURETTE;France
86470;LAVAUSSEAU;France
23150;LAVAVEIX LES MINES;France
33690;LAVAZAN;France
15300;LAVEISSENET;France
15300;LAVEISSIERE;France
09300;LAVELANET;France
31220;LAVELANET DE COMMINGES;France
88600;LAVELINE DEVANT BRUYERES;France
88640;LAVELINE DU HOUX;France
72310;LAVENAY;France
62840;LAVENTIE;France
13117;LAVERA;France
32230;LAVERAET;France
46340;LAVERCANTIERE;France
18800;LAVERDINES;France
46500;LAVERGNE;France
47800;LAVERGNE;France
72500;LAVERNAT;France
25170;LAVERNAY;France
12150;LAVERNHE;France
31410;LAVERNOSE LACASSE;France
52140;LAVERNOY;France
60210;LAVERRIERE;France
02600;LAVERSINE;France
60510;LAVERSINES;France
34880;LAVERUNE;France
26240;LAVEYRON;France
48250;LAVEYRUNE;France
24130;LAVEYSSIERE;France
42560;LAVIEU;France
80300;LAVIEVILLE;France
15300;LAVIGERIE;France
87230;LAVIGNAC;France
55300;LAVIGNEVILLE;France
70120;LAVIGNEY;France
39210;LAVIGNY;France
07660;LAVILLATTE;France
52000;LAVILLE AUX BOIS;France
07170;LAVILLEDIEU;France
52140;LAVILLENEUVE;France
52330;LAVILLENEUVE AU ROI;France
52330;LAVILLENEUVE AUX FRESNES;France
60240;LAVILLETERTRE;France
55170;LAVINCOURT;France
07530;LAVIOLLE;France
25510;LAVIRON;France
82120;LAVIT;France
03250;LAVOINE;France
70120;LAVONCOURT;France
01350;LAVOURS;France
43380;LAVOUTE CHILHAC;France
43800;LAVOUTE SUR LOIRE;France
86800;LAVOUX;France
55120;LAVOYE;France
80250;LAWARDE MAUGER L HORTOY;France
54520;LAXOU;France
54520;LAXOU CHAMPLEBOEUF;France
42470;LAY;France
64190;LAY LAMIDOU;France
54690;LAY ST CHRISTOPHE;France
54570;LAY ST REMY;France
05500;LAYE;France
32220;LAYMONT;France
47390;LAYRAC;France
31340;LAYRAC SUR TARN;France
65380;LAYRISSE;France
71270;LAYS SUR LE DOUBS;France
29520;LAZ;France
18120;LAZENAY;France
05300;LAZER;France
72200;LE BAILLEUL;France
51270;LE BAIZIL;France
57050;LE BAN ST MARTIN;France
06620;LE BAR SUR LOUP;France
25210;LE BARBOUX;France
66420;LE BARCARES;France
45130;LE BARDON;France
33114;LE BARP;France
84330;LE BARROUX;France
13980;LE BASTIDON;France
13114;LE BASTIDON;France
46500;LE BASTIT;France
69440;LE BATARD;France
07630;LE BEAGE;France
84210;LE BEAUCET;France
83330;LE BEAUSSET;France
27800;LE BEC HELLOUIN;France
27370;LE BEC THOMAS;France
25500;LE BELIEU;France
95750;LE BELLAY EN VEXIN;France
14350;LE BENY BOCAGE;France
85560;LE BERNARD;France
05700;LE BERSAC;France
42660;LE BESSAT;France
79130;LE BEUGNON;France
88490;LE BEULAY;France
81260;LE BEZ;France
44140;LE BIGNON;France
53170;LE BIGNON DU MAINE;France
45210;LE BIGNON MIRABEAU;France
74430;LE BIOT;France
59280;LE BIZET;France
25210;LE BIZOT;France
36300;LE BLANC;France
93150;LE BLANC MESNIL;France
48190;LE BLEYMARD;France
14690;LE BO;France
76690;LE BOCASSE;France
22320;LE BODEO;France
73260;LE BOIS;France
69620;LE BOIS D OINGT;France
27260;LE BOIS HELLAIN;France
17580;LE BOIS PLAGE EN RE;France
76590;LE BOIS ROBERT;France
80150;LE BOISLE;France
68650;LE BONHOMME;France
56400;LE BONO;France
06450;LE BOREON;France
31340;LE BORN;France
48000;LE BORN;France
09000;LE BOSC;France
34700;LE BOSC;France
61470;LE BOSC RENOULT;France
27670;LE BOSC ROGER EN ROUMOIS;France
80160;LE BOSQUEL;France
16350;LE BOUCHAGE;France
38510;LE BOUCHAGE;France
03130;LE BOUCHAUD;France
39800;LE BOUCHAUD;France
86200;LE BOUCHET;France
74230;LE BOUCHET MONT CHARVIN;France
43510;LE BOUCHET ST NICOLAS;France
55500;LE BOUCHON SUR SAULX;France
61500;LE BOUILLON;France
69530;LE BOULARD;France
37110;LE BOULAY;France
88600;LE BOULAY;France
27930;LE BOULAY MORIN;France
28170;LE BOULLAY LES DEUX EGLISES;France
28210;LE BOULLAY MIVOYE;France
28210;LE BOULLAY THIERRY;France
25140;LE BOULOIS;France
66160;LE BOULOU;France
46800;LE BOULVE;France
85510;LE BOUPERE;France
24300;LE BOURDEIX;France
79210;LE BOURDET;France
46120;LE BOURG;France
23220;LE BOURG D HEM;France
49520;LE BOURG D IRE;France
38520;LE BOURG D OISANS;France
76740;LE BOURG DUN;France
61310;LE BOURG ST LEONARD;France
93350;LE BOURGET;France
73370;LE BOURGET DU LAC;France
53410;LE BOURGNEUF LA FORET;France
83840;LE BOURGUET;France
33110;LE BOUSCAT;France
11140;LE BOUSQUET;France
34260;LE BOUSQUET D ORB;France
46120;LE BOUYSSOU;France
72370;LE BREIL SUR MERIZE;France
03350;LE BRETHON;France
03120;LE BREUIL;France
51210;LE BREUIL;France
69620;LE BREUIL;France
71670;LE BREUIL;France
79320;LE BREUIL BERNARD;France
14130;LE BREUIL EN AUGE;France
14330;LE BREUIL EN BESSIN;France
79150;LE BREUIL SOUS ARGENTON;France
63340;LE BREUIL SUR COUZE;France
14130;LE BREVEDENT;France
43370;LE BRIGNON;France
06510;LE BROC;France
63500;LE BROC;France
32350;LE BROUILH MONBERT;France
63880;LE BRUGERON;France
83140;LE BRUSC;France
04420;LE BRUSQUET;France
14190;LE BU SUR ROUVRES;France
24260;LE BUGUE;France
87140;LE BUIS;France
48100;LE BUISSON;France
51300;LE BUISSON;France
72610;LE BUISSON;France
24480;LE BUISSON DE CADOUIN;France
53170;LE BURET;France
31330;LE BURGAUD;France
79240;LE BUSSEAU;France
