64460;AAST;France
55130;ABAINVILLE;France
59268;ABANCOURT;France
60220;ABANCOURT;France
55400;ABAUCOURT HAUTECOURT;France
54610;ABAUCOURT SUR SEILLE;France
25320;ABBANS DESSOUS;France
25440;ABBANS DESSUS;France
44170;ABBARETZ;France
20243;ABBAZIA;France
02300;ABBECOURT;France
60430;ABBECOURT;France
25340;ABBENANS;France
80100;ABBEVILLE;France
91150;ABBEVILLE LA RIVIERE;France
54800;ABBEVILLE LES CONFLANS;France
60480;ABBEVILLE ST LUCIEN;France
25310;ABBEVILLERS;France
34290;ABEILHAN;France
70300;ABELCOURT;France
64160;ABERE;France
39500;ABERGEMENT LA RONCE;France
39600;ABERGEMENT LE GRAND;France
39800;ABERGEMENT LE PETIT;France
39110;ABERGEMENT LES THESY;France
39120;ABERGEMENT ST JEAN;France
29870;ABERWRACH;France
64150;ABIDOS;France
37160;ABILLY;France
64390;ABITAIN;France
24300;ABJAT SUR BANDIAT;France
62153;ABLAIN ST NAZAIRE;France
80320;ABLAINCOURT PRESSOIR;France
62116;ABLAINZEVELLE;France
51240;ABLANCOURT;France
95450;ABLEIGES;France
78660;ABLIS;France
14600;ABLON;France
94480;ABLON SUR SEINE;France
42380;ABOEN;France
54115;ABONCOURT;France
57920;ABONCOURT;France
70500;ABONCOURT GESINCOURT;France
57590;ABONCOURT SUR SEILLE;France
74360;ABONDANCE;France
28570;ABONDANT;France
64360;ABOS;France
57560;ABRESCHVILLER;France
03200;ABREST;France
05460;ABRIES;France
59215;ABSCON;France
16500;ABZAC;France
33230;ABZAC;France
25250;ACCOLANS;France
89460;ACCOLAY;France
07160;ACCONS;France
64490;ACCOUS;France
57340;ACHAIN;France
57412;ACHEN;France
67204;ACHENHEIM;France
18250;ACHERES;France
78260;ACHERES;France
77760;ACHERES LA FORET;France
02800;ACHERY;France
80560;ACHEUX EN AMIENOIS;France
80210;ACHEUX EN VIMEU;France
62320;ACHEVILLE;France
70180;ACHEY;France
62217;ACHICOURT;France
62121;ACHIET LE GRAND;France
62121;ACHIET LE PETIT;France
58110;ACHUN;France
60690;ACHY;France
35690;ACIGNE;France
27800;ACLOU;France
27570;ACON;France
62144;ACQ;France
14220;ACQUEVILLE;France
50440;ACQUEVILLE;France
27400;ACQUIGNY;France
62380;ACQUIN WESTBECOURT;France
02200;ACY;France
60620;ACY EN MULTIEN;France
08300;ACY ROMANCE;France
57580;ADAINCOURT;France
78113;ADAINVILLE;France
25360;ADAM LES PASSAVANT;France
25530;ADAM LES VERCEL;France
67320;ADAMSWILLER;France
65260;ADAST;France
65100;ADE;France
57380;ADELANGE;France
70200;ADELANS ET LE VAL DE BITHAINE;France
65240;ADERVIELLE POUCHERGUES;France
79200;ADILLY;France
62116;ADINFER;France
34230;ADISSAN;France
88270;ADOMPT;France
45230;ADON;France
86430;ADRIERS;France
94390;AEROPORT D ORLY;France
20167;AFA;France
19260;AFFIEUX;France
54800;AFFLEVILLE;France
69170;AFFOUX;France
54740;AFFRACOURT;France
62380;AFFRINGUES;France
31230;AGASSAC;France
83530;AGAY;France
34300;AGDE;France
34210;AGEL;France
47000;AGEN;France
12630;AGEN D AVEYRON;France
21700;AGENCOURT;France
80370;AGENVILLE;France
80150;AGENVILLERS;France
52340;AGEVILLE;France
21410;AGEY;France
20270;AGHIONE;France
54770;AGINCOURT;France
47350;AGME;France
47800;AGNAC;France
43100;AGNAT;France
50180;AGNEAUX;France
60600;AGNETZ;France
62161;AGNEZ LES DUISANS;France
02340;AGNICOURT ET SECHELLES;France
62690;AGNIERES;France
80290;AGNIERES;France
05250;AGNIERES EN DEVOLUY;France
38150;AGNIN;France
64400;AGNOS;France
62217;AGNY;France
50230;AGON COUTAINVILLE;France
24460;AGONAC;France
34190;AGONES;France
03210;AGONGES;France
17350;AGONNAY;France
65400;AGOS VIDALOS;France
16110;AGRIS;France
17500;AGUDELLE;France
12520;AGUESSAC;France
02190;AGUILCOURT;France
81470;AGUTS;France
14400;AGY;France
64220;AHAXE ALCIETTE BASCASSAN;France
64210;AHETZE;France
88500;AHEVILLE;France
53940;AHUILLE;France
23150;AHUN;France
21121;AHUY;France
59149;AIBES;France
25750;AIBRE;France
64120;AICIRITS CAMOU SUHAST;France
79230;AIFFRES;France
30700;AIGALIERS;France
08090;AIGLEMONT;France
39110;AIGLEPIERRE;France
27120;AIGLEVILLE;France
04510;AIGLUN;France
06910;AIGLUN;France
32290;AIGNAN;France
21510;AIGNAY LE DUC;France
34210;AIGNE;France
72650;AIGNE;France
14710;AIGNERVILLE;France
31550;AIGNES;France
16190;AIGNES ET PUYPEROUX;France
80210;AIGNEVILLE;France
51150;AIGNY;France
79370;AIGONNAY;France
16140;AIGRE;France
31280;AIGREFEUILLE;France
17290;AIGREFEUILLE D AUNIS;France
44140;AIGREFEUILLE SUR MAINE;France
30350;AIGREMONT;France
52400;AIGREMONT;France
78240;AIGREMONT;France
89800;AIGREMONT;France
73610;AIGUEBELETTE LE LAC;France
73220;AIGUEBELLE;France
73260;AIGUEBLANCHE;France
81200;AIGUEFONDE;France
63260;AIGUEPERSE;France
69790;AIGUEPERSE;France
09240;AIGUES JUNTES;France
30220;AIGUES MORTES;France
09600;AIGUES VIVES;France
11800;AIGUES VIVES;France
30670;AIGUES VIVES;France
34210;AIGUES VIVES;France
30760;AIGUEZE;France
43000;AIGUILHE;France
05470;AIGUILLES;France
47190;AIGUILLON;France
83630;AIGUINES;France
36140;AIGURANDE;France
05340;AILEFROIDE;France
07200;AILHON;France
45230;AILLANT SUR MILLERON;France
89110;AILLANT SUR THOLON;France
33124;AILLAS;France
42130;AILLEUX;France
70110;AILLEVANS;France
10200;AILLEVILLE;France
70320;AILLEVILLERS ET LYAUMONT;France
52700;AILLIANVILLE;France
72600;AILLIERES BEAUVOIR;France
73340;AILLON LE JEUNE;France
73340;AILLON LE VIEUX;France
70300;AILLONCOURT;France
27600;AILLY;France
80690;AILLY LE HAUT CLOCHER;France
55300;AILLY SUR MEUSE;France
80250;AILLY SUR NOYE;France
80470;AILLY SUR SOMME;France
30470;AIMARGUES;France
73210;AIME;France
04000;AINAC;France
03360;AINAY LE CHATEAU;France
18200;AINAY LE VIEIL;France
64220;AINCILLE;France
95510;AINCOURT;France
55110;AINCREVILLE;France
54460;AINGERAY;France
88140;AINGEVILLE;France
52230;AINGOULAINCOURT;France
64130;AINHARP;France
64220;AINHICE MONGELOS;France
64250;AINHOA;France
70800;AINVELLE;France
88320;AINVELLE;France
80270;AIRAINES;France
14370;AIRAN;France
08190;AIRE;France
40800;AIRE SUR L ADOUR;France
62120;AIRE SUR LA LYS;France
50680;AIREL;France
60600;AIRION;France
62180;AIRON NOTRE DAME;France
62180;AIRON ST VAAST;France
11320;AIROUX;France
79600;AIRVAULT;France
21110;AISEREY;France
70500;AISEY ET RICHECOURT;France
21400;AISEY SUR SEINE;France
85450;AISNE;France
02110;AISONVILLE ET BERNOVILLE;France
25360;AISSEY;France
21390;AISY SOUS THIL;France
89390;AISY SUR ARMANCON;France
20244;AITI;France
73220;AITON;France
19200;AIX;France
59310;AIX;France
26150;AIX EN DIOIS;France
62650;AIX EN ERGNY;France
62170;AIX EN ISSART;France
10160;AIX EN OTHE;France
13090;AIX EN PROVENCE;France
13100;AIX EN PROVENCE;France
63980;AIX LA FAYETTE;France
73100;AIX LES BAINS;France
62160;AIX NOULETTE;France
87700;AIXE SUR VIENNE;France
07530;AIZAC;France
52120;AIZANVILLE;France
36150;AIZE;France
80240;AIZECOURT LE BAS;France
80200;AIZECOURT LE HAUT;France
16700;AIZECQ;France
02820;AIZELLES;France
85190;AIZENAY;France
27500;AIZIER;France
02370;AIZY JOUY;France
11300;AJAC;France
20000;AJACCIO;France
20090;AJACCIO;France
23380;AJAIN;France
24210;AJAT;France
20243;AJIOLA;France
57590;AJONCOURT;France
27410;AJOU;France
07000;AJOUX;France
11240;ALAIGNE;France
02240;ALAINCOURT;France
70210;ALAINCOURT;France
57590;ALAINCOURT LA COTE;France
11290;ALAIRAC;France
25330;ALAISE;France
31420;ALAN;France
20212;ALANDO;France
20167;ALATA;France
07400;ALBA LA ROMAINE;France
81250;ALBAN;France
48310;ALBARET LE COMTAL;France
48200;ALBARET STE MARIE;France
11360;ALBAS;France
46140;ALBAS;France
67220;ALBE;France
82290;ALBEFEUILLE LAGARDE;France
73410;ALBENS;France
15300;ALBEPIERRE BREDONS;France
80300;ALBERT;France
20224;ALBERTACCE;France
73200;ALBERTVILLE;France
57670;ALBESTROFF;France
81000;ALBI;France
31460;ALBIAC;France
46500;ALBIAC;France
82350;ALBIAS;France
11330;ALBIERES;France
09310;ALBIES;France
73300;ALBIEZ LE JEUNE;France
73300;ALBIEZ MONTROND;France
19190;ALBIGNAC;France
69250;ALBIGNY SUR SAONE;France
81240;ALBINE;France
04550;ALBIOSC;France
20128;ALBITRECCIA;France
07190;ALBON;France
26140;ALBON;France
07440;ALBOUSSIERE;France
19380;ALBUSSAC;France
74540;ALBY SUR CHERAN;France
64470;ALCAY ALCABEHETY SUNHARETTE;France
64430;ALDUDES;France
62850;ALEMBON;France
61000;ALENCON;France
66200;ALENYA;France
20270;ALERIA;France
30100;ALES;France
11580;ALET LES BAINS;France
62650;ALETTE;France
09320;ALEU;France
74290;ALEX;France
53240;ALEXAIN;France
26770;ALEYRAC;France
94140;ALFORTVILLE;France
20220;ALGAJOLA;France
81470;ALGANS;France
68600;ALGOLSHEIM;France
57440;ALGRANGE;France
39270;ALIEZE;France
34290;ALIGNAN DU VENT;France
08310;ALINCOURT;France
62142;ALINCTHUN;France
21150;ALISE STE REINE;France
07210;ALISSAS;France
20230;ALISTRO;France
69380;ALIX;France
26300;ALIXAN;France
27460;ALIZAY;France
54170;ALLAIN;France
80200;ALLAINES;France
28310;ALLAINES MERVILLIERS;France
28500;ALLAINVILLE;France
78660;ALLAINVILLE AUX BOIS;France
45480;ALLAINVILLE EN BEAUCE;France
56350;ALLAIRE;France
54800;ALLAMONT;France
54112;ALLAMPS;France
26780;ALLAN;France
15160;ALLANCHE;France
08130;ALLAND HUY ET SAUSSEUIL;France
88110;ALLARMONT;France
17150;ALLAS BOCAGE;France
17500;ALLAS CHAMPAGNE;France
24220;ALLAS LES MINES;France
19240;ALLASSAC;France
13190;ALLAUCH;France
30500;ALLEGRE;France
43270;ALLEGRE;France
13980;ALLEINS;France
04550;ALLEMAGNE EN PROVENCE;France
51260;ALLEMANCHE LAUNAY ET SOYER;France
24600;ALLEMANS;France
47800;ALLEMANS DU DROPT;France
02320;ALLEMANT;France
51120;ALLEMANT;France
38114;ALLEMOND;France
80530;ALLENAY;France
48190;ALLENC;France
25490;ALLENJOIE;France
59251;ALLENNES LES MARAIS;France
67310;ALLENWILLER;France
21230;ALLEREY;France
71350;ALLEREY SUR SAONE;France
71380;ALLERIOT;France
80270;ALLERY;France
24480;ALLES SUR DORDOGNE;France
15100;ALLEUZE;France
38580;ALLEVARD;France
74540;ALLEVES;France
26400;ALLEX;France
43150;ALLEYRAC;France
43580;ALLEYRAS;France
19200;ALLEYRAT;France
23200;ALLEYRAT;France
47110;ALLEZ ET CAZENEUVE;France
51250;ALLIANCELLES;France
09400;ALLIAT;France
10700;ALLIBAUDIERES;France
52130;ALLICHAMPS;France
65360;ALLIER;France
09240;ALLIERES;France
58200;ALLIGNY COSNE;France
58230;ALLIGNY EN MORVAN;France
22460;ALLINEUC;France
74200;ALLINGES;France
18110;ALLOGNY;France
25550;ALLONDANS;France
73200;ALLONDAZ;France
54260;ALLONDRELLE LA MALMAISON;France
60000;ALLONNE;France
79130;ALLONNE;France
28150;ALLONNES;France
49650;ALLONNES;France
72700;ALLONNES;France
04170;ALLONS;France
47420;ALLONS;France
80260;ALLONVILLE;France
74350;ALLONZIER LA CAILLE;France
04260;ALLOS;France
62157;ALLOUAGNE;France
16490;ALLOUE;France
18500;ALLOUIS;France
76190;ALLOUVILLE BELLEFOSSE;France
58110;ALLUY;France
28800;ALLUYES;France
15700;ALLY;France
43380;ALLY;France
81190;ALMAYRAC;France
61570;ALMENECHES;France
12300;ALMONT LES JUNIES;France
09200;ALOS;France
81140;ALOS;France
64470;ALOS SIBAS ABENSE;France
21420;ALOXE CORTON;France
12210;ALPUECH;France
62850;ALQUINES;France
12430;ALRANCE;France
57520;ALSTING;France
20112;ALTAGENE;France
67270;ALTECKENDORF;France
68210;ALTENACH;France
68760;ALTENBACH;France
67490;ALTENHEIM;France
67160;ALTENSTADT;France
84210;ALTHEN DES PALUDS;France
20251;ALTIANI;France
48800;ALTIER;France
19120;ALTILLAC;France
68130;ALTKIRCH;France
67120;ALTORF;France
57660;ALTRIPPE;France
57730;ALTVILLER;France
67260;ALTWILLER;France
71510;ALUZE;France
46500;ALVIGNAC;France
76640;ALVIMARE;France
09240;ALZEN;France
20212;ALZI;France
57320;ALZING;France
20240;ALZITONE;France
30770;ALZON;France
11170;ALZONNE;France
70280;AMAGE;France
08300;AMAGNE;France
25220;AMAGNEY;France
79350;AMAILLOUX;France
10140;AMANCE;France
54770;AMANCE;France
70160;AMANCE;France
25330;AMANCEY;France
74800;AMANCY;France
39700;AMANGE;France
35150;AMANLIS;France
55130;AMANTY;France
57111;AMANVILLERS;France
71610;AMANZE;France
01090;AMAREINS;France
01090;AMAREINS FRANCHELEINS CES;France
01090;AMAREINS FRANCHELEINS CESSEINS;France
81170;AMARENS;France
25330;AMATHAY VESIGNEUX;France
14210;AMAYE SUR ORNE;France
14310;AMAYE SUR SEULLES;France
58190;AMAZY;France
88500;AMBACOURT;France
33440;AMBARES ET LAGRAVE;France
31230;AMBAX;France
87240;AMBAZAC;France
38970;AMBEL;France
27250;AMBENAY;France
16140;AMBERAC;France
01500;AMBERIEU EN BUGEY;France
69480;AMBERIEUX D AZERGUES;France
01330;AMBERIEUX EN DOMBES;France
16490;AMBERNAC;France
86110;AMBERRE;France
63600;AMBERT;France
33810;AMBES;France
12260;AMBEYRAC;France
81430;AMBIALET;France
20151;AMBIEGNA;France
42820;AMBIERLE;France
70210;AMBIEVILLERS;France
37340;AMBILLOU;France
49700;AMBILLOU CHATEAU;France
74100;AMBILLY;France
55250;AMBLAINCOURT;France
60110;AMBLAINVILLE;France
70200;AMBLANS ET VELOTTE;France
02290;AMBLENY;France
01300;AMBLEON;France
62164;AMBLETEUSE;France
16300;AMBLEVILLE;France
95710;AMBLEVILLE;France
14480;AMBLIE;France
08210;AMBLIMONT;France
41310;AMBLOY;France
08130;AMBLY FLEURY;France
55300;AMBLY SUR MEUSE;France
37400;AMBOISE;France
56190;AMBON;France
26800;AMBONIL;France
51150;AMBONNAY;France
52110;AMBONVILLE;France
76480;AMBOURVILLE;France
36120;AMBRAULT;France
81500;AMBRES;France
62310;AMBRICOURT;France
02200;AMBRIEF;France
51290;AMBRIERES;France
53300;AMBRIERES LES VALLEES;France
62127;AMBRINES;France
01500;AMBRONAY;France
19250;AMBRUGEAT;France
76550;AMBRUMESNIL;France
47160;AMBRUS;France
01500;AMBUTRIX;France
27140;AMECOURT;France
55230;AMEL SUR L ETANG;France
57170;AMELECOURT;France
66110;AMELIE LES BAINS PALALDA;France
64120;AMENDEUIX ONEIX;France
54450;AMENONCOURT;France
95510;AMENUCOURT;France
88220;AMEREY;France
62190;AMES;France
62260;AMETTES;France
71460;AMEUGNY;France
88410;AMEUVELLE;France
14860;AMFREVILLE;France
50480;AMFREVILLE;France
27370;AMFREVILLE LA CAMPAGNE;France
76920;AMFREVILLE LA MI VOIE;France
27380;AMFREVILLE LES CHAMPS;France
76560;AMFREVILLE LES CHAMPS;France
27380;AMFREVILLE SOUS LES MONTS;France
27400;AMFREVILLE SUR ITON;France
59144;AMFROIPRET;France
80000;AMIENS;France
80080;AMIENS;France
80090;AMIENS;France
02190;AMIFONTAINE;France
50620;AMIGNY;France
02700;AMIGNY ROUY;France
77120;AMILLIS;France
28300;AMILLY;France
45200;AMILLY;France
42260;AMIONS;France
06910;AMIRAT;France
68770;AMMERSCHWIHR;France
68210;AMMERZWILLER;France
14170;AMMEVILLE;France
72540;AMNE;France
57360;AMNEVILLE LES THERMES;France
70170;AMONCOURT;France
25330;AMONDANS;France
70310;AMONT ET EFFRENEY;France
64120;AMOROTS SUCCOS;France
40330;AMOU;France
74500;AMPHION LES BAINS;France
12000;AMPIAC;France
21400;AMPILLY LE SEC;France
21450;AMPILLY LES BORDES;France
09400;AMPLAING;France
69550;AMPLEPUIS;France
62760;AMPLIER;France
53200;AMPOIGNE;France
77760;AMPONVILLE;France
20272;AMPRIANI;France
69420;AMPUIS;France
83111;AMPUS;France
79210;AMURE;France
60310;AMY;France
16560;ANAIS;France
17540;ANAIS;France
31230;ANAN;France
64570;ANCE;France
76710;ANCEAUMEVILLE;France
61550;ANCEINS;France
05260;ANCELLE;France
55320;ANCEMONT;France
44150;ANCENIS;France
55170;ANCERVILLE;France
57580;ANCERVILLE;France
54450;ANCERVILLER;France
21410;ANCEY;France
08500;ANCHAMPS;France
37500;ANCHE;France
86700;ANCHE;France
70210;ANCHENONCOURT ET CHAZEL;France
02600;ANCIENVILLE;France
70100;ANCIER;France
72610;ANCINNES;France
65440;ANCIZAN;France
26200;ANCONE;France
76370;ANCOURT;France
76560;ANCOURTEVILLE SUR HERICOURT;France
76760;ANCRETIEVILLE ST VICTOR;France
76540;ANCRETTEVILLE SUR MER;France
50200;ANCTEVILLE;France
14240;ANCTOVILLE;France
50400;ANCTOVILLE SUR BOSCQ;France
69490;ANCY;France
89160;ANCY LE FRANC;France
89160;ANCY LE LIBRE;France
57130;ANCY SUR MOSELLE;France
80140;ANDAINVILLE;France
07340;ANDANCE;France
26140;ANDANCETTE;France
49800;ANDARD;France
27430;ANDE;France
80700;ANDECHY;France
22400;ANDEL;France
02800;ANDELAIN;France
03120;ANDELAROCHE;France
70000;ANDELARRE;France
70000;ANDELARROT;France
15100;ANDELAT;France
90400;ANDELNANS;France
52700;ANDELOT BLANCHEVILLE;France
39110;ANDELOT EN MONTAGNE;France
39320;ANDELOT MORVAL;France
78770;ANDELU;France
55800;ANDERNAY;France
33510;ANDERNOS LES BAINS;France
54560;ANDERNY;France
01300;ANDERT ET CONDON;France
08240;ANDEVANNE;France
60570;ANDEVILLE;France
49220;ANDIGNE;France
81140;ANDILLAC;France
17230;ANDILLY;France
54200;ANDILLY;France
74350;ANDILLY;France
95580;ANDILLY;France
52360;ANDILLY EN BASSIGNY;France
47170;ANDIRAN;France
67140;ANDLAU;France
64420;ANDOINS;France
68280;ANDOLSHEIM;France
06750;ANDON;France
45480;ANDONVILLE;France
70200;ANDORNAY;France
53240;ANDOUILLE;France
35250;ANDOUILLE NEUVILLE;France
81350;ANDOUQUE;France
64390;ANDREIN;France
62340;ANDRES;France
65390;ANDREST;France
78570;ANDRESY;France
49600;ANDREZE;France
77390;ANDREZEL;France
42160;ANDREZIEUX BOUTHEON;France
89480;ANDRYES;France
30140;ANDUZE;France
65510;ANERAN CAMORS;France
65150;ANERES;France
28260;ANET;France
44150;ANETZ;France
64510;ANGAIS;France
41400;ANGE;France
16130;ANGEAC CHAMPAGNE;France
16120;ANGEAC CHARENTE;France
08450;ANGECOURT;France
16300;ANGEDUC;France
89440;ANGELY;France
90150;ANGEOT;France
49000;ANGERS;France
49100;ANGERS;France
14430;ANGERVILLE;France
91670;ANGERVILLE;France
76110;ANGERVILLE BAILLEUL;France
76280;ANGERVILLE L ORCHER;France
27930;ANGERVILLE LA CAMPAGNE;France
76540;ANGERVILLE LA MARTEL;France
91470;ANGERVILLIERS;France
82210;ANGEVILLE;France
57440;ANGEVILLERS;France
50530;ANGEY;France
60940;ANGICOURT;France
76740;ANGIENS;France
70700;ANGIREY;France
60130;ANGIVILLERS;France
33390;ANGLADE;France
15380;ANGLARDS DE SALERS;France
15100;ANGLARDS DE ST FLOUR;France
46120;ANGLARS;France
46140;ANGLARS JUILLAC;France
46300;ANGLARS NOZAC;France
12390;ANGLARS ST FELIX;France
01350;ANGLEFORT;France
88700;ANGLEMONT;France
04170;ANGLES;France
81260;ANGLES;France
85750;ANGLES;France
86260;ANGLES SUR L ANGLIN;France
76280;ANGLESQUEVILLE L ESNEVAL;France
76740;ANGLESQUEVILLE LA BRAS LONG;France
64600;ANGLET;France
17540;ANGLIERS;France
86330;ANGLIERS;France
51260;ANGLURE;France
71170;ANGLURE SOUS DUN;France
52220;ANGLUS;France
51230;ANGLUZELLES ET COURCELLES;France
24270;ANGOISSE;France
54540;ANGOMONT;France
65690;ANGOS;France
16000;ANGOULEME;France
17690;ANGOULINS;France
40990;ANGOUME;France
64190;ANGOUS;France
66760;ANGOUSTRINE VILLENEUVE ESCALDES;France
14220;ANGOVILLE;France
50480;ANGOVILLE AU PLAIN;France
50330;ANGOVILLE EN SAIRE;France
50430;ANGOVILLE SUR AY;France
62143;ANGRES;France
40150;ANGRESSE;France
49440;ANGRIE;France
14610;ANGUERNY;France
02800;ANGUILCOURT LE SART;France
57930;ANGVILLER LES BISPING;France
60250;ANGY;France
64220;ANHAUX;France
59194;ANHIERS;France
34150;ANIANE;France
59580;ANICHE;France
14610;ANISY;France
02320;ANIZY LE CHATEAU;France
70800;ANJEUX;France
38150;ANJOU;France
36210;ANJOUIN;France
90170;ANJOUTEY;France
65370;ANLA;France
58270;ANLEZY;France
24160;ANLHIAC;France
58450;ANNAY;France
62880;ANNAY;France
89200;ANNAY LA COTE;France
89310;ANNAY SUR SEREIN;France
14430;ANNEBAULT;France
14380;ANNEBECQ;France
74000;ANNECY;France
74940;ANNECY LE VIEUX;France
08310;ANNELLES;France
74100;ANNEMASSE;France
89200;ANNEOT;France
17350;ANNEPONT;France
62149;ANNEQUIN;France
24430;ANNESSE ET BEAULIEU;France
77410;ANNET SUR MARNE;France
59400;ANNEUX;France
76480;ANNEVILLE AMBOURVILLE;France
50760;ANNEVILLE EN SAIRE;France
52310;ANNEVILLE LA PRAIRIE;France
50560;ANNEVILLE SUR MER;France
76590;ANNEVILLE SUR SCIE;France
26140;ANNEYRON;France
17380;ANNEZAY;France
62232;ANNEZIN;France
59112;ANNOEULLIN;France
39120;ANNOIRE;France
02480;ANNOIS;France
38460;ANNOISIN CHATELANS;France
18340;ANNOIX;France
07100;ANNONAY;France
52230;ANNONVILLE;France
04240;ANNOT;France
76110;ANNOUVILLE VILMESNIL;France
89440;ANNOUX;France
50660;ANNOVILLE;France
59186;ANOR;France
64160;ANOS;France
71550;ANOST;France
88650;ANOULD;France
54150;ANOUX;France
64350;ANOYE;France
76490;ANQUETIERVILLE;France
52500;ANROSEY;France
16500;ANSAC SUR VIENNE;France
60250;ANSACQ;France
32270;ANSAN;France
54470;ANSAUVILLE;France
60120;ANSAUVILLERS;France
69480;ANSE;France
60540;ANSERVILLE;France
66220;ANSIGNAN;France
73410;ANSIGNY;France
65140;ANSOST;France
84240;ANSOUIS;France
59152;ANSTAING;France
47700;ANTAGNAC;France
15110;ANTERRIEUX;France
25340;ANTEUIL;France
17400;ANTEZANT LA CHAPELLE;France
47370;ANTHE;France
54110;ANTHELUPT;France
51700;ANTHENAY;France
08260;ANTHENY;France
83530;ANTHEOR;France
21360;ANTHEUIL;France
60162;ANTHEUIL PORTES;France
58800;ANTHIEN;France
38280;ANTHON;France
74200;ANTHY SUR LEMAN;France
06600;ANTIBES;France
65370;ANTICHAN;France
31510;ANTICHAN DE FRONTIGNES;France
15240;ANTIGNAC;France
17240;ANTIGNAC;France
31110;ANTIGNAC;France
85120;ANTIGNY;France
86310;ANTIGNY;France
21230;ANTIGNY LA VILLE;France
57640;ANTILLY;France
60620;ANTILLY;France
65220;ANTIN;France
20270;ANTISANTI;France
65200;ANTIST;France
37800;ANTOGNY LE TILLAC;France
49260;ANTOIGNE;France
72380;ANTOIGNE;France
61410;ANTOIGNY;France
63340;ANTOINGT;France
05300;ANTONAVES;France
24420;ANTONNE ET TRIGONANT;France
92160;ANTONY;France
25410;ANTORPE;France
07530;ANTRAIGUES SUR VOLANE;France
35560;ANTRAIN;France
86100;ANTRAN;France
09800;ANTRAS;France
32360;ANTRAS;France
48100;ANTRENAS;France
11190;ANTUGNAC;France
71400;ANTULLY;France
76560;ANVEVILLE;France
16170;ANVILLE;France
62134;ANVIN;France
02500;ANY MARTIN RIEUX;France
63420;ANZAT LE LUGUET;France
57320;ANZELING;France
23000;ANZEME;France
47700;ANZEX;France
59410;ANZIN;France
62223;ANZIN ST AUBIN;France
71110;ANZY LE DUC;France
38490;AOSTE;France
51170;AOUGNY;France
08290;AOUSTE;France
26400;AOUSTE SUR SYE;France
88170;AOUZE;France
57480;APACH;France
63420;APCHAT;France
15400;APCHON;France
42550;APINAC;France
81700;APPELLE;France
61130;APPENAI SOUS BELLEME;France
25250;APPENANS;France
68280;APPENWIHR;France
50500;APPEVILLE;France
27290;APPEVILLE ANNEBAULT;France
20167;APPIETTO;France
60400;APPILLY;France
89380;APPOIGNY;France
38140;APPRIEU;France
09250;APPY;France
01100;APREMONT;France
08250;APREMONT;France
60300;APREMONT;France
70100;APREMONT;France
73190;APREMONT;France
85220;APREMONT;France
55300;APREMONT LA FORET;France
18150;APREMONT SUR ALLIER;France
52250;APREY;France
84400;APT;France
09000;ARABAUX;France
74300;ARACHES;France
65170;ARAGNOUET;France
11600;ARAGON;France
64570;ARAMITS;France
30390;ARAMON;France
01110;ARANC;France
64300;ARANCE;France
64270;ARANCOU;France
01230;ARANDAS;France
38510;ARANDON;France
64190;ARAUJUZON;France
43200;ARAULES;France
64190;ARAUX;France
33640;ARBANATS;France
31160;ARBAS;France
70160;ARBECEY;France
20110;ARBELLARA;France
01100;ARBENT;France
65560;ARBEOST;France
64120;ARBERATS SILLEGUE;France
01300;ARBIGNIEU;France
01190;ARBIGNY;France
52500;ARBIGNY SOUS VARENNES;France
73800;ARBIN;France
33760;ARBIS;France
32720;ARBLADE LE BAS;France
32110;ARBLADE LE HAUT;France
39600;ARBOIS;France
31160;ARBON;France
64210;ARBONNE;France
77630;ARBONNE LA FORET;France
34150;ARBORAS;France
20160;ARBORI;France
52160;ARBOT;France
25400;ARBOUANS;France
40320;ARBOUCAVE;France
64120;ARBOUET SUSSAUTE;France
58350;ARBOURSE;France
66320;ARBOUSSOLS;France
35130;ARBRISSEL;France
69460;ARBUISSONNAS;France
64230;ARBUS;France
74930;ARBUSIGNY;France
52210;ARC EN BARROIS;France
25610;ARC ET SENANS;France
70100;ARC LES GRAY;France
25520;ARC SOUS CICON;France
25270;ARC SOUS MONTENOT;France
21560;ARC SUR TILLE;France
33120;ARCACHON;France
79210;ARCAIS;France
46090;ARCAMBAL;France
64200;ARCANGUES;France
18340;ARCAY;France
86200;ARCAY;France
21310;ARCEAU;France
21700;ARCENANT;France
07310;ARCENS;France
17120;ARCES;France
89320;ARCES DILO;France
21410;ARCEY;France
25750;ARCEY;France
04420;ARCHAIL;France
74160;ARCHAMPS;France
39290;ARCHELANGE;France
15200;ARCHES;France
88380;ARCHES;France
88380;ARCHETTES;France
17520;ARCHIAC;France
24590;ARCHIGNAC;France
03380;ARCHIGNAT;France
86210;ARCHIGNY;France
17380;ARCHINGEAY;France
02360;ARCHON;France
25220;ARCIER;France
74270;ARCINE;France
42460;ARCINGES;France
33460;ARCINS;France
51170;ARCIS LE PONSART;France
10700;ARCIS SUR AUBE;France
65360;ARCIZAC ADOUR;France
65100;ARCIZAC EZ ANGLES;France
65400;ARCIZANS AVANT;France
65400;ARCIZANS DESSUS;France
48200;ARCOMIE;France
18200;ARCOMPS;France
25300;ARCON;France
42370;ARCON;France
21320;ARCONCEY;France
72610;ARCONNAY;France
63250;ARCONSAT;France
10200;ARCONVILLE;France
94110;ARCUEIL;France
02130;ARCY STE RESTITUE;France
89270;ARCY SUR CURE;France
28170;ARDELLES;France
28700;ARDELU;France
18170;ARDENAIS;France
72370;ARDENAY SUR MERIZE;France
65240;ARDENGOST;France
36120;ARDENTES;France
63420;ARDES;France
08400;ARDEUIL ET MONTFAUXELLES;France
50170;ARDEVON;France
31210;ARDIEGE;France
79110;ARDILLEUX;France
17290;ARDILLIERES;France
79160;ARDIN;France
32430;ARDIZAS;France
07290;ARDOIX;France
39300;ARDON;France
45160;ARDON;France
76680;ARDOUVAL;France
62610;ARDRES;France
73270;ARECHES;France
20220;AREGNO;France
41100;AREINES;France
59135;AREMBERG;France
64400;AREN;France
40110;ARENGOSSE;France
74800;ARENTHON;France
33740;ARES;France
39110;ARESCHES;France
64320;ARESSY;France
64570;ARETTE;France
23700;ARFEUILLE CHATAIN;France
03640;ARFEUILLES;France
81110;ARFONS;France
64300;ARGAGNON;France
14400;ARGANCHY;France
10140;ARGANCON;France
57640;ARGANCY;France
09800;ARGEIN;France
65200;ARGELES;France
65400;ARGELES GAZOST;France
66700;ARGELES PLAGE;France
66700;ARGELES SUR MER;France
11120;ARGELIERS;France
34380;ARGELLIERS;France
40700;ARGELOS;France
64450;ARGELOS;France
40430;ARGELOUSE;France
14370;ARGENCES;France
04170;ARGENS;France
11200;ARGENS MINERVOIS;France
18410;ARGENT SUR SAULDRE;France
61200;ARGENTAN;France
19400;ARGENTAT;France
20260;ARGENTELLA;France
89160;ARGENTENAY;France
95100;ARGENTEUIL;France
89160;ARGENTEUIL SUR ARMANCON;France
74400;ARGENTIERE;France
77390;ARGENTIERES;France
73220;ARGENTINE;France
10150;ARGENTOLLES;France
52330;ARGENTOLLES;France
47250;ARGENTON;France
79150;ARGENTON CHATEAU;France
79290;ARGENTON L EGLISE;France
53290;ARGENTON NOTRE DAME;France
36200;ARGENTON SUR CREUSE;France
53210;ARGENTRE;France
35370;ARGENTRE DU PLESSIS;France
18140;ARGENVIERES;France
28420;ARGENVILLIERS;France
51800;ARGERS;France
64410;ARGET;France
90800;ARGIESANS;France
70600;ARGILLIERES;France
30210;ARGILLIERS;France
21700;ARGILLY;France
01230;ARGIS;France
20140;ARGIUSTA MORICCIO;France
80730;ARGOEUVES;France
29560;ARGOL;France
74370;ARGONAY;France
50240;ARGOUGES;France
80120;ARGOULES;France
76780;ARGUEIL;France
25720;ARGUEL;France
80140;ARGUEL;France
31160;ARGUENOS;France
31440;ARGUT DESSOUS;France
31440;ARGUT DESSUS;France
36500;ARGY;France
64120;ARHANSUS;France
65230;ARIES ESPENAN;France
81360;ARIFAT;France
09400;ARIGNAC;France
39240;ARINTHOD;France
73340;ARITH;France
40110;ARJUZANX;France
63220;ARLANC;France
39140;ARLAY;France
07410;ARLEBOSC;France
43490;ARLEMPDES;France
13200;ARLES;France
66150;ARLES SUR TECH;France
43380;ARLET;France
58430;ARLEUF;France
59151;ARLEUX;France
62580;ARLEUX EN GOHELLE;France
31440;ARLOS;France
49420;ARMAILLE;France
60880;ARMANCOURT;France
80700;ARMANCOURT;France
54760;ARMAUCOURT;France
59380;ARMBOUTS CAPPEL;France
89500;ARMEAU;France
64640;ARMENDARITS;France
28320;ARMENONVILLE LES GATINEAUX;France
65510;ARMENTEULE;France
59280;ARMENTIERES;France
77440;ARMENTIERES EN BRIE;France
27820;ARMENTIERES SUR AVRE;France
02210;ARMENTIERES SUR OURCQ;France
32230;ARMENTIEUX;France
58500;ARMES;France
47800;ARMILLAC;France
11110;ARMISSAN;France
01510;ARMIX;France
32230;ARMOUS ET CAU;France
74200;ARMOY;France
15150;ARNAC;France
87160;ARNAC LA POSTE;France
19230;ARNAC POMPADOUR;France
12360;ARNAC SUR DOURDOU;France
72230;ARNAGE;France
52110;ARNANCOURT;France
69400;ARNAS;France
31360;ARNAUD GUILHEM;France
09400;ARNAVE;France
54530;ARNAVILLE;France
21230;ARNAY LE DUC;France
21350;ARNAY SOUS VITTEAUX;France
26470;ARNAYON;France
65670;ARNE;France
64220;ARNEGUY;France
59285;ARNEKE;France
08300;ARNICOURT;France
27180;ARNIERES SUR ITON;France
52400;ARNONCOURT SUR APANCE;France
64370;ARNOS;France
95400;ARNOUVILLE LES GONESSE;France
78790;ARNOUVILLE LES MANTES;France
88170;AROFFE;France
39240;AROMAS;France
53440;ARON;France
64120;AROUE ITHOROTS OLHAIBY;France
70360;AROZ;France
30700;ARPAILLARGUES ET AUREILLAC;France
91290;ARPAJON;France
15130;ARPAJON SUR CERE;France
26110;ARPAVON;France
70200;ARPENANS;France
18200;ARPHEUILLES;France
36700;ARPHEUILLES;France
03420;ARPHEUILLES ST PRIEST;France
30120;ARPHY;France
53170;ARQUENAY;France
11190;ARQUES;France
12290;ARQUES;France
62510;ARQUES;France
76880;ARQUES LA BATAILLE;France
11220;ARQUETTES EN VAL;France
80560;ARQUEVES;France
58310;ARQUIAN;France
45500;ARRABLOY;France
54370;ARRACOURT;France
56610;ARRADON;France
57380;ARRAINCOURT;France
91690;ARRANCOURT;France
02860;ARRANCY;France
55230;ARRANCY SUR CRUSNE;France
21500;ARRANS;France
62000;ARRAS;France
65400;ARRAS EN LAVEDAN;France
07370;ARRAS SUR RHONE;France
64130;ARRAST LARREBIEU;France
64120;ARRAUTE CHARRITTE;France
54760;ARRAYE ET HAN;France
65100;ARRAYOU LAHITTE;France
30120;ARRE;France
65240;ARREAU;France
10340;ARRELLES;France
10330;ARREMBECOURT;France
23210;ARRENES;France
65400;ARRENS MARSOUS;France
88430;ARRENTES DE CORCIEUX;France
10200;ARRENTIERES;France
80820;ARREST;France
08090;ARREUX;France
57580;ARRIANCE;France
64350;ARRICAU BORDES;France
64420;ARRIEN;France
09800;ARRIEN EN BETHMALE;France
30770;ARRIGAS;France
51290;ARRIGNY;France
20151;ARRO;France
65130;ARRODETS;France
65100;ARRODETS EZ ANGLES;France
14117;ARROMANCHES LES BAINS;France
03250;ARRONNES;France
95810;ARRONVILLE;France
64660;ARROS D OLORON;France
64800;ARROS DE NAY;France
64350;ARROSES;France
28290;ARROU;France
32140;ARROUEDE;France
09800;ARROUT;France
57680;ARRY;France
80120;ARRY;France
16130;ARS;France
23480;ARS;France
17590;ARS EN RE;France
57530;ARS LAQUENEXY;France
63700;ARS LES FAVETS;France
01480;ARS SUR FORMANS;France
57130;ARS SUR MOSELLE;France
33460;ARSAC;France
43700;ARSAC EN VELAY;France
40330;ARSAGUE;France
70100;ARSANS;France
10200;ARSONVAL;France
39250;ARSURE ARSURETTE;France
60190;ARSY;France
54510;ART SUR MEURTHE;France
65500;ARTAGNAN;France
08390;ARTAISE LE VIVIER;France
71110;ARTAIX;France
65400;ARTALENS SOUIN;France
37260;ARTANNES SUR INDRE;France
49260;ARTANNES SUR THOUET;France
38440;ARTAS;France
40090;ARTASSENX;France
01510;ARTEMARE;France
02480;ARTEMPS;France
45410;ARTENAY;France
74380;ARTHAZ PONT NOTRE DAME;France
58700;ARTHEL;France
26260;ARTHEMONAY;France
17520;ARTHENAC;France
39270;ARTHENAS;France
81160;ARTHES;France
40190;ARTHEZ D ARMAGNAC;France
64800;ARTHEZ D ASSON;France
64370;ARTHEZ DE BEARN;France
72270;ARTHEZE;France
95420;ARTHIES;France
36330;ARTHON;France
44320;ARTHON EN RETZ;France
89740;ARTHONNAY;France
42130;ARTHUN;France
09130;ARTIGAT;France
83630;ARTIGNOSC SUR VERDON;France
31110;ARTIGUE;France
32260;ARTIGUEDIEU;France
64420;ARTIGUELOUTAN;France
64230;ARTIGUELOUVE;France
65130;ARTIGUEMY;France
09460;ARTIGUES;France
11140;ARTIGUES;France
65100;ARTIGUES;France
83560;ARTIGUES;France
65710;ARTIGUES CAMPAN;France
33370;ARTIGUES PRES BORDEAUX;France
41800;ARTINS;France
09120;ARTIX;France
64170;ARTIX;France
67390;ARTOLSHEIM;France
02330;ARTONGES;France
63460;ARTONNE;France
59269;ARTRES;France
68320;ARTZENHEIM;France
64260;ARUDY;France
40120;ARUE;France
43360;ARVANT;France
17530;ARVERT;France
33500;ARVEYRES;France
12120;ARVIEU;France
05350;ARVIEUX;France
09100;ARVIGNA;France
73110;ARVILLARD;France
41170;ARVILLE;France
77890;ARVILLE;France
80910;ARVILLERS;France
40310;ARX;France
64410;ARZACQ ARRAZIGUET;France
56190;ARZAL;France
29300;ARZANO;France
38260;ARZAY;France
58700;ARZEMBOUY;France
48310;ARZENC D APCHER;France
48170;ARZENC DE RANDON;France
11290;ARZENS;France
51290;ARZILLIERES NEUVILLE;France
56640;ARZON;France
57400;ARZVILLER;France
64660;ASASP ARROS;France
64310;ASCAIN;France
64220;ASCARAT;France
67250;ASCHBACH;France
45170;ASCHERES LE MARCHE;France
20276;ASCO;France
09110;ASCOU;France
45300;ASCOUX;France
06260;ASCROS;France
08190;ASFELD;France
86340;ASLONNES;France
58420;ASNAN;France
39120;ASNANS BEAUVOISIN;France
14960;ASNELLES;France
27260;ASNIERES;France
38280;ASNIERES;France
14710;ASNIERES EN BESSIN;France
21500;ASNIERES EN MONTAGNE;France
79170;ASNIERES EN POITOU;France
17400;ASNIERES LA GIRAUD;France
21380;ASNIERES LES DIJON;France
89660;ASNIERES SOUS BOIS;France
86430;ASNIERES SUR BLOUR;France
16290;ASNIERES SUR NOUERE;France
95270;ASNIERES SUR OISE;France
01570;ASNIERES SUR SAONE;France
92600;ASNIERES SUR SEINE;France
72430;ASNIERES SUR VEGRE;France
58190;ASNOIS;France
86250;ASNOIS;France
57790;ASPACH;France
68130;ASPACH;France
68700;ASPACH LE BAS;France
68700;ASPACH LE HAUT;France
30250;ASPERES;France
07600;ASPERJOC;France
31160;ASPET;France
65240;ASPIN AURE;France
65100;ASPIN EN LAVEDAN;France
34800;ASPIRAN;France
05140;ASPREMONT;France
06790;ASPREMONT;France
05800;ASPRES LES CORPS;France
05140;ASPRES SUR BUECH;France
31800;ASPRET SARRAT;France
12700;ASPRIERES;France
65130;ASQUE;France
33240;ASQUES;France
82120;ASQUES;France
89450;ASQUINS;France
81340;ASSAC;France
80500;ASSAINVILLERS;France
79600;ASSAIS LES JUMEAUX;France
34820;ASSAS;France
64510;ASSAT;France
37120;ASSAY;France
53600;ASSE LE BERENGER;France
72130;ASSE LE BOISNE;France
72170;ASSE LE RIBOUL;France
10320;ASSENAY;France
10220;ASSENCIERES;France
57810;ASSENONCOURT;France
44410;ASSERAC;France
59600;ASSEVENT;France
80200;ASSEVILLERS;France
46320;ASSIER;France
38150;ASSIEU;France
34360;ASSIGNAN;France
18260;ASSIGNY;France
76630;ASSIGNY;France
02270;ASSIS SUR SERRE;France
64800;ASSON;France
67320;ASSWILLER;France
47220;ASTAFFORT;France
19120;ASTAILLAC;France
65200;ASTE;France
64260;ASTE BEON;France
07330;ASTET;France
53230;ASTILLE;France
64450;ASTIS;France
04250;ASTOIN;France
09310;ASTON;France
65200;ASTUGUE;France
21130;ATHEE;France
53400;ATHEE;France
37270;ATHEE SUR CHER;France
70110;ATHESANS ETROITEFONTAINE;France
21500;ATHIE;France
89440;ATHIE;France
54370;ATHIENVILLE;France
62223;ATHIES;France
80200;ATHIES;France
02840;ATHIES SOUS LAON;France
51150;ATHIS;France
61430;ATHIS DE L ORNE;France
91200;ATHIS MONS;France
64390;ATHOS ASPIS;France
25580;ATHOSE;France
95570;ATTAINVILLE;France
52130;ATTANCOURT;France
68220;ATTENSCHWILLER;France
59551;ATTICHES;France
60350;ATTICHY;France
01340;ATTIGNAT;France
73610;ATTIGNAT ONCIN;France
88300;ATTIGNEVILLE;France
08130;ATTIGNY;France
88260;ATTIGNY;France
57170;ATTILLONCOURT;France
02490;ATTILLY;France
62170;ATTIN;France
54700;ATTON;France
45170;ATTRAY;France
70100;ATTRICOURT;France
24750;ATUR;France
40700;AUBAGNAN;France
13400;AUBAGNE;France
21360;AUBAINE;France
30250;AUBAIS;France
65350;AUBAREDE;France
24290;AUBAS;France
43380;AUBAZAT;France
19190;AUBAZINES;France
57580;AUBE;France
61270;AUBE;France
76390;AUBEGUIMONT;France
07200;AUBENAS;France
04110;AUBENAS LES ALPES;France
26340;AUBENASSON;France
59265;AUBENCHEUL AU BAC;France
02420;AUBENCHEUL AUX BOIS;France
02500;AUBENTON;France
77720;AUBEPIERRE OZOUER LE REPOS;France
52210;AUBEPIERRE SUR AUBE;France
59165;AUBERCHICOURT;France
80110;AUBERCOURT;France
78410;AUBERGENVILLE;France
51600;AUBERIVE;France
52160;AUBERIVE;France
38680;AUBERIVES EN ROYANS;France
38550;AUBERIVES SUR VAREZE;France
76340;AUBERMESNIL AUX ERABLES;France
76550;AUBERMESNIL BEAUMAIS;France
59249;AUBERS;France
70190;AUBERTANS;France
64290;AUBERTIN;France
14640;AUBERVILLE;France
76170;AUBERVILLE LA CAMPAGNE;France
76450;AUBERVILLE LA MANUEL;France
76110;AUBERVILLE LA RENAULT;France
93300;AUBERVILLIERS;France
10150;AUBETERRE;France
16390;AUBETERRE SUR DRONNE;France
16250;AUBEVILLE;France
27940;AUBEVOYE;France
33430;AUBIAC;France
47310;AUBIAC;France
63260;AUBIAT;France
33240;AUBIE ET ESPESSAS;France
63170;AUBIERE;France
32270;AUBIET;France
84810;AUBIGNAN;France
07400;AUBIGNAS;France
35250;AUBIGNE;France
79110;AUBIGNE;France
72800;AUBIGNE RACAN;France
49540;AUBIGNE SUR LAYON;France
70140;AUBIGNEY;France
04200;AUBIGNOSC;France
03460;AUBIGNY;France
14700;AUBIGNY;France
79390;AUBIGNY;France
80800;AUBIGNY;France
85430;AUBIGNY;France
59265;AUBIGNY AU BAC;France
02590;AUBIGNY AUX KAISNES;France
62690;AUBIGNY EN ARTOIS;France
02820;AUBIGNY EN LAONNOIS;France
21170;AUBIGNY EN PLAINE;France
21340;AUBIGNY LA RONCE;France
08150;AUBIGNY LES POTHEES;France
21540;AUBIGNY LES SOMBERNON;France
18700;AUBIGNY SUR NERE;France
51170;AUBILLY;France
12110;AUBIN;France
64230;AUBIN;France
62140;AUBIN ST VAAST;France
18220;AUBINGES;France
08270;AUBONCOURT VAUZELLES;France
25520;AUBONNE;France
30620;AUBORD;France
54580;AUBOUE;France
64330;AUBOUS;France
12470;AUBRAC;France
26110;AUBRES;France
55120;AUBREVILLE;France
08320;AUBRIVES;France
62390;AUBROMETZ;France
59494;AUBRY DU HAINAUT;France
61160;AUBRY EN EXMES;France
61120;AUBRY LE PANTHOU;France
68150;AUBURE;France
30190;AUBUSSARGUES;France
23200;AUBUSSON;France
61100;AUBUSSON;France
63120;AUBUSSON D AUVERGNE;France
80110;AUBVILLERS;France
59950;AUBY;France
22100;AUCALEUC;France
31140;AUCAMVILLE;France
82600;AUCAMVILLE;France
09800;AUCAZEIN;France
26340;AUCELON;France
50170;AUCEY LA PLAINE;France
32000;AUCH;France
62260;AUCHEL;France
80560;AUCHONVILLERS;France
62190;AUCHY AU BOIS;France
60360;AUCHY LA MONTAGNE;France
62770;AUCHY LES HESDIN;France
62138;AUCHY LES MINES;France
59310;AUCHY LEZ ORCHIES;France
65400;AUCUN;France
64190;AUDAUX;France
64170;AUDEJOS;France
39700;AUDELANGE;France
52240;AUDELONCOURT;France
62250;AUDEMBERT;France
59540;AUDENCOURT;France
33980;AUDENGE;France
50440;AUDERVILLE;France
03190;AUDES;France
25170;AUDEUX;France
45300;AUDEVILLE;France
29770;AUDIERNE;France
02300;AUDIGNICOURT;France
59570;AUDIGNIES;France
40500;AUDIGNON;France
02120;AUDIGNY;France
09200;AUDINAC LES BAINS;France
25400;AUDINCOURT;France
62560;AUDINCTHUN;France
62179;AUDINGHEN;France
40400;AUDON;France
50480;AUDOUVILLE LA HUBERT;France
62890;AUDREHEM;France
09800;AUDRESSEIN;France
62164;AUDRESSELLES;France
14250;AUDRIEU;France
24260;AUDRIX;France
62370;AUDRUICQ;France
54560;AUDUN LE ROMAN;France
57390;AUDUN LE TICHE;France
67480;AUENHEIM;France
78610;AUFFARGIS;France
76720;AUFFAY;France
77570;AUFFERVILLE;France
78930;AUFFREVILLE BRASSEUIL;France
08370;AUFLANCE;France
64450;AUGA;France
56800;AUGAN;France
08380;AUGE;France
16170;AUGE;France
23170;AUGE;France
79400;AUGE;France
16170;AUGE ST MEDARD;France
39190;AUGEA;France
60800;AUGER ST VINCENT;France
39380;AUGERANS;France
23210;AUGERES;France
63930;AUGEROLLES;France
77560;AUGERS EN BRIE;France
45330;AUGERVILLE LA RIVIERE;France
04310;AUGES;France
52270;AUGEVILLE;France
70500;AUGICOURT;France
24300;AUGIGNAC;France
09800;AUGIREIN;France
39270;AUGISEY;France
63340;AUGNAT;France
32120;AUGNAX;France
87120;AUGNE;France
57685;AUGNY;France
61270;AUGUAISE;France
02220;AUGY;France
89290;AUGY;France
18600;AUGY SUR AUBOIS;France
17770;AUJAC;France
30450;AUJAC;France
32300;AUJAN MOURNEDE;France
30250;AUJARGUES;France
52190;AUJEURRES;France
46090;AUJOLS;France
26570;AULAN;France
30120;AULAS;France
63500;AULHAT ST PRIVAT;France
20116;AULLENE;France
63510;AULNAT;France
10240;AULNAY;France
17470;AULNAY;France
86330;AULNAY;France
51130;AULNAY AUX PLANCHES;France
51240;AULNAY L AITRE;France
45390;AULNAY LA RIVIERE;France
93600;AULNAY SOUS BOIS;France
27180;AULNAY SUR ITON;France
51150;AULNAY SUR MARNE;France
78126;AULNAY SUR MAULDRE;France
51130;AULNIZEUX;France
88300;AULNOIS;France
55170;AULNOIS EN PERTHOIS;France
02000;AULNOIS SOUS LAON;France
55200;AULNOIS SOUS VERTUZEY;France
57590;AULNOIS SUR SEILLE;France
77120;AULNOY;France
59300;AULNOY LEZ VALENCIENNES;France
52160;AULNOY SUR AUBE;France
59620;AULNOYE AYMERIES;France
23210;AULON;France
31420;AULON;France
65440;AULON;France
09310;AULOS;France
80460;AULT;France
09140;AULUS LES BAINS;France
70190;AULX LES CROMARY;France
17770;AUMAGNE;France
76390;AUMALE;France
80140;AUMATRE;France
34230;AUMELAS;France
51110;AUMENANCOURT;France
62550;AUMERVAL;France
34530;AUMES;France
30770;AUMESSAS;France
57710;AUMETZ;France
50630;AUMEVILLE LESTRE;France
39800;AUMONT;France
80640;AUMONT;France
48130;AUMONT AUBRAC;France
60300;AUMONT EN HALATTE;France
88640;AUMONTZEY;France
39410;AUMUR;France
16460;AUNAC;France
11140;AUNAT;France
58110;AUNAY EN BAZOIS;France
61500;AUNAY LES BOIS;France
28700;AUNAY SOUS AUNEAU;France
28500;AUNAY SOUS CRECY;France
14260;AUNAY SUR ODON;France
28700;AUNEAU;France
60390;AUNEUIL;France
61200;AUNOU LE FAUCON;France
61500;AUNOU SUR ORNE;France
76730;AUPPEGARD;France
83630;AUPS;France
14140;AUQUAINVILLE;France
76630;AUQUEMESNIL;France
32600;AURADE;France
47140;AURADOU;France
31190;AURAGNE;France
56400;AURAY;France
08400;AURE;France
43110;AUREC SUR LOIRE;France
87220;AUREIL;France
40200;AUREILHAN;France
65800;AUREILHAN;France
13930;AUREILLE;France
26340;AUREL;France
84390;AUREL;France
12130;AURELLE VERLAC;France
32400;AURENSAN;France
65390;AURENSAN;France
31320;AUREVILLE;France
11330;AURIAC;France
19220;AURIAC;France
64450;AURIAC;France
24320;AURIAC DE BOURZAC;France
24290;AURIAC DU PERIGORD;France
15500;AURIAC L EGLISE;France
12120;AURIAC LAGAST;France
47120;AURIAC SUR DROPT;France
31460;AURIAC SUR VENDINELLE;France
23400;AURIAT;France
31190;AURIBAIL;France
04380;AURIBEAU;France
84400;AURIBEAU;France
06810;AURIBEAU SUR SIAGNE;France
40500;AURICE;France
65700;AURIEBAT;France
63210;AURIERES;France
31420;AURIGNAC;France
15000;AURILLAC;France
32450;AURIMONT;France
31570;AURIN;France
13390;AURIOL;France
07120;AURIOLLES;France
33790;AURIOLLES;France
64350;AURIONS IDERNES;France
38142;AURIS;France
06660;AURON;France
13121;AURONS;France
33124;AUROS;France
03460;AUROUER;France
48600;AUROUX;France
81600;AUSSAC;France
16560;AUSSAC VADALLE;France
31260;AUSSEING;France
64230;AUSSEVIELLE;France
81200;AUSSILLON;France
73500;AUSSOIS;France
31210;AUSSON;France
08310;AUSSONCE;France
31840;AUSSONNE;France
32140;AUSSOS;France
64130;AUSSURUCQ;France
41240;AUTAINVILLE;France
25110;AUTECHAUX;France
25150;AUTECHAUX ROIDE;France
31190;AUTERIVE;France
32550;AUTERIVE;France
82500;AUTERIVE;France
64270;AUTERRIVE;France
70180;AUTET;France
60390;AUTEUIL;France
78770;AUTEUIL;France
64390;AUTEVIELLE ST MARTIN BIDEREN;France
08240;AUTHE;France
28220;AUTHEUIL;France
61190;AUTHEUIL;France
27490;AUTHEUIL AUTHOUILLET;France
60890;AUTHEUIL EN VALOIS;France
80600;AUTHEUX;France
27420;AUTHEVERNES;France
63730;AUTHEZAT;France
14280;AUTHIE;France
80560;AUTHIE;France
80600;AUTHIEULE;France
76690;AUTHIEUX RATIEVILLE;France
58700;AUTHIOU;France
70190;AUTHOISON;France
04200;AUTHON;France
41310;AUTHON;France
28330;AUTHON DU PERCHE;France
17770;AUTHON EBEON;France
91410;AUTHON LA PLAINE;France
27290;AUTHOU;France
27490;AUTHOUILLET;France
80300;AUTHUILLE;France
39100;AUTHUME;France
71270;AUTHUMES;France
26400;AUTICHAMP;France
34480;AUTIGNAC;France
76740;AUTIGNY;France
88300;AUTIGNY LA TOUR;France
52300;AUTIGNY LE GRAND;France
52300;AUTIGNY LE PETIT;France
62610;AUTINGUES;France
46400;AUTOIRE;France
70700;AUTOREILLE;France
78770;AUTOUILLET;France
43450;AUTRAC;France
38880;AUTRANS;France
37110;AUTRECHE;France
90140;AUTRECHENE;France
60350;AUTRECHES;France
08210;AUTRECOURT ET POURRON;France
55120;AUTRECOURT SUR AIRE;France
02250;AUTREMENCOURT;France
54450;AUTREPIERRE;France
02580;AUTREPPES;France
76190;AUTRETOT;France
02300;AUTREVILLE;France
88300;AUTREVILLE;France
55700;AUTREVILLE ST LAMBERT;France
52120;AUTREVILLE SUR LA RENNE;France
54380;AUTREVILLE SUR MOSELLE;France
54160;AUTREY;France
88700;AUTREY;France
70110;AUTREY LE VAY;France
70110;AUTREY LES CERRE;France
70100;AUTREY LES GRAY;France
21570;AUTRICOURT;France
08240;AUTRUCHE;France
45480;AUTRUY SUR JUINE;France
08250;AUTRY;France
03210;AUTRY ISSARDS;France
45500;AUTRY LE CHATEL;France
71400;AUTUN;France
82220;AUTY;France
06260;AUVARE;France
51800;AUVE;France
27250;AUVERGNY;France
91830;AUVERNAUX;France
43300;AUVERS;France
50500;AUVERS;France
72300;AUVERS LE HAMON;France
72540;AUVERS SOUS MONTFAUCON;France
91580;AUVERS ST GEORGES;France
95430;AUVERS SUR OISE;France
49490;AUVERSE;France
70100;AUVET ET LA CHAPELOTTE;France
82340;AUVILLAR;France
14340;AUVILLARS;France
21250;AUVILLARS SUR SAONE;France
08260;AUVILLERS LES FORGES;France
76270;AUVILLIERS;France
45270;AUVILLIERS EN GATINAIS;France
32170;AUX AUSSAT;France
60000;AUX MARAIS;France
50500;AUXAIS;France
39700;AUXANGE;France
21360;AUXANT;France
90200;AUXELLES BAS;France
90200;AUXELLES HAUT;France
89000;AUXERRE;France
21190;AUXEY DURESSES;France
62390;AUXI LE CHATEAU;France
48500;AUXILLAC;France
10130;AUXON;France
70000;AUXON;France
25870;AUXON DESSOUS;France
25870;AUXON DESSUS;France
21130;AUXONNE;France
45340;AUXY;France
71400;AUXY;France
88140;AUZAINVILLIERS;France
23700;AUZANCES;France
31360;AUZAS;France
09220;AUZAT;France
63570;AUZAT SUR ALLIER;France
85200;AUZAY;France
76190;AUZEBOSC;France
55800;AUZECOURT;France
63590;AUZELLES;France
15240;AUZERS;France
04140;AUZET;France
55120;AUZEVILLE EN ARGONNE;France
31320;AUZEVILLE TOLOSANE;France
31650;AUZIELLE;France
12390;AUZITS;France
43390;AUZON;France
37110;AUZOUER EN TOURAINE;France
76640;AUZOUVILLE AUBERBOSC;France
76760;AUZOUVILLE L ESNEVAL;France
76116;AUZOUVILLE SUR RY;France
76730;AUZOUVILLE SUR SAANE;France
86530;AVAILLES EN CHATELLERAULT;France
86460;AVAILLES LIMOUZINE;France
79170;AVAILLES SUR CHIZE;France
35130;AVAILLES SUR SEICHE;France
79600;AVAILLES THOUARSAIS;France
65240;AVAJAN;France
89200;AVALLON;France
05230;AVANCON;France
08300;AVANCON;France
25720;AVANNE AVENEY;France
10400;AVANT LES MARCILLY;France
10240;AVANT LES RAMERUPT;France
86170;AVANTON;France
20225;AVAPESSA;France
41500;AVARAY;France
08190;AVAUX;France
69610;AVEIZE;France
42330;AVEIZIEUX;France
21120;AVELANGES;France
80270;AVELESGES;France
59710;AVELIN;France
80300;AVELUY;France
69430;AVENAS;France
14210;AVENAY;France
51160;AVENAY VAL D OR;France
34260;AVENE;France
25720;AVENEY;France
67370;AVENHEIM;France
32120;AVENSAC;France
33480;AVENSAN;France
65660;AVENTIGNAN;France
65380;AVERAN;France
62127;AVERDOINGT;France
41330;AVERDON;France
03000;AVERMES;France
95450;AVERNES;France
61310;AVERNES SOUS EXMES;France
61470;AVERNES ST GOURGON;France
32290;AVERON BERGELLE;France
53700;AVERTON;France
59440;AVESNELLES;France
62650;AVESNES;France
80140;AVESNES CHAUSSOY;France
76220;AVESNES EN BRAY;France
72260;AVESNES EN SAOSNOIS;France
76630;AVESNES EN VAL;France
62810;AVESNES LE COMTE;France
59296;AVESNES LE SEC;France
59129;AVESNES LES AUBERT;France
62450;AVESNES LES BAPAUME;France
59440;AVESNES SUR HELPE;France
44460;AVESSAC;France
72350;AVESSE;France
65370;AVEUX;France
65130;AVEZAC PRAT LAHITTE;France
32380;AVEZAN;France
30120;AVEZE;France
63690;AVEZE;France
72400;AVEZE;France
74570;AVIERNOZ;France
84000;AVIGNON;France
39200;AVIGNON LES ST CLAUDE;France
38650;AVIGNONET;France
31290;AVIGNONET LAURAGAIS;France
54490;AVILLERS;France
88500;AVILLERS;France
55210;AVILLERS STE CROIX;France
25680;AVILLEY;France
60300;AVILLY ST LEONARD;France
62210;AVION;France
55600;AVIOTH;France
49500;AVIRE;France
10340;AVIREY LINGEY;France
27930;AVIRON;France
51190;AVIZE;France
55270;AVOCOURT;France
37420;AVOINE;France
61150;AVOINE;France
72430;AVOISE;France
67120;AVOLSHEIM;France
77210;AVON;France
79800;AVON;France
10290;AVON LA PEZE;France
37220;AVON LES ROCHES;France
62310;AVONDANCE;France
18520;AVORD;France
74110;AVORIAZ;France
21350;AVOSNES;France
21580;AVOT;France
25690;AVOUDREY;France
52130;AVRAINVILLE;France
54385;AVRAINVILLE;France
88130;AVRAINVILLE;France
91630;AVRAINVILLE;France
50300;AVRANCHES;France
88630;AVRANVILLE;France
60130;AVRECHY;France
52140;AVRECOURT;France
58170;AVREE;France
74350;AVREGNY;France
76730;AVREMESNIL;France
73240;AVRESSIEUX;France
10130;AVREUIL;France
54450;AVRICOURT;France
57810;AVRICOURT;France
60310;AVRICOURT;France
73500;AVRIEUX;France
70150;AVRIGNEY VIREY;France
60190;AVRIGNY;France
54150;AVRIL;France
58300;AVRIL SUR LOIRE;France
49240;AVRILLE;France
85440;AVRILLE;France
37340;AVRILLE LES PONCEAUX;France
03130;AVRILLY;France
27240;AVRILLY;France
61700;AVRILLY;France
89600;AVROLLES;France
62560;AVROULT;France
17800;AVY;France
59400;AWOINGT;France
09110;AX LES THERMES;France
11140;AXAT;France
09250;AXIAT;France
51160;AY;France
57300;AY SUR MOSELLE;France
63390;AYAT SUR SIOULE;France
63970;AYDAT;France
64330;AYDIE;France
64490;AYDIUS;France
88600;AYDOILLES;France
19310;AYEN;France
80500;AYENCOURT LE MONCHEL;France
62116;AYETTE;France
83400;AYGUADE CEINTURON;France
66360;AYGUATEBIA TALAU;France
33640;AYGUEMORTE LES GRAVES;France
31450;AYGUESVIVES;France
32410;AYGUETINTE;France
64240;AYHERRE;France
73470;AYN;France
46120;AYNAC;France
15250;AYRENS;France
86190;AYRON;France
65400;AYROS ARBOUIX;France
74130;AYSE;France
12430;AYSSENES;France
17440;AYTRE;France
65400;AYZAC OST;France
32800;AYZIEU;France
55150;AZANNES ET SOUMAZANNES;France
31380;AZAS;France
23210;AZAT CHATENET;France
87360;AZAT LE RIS;France
79400;AZAY LE BRULE;France
36290;AZAY LE FERRON;France
37190;AZAY LE RIDEAU;France
37270;AZAY SUR CHER;France
37310;AZAY SUR INDRE;France
79130;AZAY SUR THOUET;France
41100;AZE;France
53200;AZE;France
71260;AZE;France
54210;AZELOT;France
23160;AZERABLES;France
54122;AZERAILLES;France
24210;AZERAT;France
43390;AZERAT;France
65380;AZEREIX;France
65170;AZET;France
50310;AZEVILLE;France
34210;AZILLANET;France
11700;AZILLE;France
20190;AZILONE AMPAZA;France
62310;AZINCOURT;France
69790;AZOLETTE;France
57810;AZOUDANGE;France
40140;AZUR;France
18220;AZY;France
58240;AZY LE VIF;France
02400;AZY SUR MARNE;France
20121;AZZANA;France
55700;BAALON;France
08430;BAALONS;France
34360;BABEAU BOULDOUX;France
60400;BABOEUF;France
77480;BABY;France
54120;BACCARAT;France
45130;BACCON;France
46230;BACH;France
59138;BACHANT;France
31420;BACHAS;France
60240;BACHIVILLERS;France
31440;BACHOS;France
59830;BACHY;France
50530;BACILLY;France
51400;BACONNES;France
60120;BACOUEL;France
80480;BACOUEL SUR SELLE;France
57590;BACOURT;France
27930;BACQUEPUIS;France
27440;BACQUEVILLE;France
76730;BACQUEVILLE EN CAUX;France
15800;BADAILHAC;France
48000;BADAROUX;France
36200;BADECON LE PIN;France
24390;BADEFOLS D ANS;France
24150;BADEFOLS SUR DORDOGNE;France
56870;BADEN;France
11800;BADENS;France
25490;BADEVEL;France
38300;BADINIERES;France
54120;BADMENIL;France
88330;BADMENIL AUX BOIS;France
54540;BADONVILLER;France
55130;BADONVILLIERS GERAUVILLIERS;France
67320;BAERENDORF;France
57230;BAERENTHAL;France
63600;BAFFIE;France
30140;BAGARD;France
33190;BAGAS;France
46800;BAGAT EN QUERCY;France
01380;BAGE LA VILLE;France
01380;BAGE LE CHATEL;France
09160;BAGERT;France
11100;BAGES;France
66670;BAGES;France
31510;BAGIRY;France
46270;BAGNAC SUR CELE;France
89190;BAGNEAUX;France
77167;BAGNEAUX SUR LOING;France
65200;BAGNERES DE BIGORRE;France
31110;BAGNERES DE LUCHON;France
02290;BAGNEUX;France
03460;BAGNEUX;France
36210;BAGNEUX;France
49400;BAGNEUX;France
51260;BAGNEUX;France
54170;BAGNEUX;France
79290;BAGNEUX;France
92220;BAGNEUX;France
10340;BAGNEUX LA FOSSE;France
17160;BAGNIZEAU;France
11600;BAGNOLES;France
61140;BAGNOLES DE L ORNE;France
93170;BAGNOLET;France
63810;BAGNOLS;France
69620;BAGNOLS;France
83600;BAGNOLS EN FORET;France
48190;BAGNOLS LES BAINS;France
30200;BAGNOLS SUR CEZE;France
21700;BAGNOT;France
35120;BAGUER MORVAN;France
35120;BAGUER PICAN;France
66540;BAHO;France
40320;BAHUS SOUBIRAN;France
28140;BAIGNEAUX;France
33760;BAIGNEAUX;France
41290;BAIGNEAUX;France
70000;BAIGNES;France
16360;BAIGNES STE RADEGONDE;France
21450;BAIGNEUX LES JUIFS;France
28150;BAIGNOLET;France
40380;BAIGTS;France
64300;BAIGTS DE BEARN;France
34670;BAILLARGUES;France
35460;BAILLE;France
28320;BAILLEAU ARMENONVILLE;France
28300;BAILLEAU L EVEQUE;France
28120;BAILLEAU LE PIN;France
66320;BAILLESTAVY;France
95560;BAILLET EN FRANCE;France
59270;BAILLEUL;France
61160;BAILLEUL;France
80490;BAILLEUL;France
62127;BAILLEUL AUX CORNAILLES;France
27260;BAILLEUL LA VALLEE;France
60190;BAILLEUL LE SOC;France
62550;BAILLEUL LES PERNES;France
76660;BAILLEUL NEUVILLE;France
62580;BAILLEUL SIR BERTHOULT;France
60930;BAILLEUL SUR THERAIN;France
62123;BAILLEULMONT;France
62123;BAILLEULVAL;France
60140;BAILLEVAL;France
76660;BAILLOLET;France
41170;BAILLOU;France
60170;BAILLY;France
78870;BAILLY;France
52130;BAILLY AUX FORGES;France
77720;BAILLY CARROIS;France
76630;BAILLY EN RIVIERE;France
10330;BAILLY LE FRANC;France
77700;BAILLY ROMAINVILLIERS;France
35470;BAIN DE BRETAGNE;France
62360;BAINCTHUN;France
62850;BAINGHEN;France
43370;BAINS;France
88240;BAINS LES BAINS;France
35600;BAINS SUR OUST;France
54290;BAINVILLE AUX MIROIRS;France
88270;BAINVILLE AUX SAULES;France
54550;BAINVILLE SUR MADON;France
06420;BAIROLS;France
35680;BAIS;France
53160;BAIS;France
59780;BAISIEUX;France
52250;BAISSEY;France
59132;BAIVES;France
07210;BAIX;France
66390;BAIXAS;France
80300;BAIZIEUX;France
47480;BAJAMONT;France
32120;BAJONNETTE;France
62150;BAJUS;France
09800;BALACET;France
46600;BALADOU;France
60250;BALAGNY SUR THERAIN;France
09800;BALAGUE;France
09800;BALAGUERES;France
12260;BALAGUIER D OLT;France
12380;BALAGUIER SUR RANCE;France
39120;BALAISEAUX;France
08160;BALAIVES ET BUTZ;France
01360;BALAN;France
08200;BALAN;France
39160;BALANOD;France
64300;BALANSUN;France
17600;BALANZAC;France
34540;BALARUC LE VIEUX;France
34540;BALARUC LES BAINS;France
80700;BALATRE;France
35500;BALAZE;France
07120;BALAZUC;France
42510;BALBIGNY;France
38260;BALBINS;France
67310;BALBRONN;France
67600;BALDENHEIM;France
68390;BALDERSHEIM;France
64460;BALEIX;France
52200;BALESMES SUR MARNE;France
31580;BALESTA;France
47120;BALEYSSAGUES;France
68740;BALGAU;France
08190;BALHAM;France
82120;BALIGNAC;France
10330;BALIGNICOURT;France
27130;BALINES;France
62610;BALINGHEM;France
64330;BALIRACQ MAUMUSSON;France
64510;BALIROS;France
33730;BALIZAC;France
91160;BALIZY;France
91160;BALLAINVILLIERS;France
74140;BALLAISON;France
37510;BALLAN MIRE;France
91610;BALLANCOURT SUR ESSONNE;France
17160;BALLANS;France
08400;BALLAY;France
87290;BALLEDENT;France
53340;BALLEE;France
58130;BALLERAY;France
14490;BALLEROY;France
68210;BALLERSDORF;France
88170;BALLEVILLE;France
17290;BALLON;France
72290;BALLON;France
26560;BALLONS;France
71220;BALLORE;France
53350;BALLOTS;France
77118;BALLOY;France
31130;BALMA;France
74600;BALMONT;France
10210;BALNOT LA GRANGE;France
10110;BALNOT SUR LAIGNES;France
20160;BALOGNA;France
21330;BALOT;France
12510;BALSAC;France
68210;BALSCHWILLER;France
48000;BALSIEGES;France
68320;BALTZENHEIM;France
16430;BALZAC;France
59470;BAMBECQUE;France
57690;BAMBIDERSTROFF;France
88520;BAN DE LAVELINE;France
88210;BAN DE SAPT;France
88230;BAN SUR MEURTHE;France
88230;BAN SUR MEURTHE CLEFCY;France
48500;BANASSAC;France
09400;BANAT;France
64430;BANCA;France
02140;BANCIGNY;France
62450;BANCOURT;France
83150;BANDOL;France
01990;BANEINS;France
24150;BANEUIL;France
56360;BANGOR;France
12140;BANHARS;France
65200;BANIOS;France
23120;BANIZE;France
29380;BANNALEC;France
25560;BANNANS;France
18300;BANNAY;France
51270;BANNAY;France
57220;BANNAY;France
07460;BANNE;France
18210;BANNEGON;France
46400;BANNES;France
51230;BANNES;France
52360;BANNES;France
53340;BANNES;France
14940;BANNEVILLE LA CAMPAGNE;France
14260;BANNEVILLE SUR AJON;France
81500;BANNIERES;France
55300;BANNONCOURT;France
77970;BANNOST VILLEGAGNON;France
08220;BANOGNE RECOUVRANCE;France
04150;BANON;France
40500;BANOS;France
39380;BANS;France
63570;BANSAT;France
71500;BANTANGES;France
59266;BANTEUX;France
95420;BANTHELU;France
55110;BANTHEVILLE;France
59554;BANTIGNY;France
59266;BANTOUZELLE;France
68490;BANTZENHEIM;France
90800;BANVILLARS;France
14480;BANVILLE;France
61450;BANVOU;France
66300;BANYULS DELS ASPRES;France
66650;BANYULS SUR MER;France
89430;BAON;France
76190;BAONS LE COMTE;France
62450;BAPAUME;France
76380;BAPEAUME LES ROUEN;France
19800;BAR;France
55000;BAR LE DUC;France
08240;BAR LES BUZANCY;France
10200;BAR SUR AUBE;France
10110;BAR SUR SEINE;France
49430;BARACE;France
11410;BARAIGNE;France
36270;BARAIZE;France
62860;BARALLE;France
12160;BARAQUEVILLE;France
62124;BARASTRE;France
05200;BARATIER;France
65140;BARBACHEN;France
20253;BARBAGGIO;France
11800;BARBAIRA;France
08430;BARBAISE;France
54450;BARBAS;France
47230;BARBASTE;France
85630;BARBATRE;France
31510;BARBAZAN;France
65690;BARBAZAN DEBAT;France
65360;BARBAZAN DESSUS;France
44450;BARBECHAT;France
13570;BARBENTANE;France
73000;BARBERAZ;France
10180;BARBEREY AUX MOINES;France
10600;BARBEREY ST SULPICE;France
03140;BARBERIER;France
14220;BARBERY;France
60810;BARBERY;France
14400;BARBEVILLE;France
77130;BARBEY;France
88640;BARBEY SEROUX;France
16140;BARBEZIERES;France
16300;BARBEZIEUX ST HILAIRE;France
26300;BARBIERES;France
21410;BARBIREY SUR OUCHE;France
77630;BARBIZON;France
51120;BARBONNE FAYEL;France
02160;BARBONVAL;France
54360;BARBONVILLE;France
32150;BARBOTAN LES THERMES;France
10400;BARBUISE;France
08300;BARBY;France
73230;BARBY;France
27170;BARC;France
26120;BARCELONNE;France
32720;BARCELONNE DU GERS;France
04400;BARCELONNETTE;France
57830;BARCHAIN;France
20290;BARCHETTA;France
05110;BARCILLONNETTE;France
32170;BARCUGNAN;France
64130;BARCUS;France
77910;BARCY;France
42600;BARD;France
21430;BARD LE REGULIER;France
21460;BARD LES EPOISSES;France
70140;BARD LES PESMES;France
16210;BARDENAC;France
82340;BARDIGUES;France
64520;BARDOS;France
24560;BARDOU;France
76480;BARDOUVILLE;France
65120;BAREGES;France
65240;BAREILLES;France
67130;BAREMBACH;France
31440;BAREN;France
76360;BARENTIN;France
50720;BARENTON;France
02000;BARENTON BUGNY;France
02000;BARENTON CEL;France
02270;BARENTON SUR SERRE;France
39130;BARESIA SUR L AIN;France
50760;BARFLEUR;France
83840;BARGEME;France
83830;BARGEMON;France
21910;BARGES;France
43340;BARGES;France
70500;BARGES;France
60620;BARGNY;France
33190;BARIE;France
64160;BARINQUE;France
54170;BARISEY AU PLAIN;France
54170;BARISEY LA COTE;France
02700;BARISIS;France
71640;BARIZEY;France
09190;BARJAC;France
30430;BARJAC;France
48000;BARJAC;France
83670;BARJOLS;France
21580;BARJON;France
28630;BARJOUVILLE;France
04140;BARLES;France
65100;BARLEST;France
80200;BARLEUX;France
18260;BARLIEU;France
62620;BARLIN;France
62810;BARLY;France
80600;BARLY;France
28310;BARMAINVILLE;France
07330;BARNAS;France
26310;BARNAVE;France
71540;BARNAY;France
50270;BARNEVILLE CARTERET;France
14600;BARNEVILLE LA BERTRAN;France
27310;BARNEVILLE SUR SEINE;France
76260;BAROMESNIL;France
30700;BARON;France
33750;BARON;France
60300;BARON;France
71120;BARON;France
14210;BARON SUR ODON;France
57340;BARONVILLE;France
14620;BAROU EN AUGE;France
10200;BAROVILLE;France
27170;BARQUET;France
67140;BARR;France
03120;BARRAIS BUSSOLLES;France
32350;BARRAN;France
65240;BARRANCOUEU;France
04380;BARRAS;France
64390;BARRAUTE CAMU;France
38530;BARRAUX;France
81320;BARRE;France
48400;BARRE DES CEVENNES;France
04330;BARREME;France
16300;BARRET;France
26570;BARRET DE LIOURE;France
05300;BARRET LE BAS;France
39800;BARRETAINE;France
20228;BARRETTALI;France
15700;BARRIAC LES BOSQUETS;France
08240;BARRICOURT;France
16700;BARRO;France
69440;BARROT;France
37350;BARROU;France
65380;BARRY;France
82290;BARRY D ISLEMADE;France
24210;BARS;France
32300;BARS;France
26150;BARSAC;France
33720;BARSAC;France
57450;BARST;France
25420;BART;France
68870;BARTENHEIM;France
68870;BARTENHEIM LA CHAUSSEE;France
65230;BARTHE;France
25440;BARTHERANS;France
65100;BARTRES;France
27230;BARVILLE;France
61170;BARVILLE;France
88300;BARVILLE;France
45340;BARVILLE EN GATINAIS;France
17120;BARZAN;France
64530;BARZUN;France
02170;BARZY EN THIERACHE;France
02850;BARZY SUR MARNE;France
38290;BAS DE BONCE;France
43210;BAS EN BASSET;France
63310;BAS ET LEZAT;France
59440;BAS LIEU;France
40500;BAS MAUCO;France
40090;BASCONS;France
32190;BASCOUS;France
54620;BASLIEUX;France
51170;BASLIEUX LES FISMES;France
51700;BASLIEUX SOUS CHATILLON;France
14610;BASLY;France
16120;BASSAC;France
34290;BASSAN;France
33190;BASSANNE;France
44115;BASSE GOULAINE;France
57970;BASSE HAM;France
44610;BASSE INDRE;France
57570;BASSE RENTGEN;France
88120;BASSE SUR LE RUPT;France
67220;BASSEMBERG;France
14670;BASSENEVILLE;France
33530;BASSENS;France
73000;BASSENS;France
40700;BASSERCLES;France
86200;BASSES;France
62123;BASSEUX;France
77750;BASSEVELLE;France
15240;BASSIGNAC;France
19430;BASSIGNAC LE BAS;France
19220;BASSIGNAC LE HAUT;France
70800;BASSIGNEY;France
24330;BASSILLAC;France
64350;BASSILLON VAUZE;France
59111;BASSIN ROND;France
57260;BASSING;France
02380;BASSOLES AULERS;France
52240;BASSONCOURT;France
89400;BASSOU;France
32320;BASSOUES;France
51300;BASSU;France
51300;BASSUET;France
48400;BASSURELS;France
64200;BASSUSSARRY;France
74910;BASSY;France
64190;BASTANES;France
20119;BASTELICA;France
20129;BASTELICACCIA;France
40360;BASTENNES;France
20200;BASTIA;France
13821;BASTIDONNE;France
23260;BASVILLE;France
54370;BATHELEMONT LES BAUZEMONT;France
26260;BATHERNAY;France
54980;BATILLY;France
61150;BATILLY;France
45340;BATILLY EN GATINAIS;France
45420;BATILLY EN PUISAYE;France
40320;BATS;France
65130;BATSERE;France
25640;BATTENANS LES MINES;France
25380;BATTENANS VARIN;France
68390;BATTENHEIM;France
88130;BATTEXEY;France
54115;BATTIGNY;France
70100;BATTRANS;France
44740;BATZ SUR MER;France
67500;BATZENDORF;France
21340;BAUBIGNY;France
56150;BAUD;France
51260;BAUDEMENT;France
71800;BAUDEMONT;France
40310;BAUDIGNAN;France
55130;BAUDIGNECOURT;France
83630;BAUDINARD SUR VERDON;France
70300;BAUDONCOURT;France
55170;BAUDONVILLIERS;France
50000;BAUDRE;France
52110;BAUDRECOURT;France
57580;BAUDRECOURT;France
64800;BAUDREIX;France
55260;BAUDREMONT;France
36110;BAUDRES;France
28310;BAUDREVILLE;France
50250;BAUDREVILLE;France
88500;BAUDRICOURT;France
71370;BAUDRIERES;France
83630;BAUDUEN;France
49150;BAUGE;France
18800;BAUGY;France
60113;BAUGY;France
71110;BAUGY;France
70160;BAULAY;France
45130;BAULE;France
21410;BAULME LA ROCHE;France
91590;BAULNE;France
02330;BAULNE EN BRIE;France
55270;BAULNY;France
35580;BAULON;France
09000;BAULOU;France
25110;BAUME LES DAMES;France
39210;BAUME LES MESSIEURS;France
49140;BAUNE;France
50500;BAUPTE;France
14260;BAUQUAY;France
33880;BAURECH;France
59221;BAUVIN;France
54370;BAUZEMONT;France
41250;BAUZY;France
25550;BAVANS;France
59570;BAVAY;France
80260;BAVELINCOURT;France
14860;BAVENT;France
39100;BAVERANS;France
90800;BAVILLIERS;France
59670;BAVINCHOVE;France
62158;BAVINCOURT;France
31310;BAX;France
08290;BAY;France
70150;BAY;France
52160;BAY SUR AUBE;France
24150;BAYAC;France
52170;BAYARD SUR MARNE;France
33230;BAYAS;France
29300;BAYE;France
51270;BAYE;France
58110;BAYE;France
88150;BAYECOURT;France
10310;BAYEL;France
80560;BAYENCOURT;France
62910;BAYENGHEM LES EPERLECQUES;France
62380;BAYENGHEM LES SENINGHEM;France
16460;BAYERS;France
03500;BAYET;France
14400;BAYEUX;France
54290;BAYON;France
33710;BAYON SUR GIRONDE;France
64100;BAYONNE;France
04250;BAYONS;France
08240;BAYONVILLE;France
54890;BAYONVILLE SUR MAD;France
80170;BAYONVILLERS;France
16210;BAZAC;France
36270;BAZAIGES;France
54620;BAZAILLES;France
78550;BAZAINVILLE;France
51110;BAZANCOURT;France
60380;BAZANCOURT;France
89460;BAZARNES;France
33430;BAZAS;France
17490;BAZAUGES;France
88270;BAZEGNEY;France
08140;BAZEILLES;France
55600;BAZEILLES SUR OTHAIN;France
23160;BAZELAT;France
78580;BAZEMONT;France
47130;BAZENS;France
80300;BAZENTIN;France
14480;BAZENVILLE;France
65460;BAZET;France
32320;BAZIAN;France
60700;BAZICOURT;France
31450;BAZIEGE;France
88700;BAZIEN;France
65140;BAZILLAC;France
27140;BAZINCOURT SUR EPTE;France
55170;BAZINCOURT SUR SAULX;France
62250;BAZINGHEN;France
76340;BAZINVAL;France
58190;BAZOCHES;France
61210;BAZOCHES AU HOULME;France
28140;BAZOCHES EN DUNOIS;France
77118;BAZOCHES LES BRAY;France
45480;BAZOCHES LES GALLERANDES;France
28140;BAZOCHES LES HAUTES;France
78490;BAZOCHES SUR GUYONNE;France
61560;BAZOCHES SUR HOENE;France
45210;BAZOCHES SUR LE BETZ;France
02220;BAZOCHES SUR VESLES;France
85130;BAZOGES EN PAILLERS;France
85390;BAZOGES EN PAREDS;France
88500;BAZOILLES ET MENIL;France
88300;BAZOILLES SUR MEUSE;France
58110;BAZOLLES;France
57530;BAZONCOURT;France
27230;BAZOQUES;France
65670;BAZORDAN;France
53170;BAZOUGERS;France
53200;BAZOUGES;France
35560;BAZOUGES LA PEROUSE;France
35630;BAZOUGES SOUS HEDE;France
72200;BAZOUGES SUR LE LOIR;France
59360;BAZUEL;France
32170;BAZUGUES;France
31380;BAZUS;France
65170;BAZUS AURE;France
65250;BAZUS NESTE;France
