80370;BEALCOURT;France
62770;BEALENCOURT;France
58160;BEARD;France
76440;BEAUBEC LA ROSIERE;France
71220;BEAUBERY;France
50270;BEAUBIGNY;France
77183;BEAUBOURG;France
27190;BEAUBRAY;France
30300;BEAUCAIRE;France
32410;BEAUCAIRE;France
80430;BEAUCAMPS LE JEUNE;France
80430;BEAUCAMPS LE VIEUX;France
59134;BEAUCAMPS LIGNY;France
35133;BEAUCE;France
65400;BEAUCENS;France
31360;BEAUCHALOT;France
95250;BEAUCHAMP;France
50320;BEAUCHAMPS;France
80770;BEAUCHAMPS;France
45270;BEAUCHAMPS SUR HUILLARD;France
52400;BEAUCHARMOY;France
07800;BEAUCHASTEL;France
28270;BEAUCHE;France
52260;BEAUCHEMIN;France
41170;BEAUCHENE;France
61800;BEAUCHENE;France
77560;BEAUCHERY ST MARTIN;France
55700;BEAUCLAIR;France
50420;BEAUCOUDRAY;France
90500;BEAUCOURT;France
80110;BEAUCOURT EN SANTERRE;France
80300;BEAUCOURT SUR L ANCRE;France
80260;BEAUCOURT SUR L HALLUE;France
49070;BEAUCOUZE;France
38140;BEAUCROISSANT;France
65710;BEAUDEAN;France
60210;BEAUDEDUIT;France
59530;BEAUDIGNIES;France
62810;BEAUDRICOURT;France
61270;BEAUFAI;France
72110;BEAUFAY;France
50150;BEAUFICEL;France
27480;BEAUFICEL EN LYONS;France
38970;BEAUFIN;France
31370;BEAUFORT;France
34210;BEAUFORT;France
38270;BEAUFORT;France
39190;BEAUFORT;France
59330;BEAUFORT;France
73270;BEAUFORT;France
62810;BEAUFORT BLAVINCOURT;France
55700;BEAUFORT EN ARGONNE;France
80170;BEAUFORT EN SANTERRE;France
49250;BEAUFORT EN VALLEE;France
26400;BEAUFORT SUR GERVANNE;France
85170;BEAUFOU;France
14340;BEAUFOUR;France
14340;BEAUFOUR DRUVAL;France
88300;BEAUFREMONT;France
47290;BEAUGAS;France
17620;BEAUGEAY;France
45190;BEAUGENCY;France
60640;BEAUGIES SOUS BOIS;France
58500;BEAUGY;France
04420;BEAUJEU;France
69430;BEAUJEU;France
70100;BEAUJEU ET QUITTEUR;France
61140;BEAULANDAIS;France
62450;BEAULENCOURT;France
07460;BEAULIEU;France
08380;BEAULIEU;France
14350;BEAULIEU;France
15270;BEAULIEU;France
21510;BEAULIEU;France
34160;BEAULIEU;France
36310;BEAULIEU;France
38470;BEAULIEU;France
58420;BEAULIEU;France
61190;BEAULIEU;France
63570;BEAULIEU;France
55250;BEAULIEU EN ARGONNE;France
60310;BEAULIEU LES FONTAINES;France
37600;BEAULIEU LES LOCHES;France
79300;BEAULIEU SOUS BRESSUIRE;France
85190;BEAULIEU SOUS LA ROCHE;France
79420;BEAULIEU SOUS PARTHENAY;France
19120;BEAULIEU SUR DORDOGNE;France
49750;BEAULIEU SUR LAYON;France
43800;BEAULIEU SUR LOIRE;France
45630;BEAULIEU SUR LOIRE;France
06310;BEAULIEU SUR MER;France
53320;BEAULIEU SUR OUDON;France
16450;BEAULIEU SUR SONNETTE;France
03230;BEAULON;France
14620;BEAUMAIS;France
32160;BEAUMARCHES;France
46240;BEAUMAT;France
02500;BEAUME;France
88600;BEAUMENIL;France
62170;BEAUMERIE ST MARTIN;France
84190;BEAUMES DE VENISE;France
14380;BEAUMESNIL;France
27410;BEAUMESNIL;France
84220;BEAUMETTES;France
80370;BEAUMETZ;France
62960;BEAUMETZ LES AIRE;France
62124;BEAUMETZ LES CAMBRAI;France
62123;BEAUMETZ LES LOGES;France
07110;BEAUMONT;France
19390;BEAUMONT;France
24440;BEAUMONT;France
32100;BEAUMONT;France
43100;BEAUMONT;France
54470;BEAUMONT;France
63110;BEAUMONT;France
74160;BEAUMONT;France
86490;BEAUMONT;France
89250;BEAUMONT;France
82500;BEAUMONT DE LOMAGNE;France
84120;BEAUMONT DE PERTUIS;France
77890;BEAUMONT DU GATINAIS;France
87120;BEAUMONT DU LAC;France
84340;BEAUMONT DU VENTOUX;France
08210;BEAUMONT EN ARGONNE;France
14950;BEAUMONT EN AUGE;France
02300;BEAUMONT EN BEINE;France
59540;BEAUMONT EN CAMBRESIS;France
26310;BEAUMONT EN DIOIS;France
37420;BEAUMONT EN VERON;France
50440;BEAUMONT HAGUE;France
80300;BEAUMONT HAMEL;France
58700;BEAUMONT LA FERRIERE;France
37360;BEAUMONT LA RONCE;France
76850;BEAUMONT LE HARENG;France
27170;BEAUMONT LE ROGER;France
28420;BEAUMONT LES AUTELS;France
60390;BEAUMONT LES NONAINS;France
63310;BEAUMONT LES RANDAN;France
26760;BEAUMONT LES VALENCE;France
26600;BEAUMONT MONTEUX;France
53290;BEAUMONT PIED DE BOEUF;France
72500;BEAUMONT PIED DE BOEUF;France
58270;BEAUMONT SARDOLLES;France
72340;BEAUMONT SUR DEME;France
71240;BEAUMONT SUR GROSNE;France
31870;BEAUMONT SUR LEZE;France
95260;BEAUMONT SUR OISE;France
72170;BEAUMONT SUR SARTHE;France
51360;BEAUMONT SUR VESLE;France
21310;BEAUMONT SUR VINGEANNE;France
37460;BEAUMONT VILLAGE;France
27170;BEAUMONTEL;France
70190;BEAUMOTTE AUBERTANS;France
70150;BEAUMOTTE LES PIN;France
51270;BEAUNAY;France
21200;BEAUNE;France
73140;BEAUNE;France
03390;BEAUNE D ALLIER;France
45340;BEAUNE LA ROLANDE;France
87280;BEAUNE LES MINES;France
43500;BEAUNE SUR ARZON;France
21510;BEAUNOTTE;France
01270;BEAUPONT;France
24400;BEAUPOUYET;France
49600;BEAUPREAU;France
31850;BEAUPUY;France
32600;BEAUPUY;France
47200;BEAUPUY;France
82600;BEAUPUY;France
80600;BEAUQUESNE;France
59730;BEAURAIN;France
62217;BEAURAINS;France
60400;BEAURAINS LES NOYON;France
62990;BEAURAINVILLE;France
13100;BEAURECUEIL;France
01480;BEAUREGARD;France
46260;BEAUREGARD;France
26300;BEAUREGARD BARET;France
24120;BEAUREGARD DE TERRASSON;France
24140;BEAUREGARD ET BASSAC;France
63116;BEAUREGARD L EVEQUE;France
63460;BEAUREGARD VENDON;France
38270;BEAUREPAIRE;France
60700;BEAUREPAIRE;France
76280;BEAUREPAIRE;France
85500;BEAUREPAIRE;France
71580;BEAUREPAIRE EN BRESSE;France
59550;BEAUREPAIRE SUR SAMBRE;France
02110;BEAUREVOIR;France
26310;BEAURIERES;France
02160;BEAURIEUX;France
59740;BEAURIEUX;France
24400;BEAURONNE;France
26240;BEAUSEMBLANT;France
55250;BEAUSITE;France
06240;BEAUSOLEIL;France
24340;BEAUSSAC;France
79370;BEAUSSAIS;France
76870;BEAUSSAULT;France
49410;BEAUSSE;France
31290;BEAUTEVILLE;France
77120;BEAUTHEIL;France
33640;BEAUTIRAN;France
02800;BEAUTOR;France
76890;BEAUTOT;France
44120;BEAUTOUR;France
61600;BEAUVAIN;France
60000;BEAUVAIS;France
17490;BEAUVAIS SUR MATHA;France
81630;BEAUVAIS SUR TESCOU;France
80630;BEAUVAL;France
76890;BEAUVAL EN CAUX;France
26800;BEAUVALLON;France
49140;BEAUVAU;France
07190;BEAUVENE;France
71270;BEAUVERNOIS;France
04370;BEAUVEZER;France
31460;BEAUVILLE;France
47470;BEAUVILLE;France
28150;BEAUVILLIERS;France
41290;BEAUVILLIERS;France
89630;BEAUVILLIERS;France
50170;BEAUVOIR;France
60120;BEAUVOIR;France
77390;BEAUVOIR;France
89240;BEAUVOIR;France
38440;BEAUVOIR DE MARC;France
76220;BEAUVOIR EN LYONS;France
38160;BEAUVOIR EN ROYANS;France
85230;BEAUVOIR SUR MER;France
79360;BEAUVOIR SUR NIORT;France
10340;BEAUVOIR SUR SARCE;France
62390;BEAUVOIR WAVANS;France
62130;BEAUVOIS;France
59157;BEAUVOIS EN CAMBRESIS;France
02590;BEAUVOIS EN VERMANDOIS;France
26170;BEAUVOISIN;France
30640;BEAUVOISIN;France
39120;BEAUVOISIN;France
43200;BEAUX;France
43590;BEAUZAC;France
31700;BEAUZELLE;France
47700;BEAUZIAC;France
57830;BEBING;France
68980;BEBLENHEIM;France
76110;BEC DE MORTAGNE;France
32730;BECCAS;France
79160;BECELEUF;France
54800;BECHAMPS;France
35190;BECHEREL;France
16250;BECHERESSE;France
57580;BECHY;France
49370;BECON LES GRANITS;France
26770;BECONNE;France
80300;BECORDEL BECOURT;France
62240;BECOURT;France
02110;BECQUIGNY;France
80500;BECQUIGNY;France
34600;BEDARIEUX;France
84370;BEDARRIDES;France
18370;BEDDES;France
32450;BEDECHAN;France
35137;BEDEE;France
09400;BEDEILHAC ET AYNAT;France
09230;BEDEILLE;France
64460;BEDEILLE;France
17210;BEDENAC;France
84410;BEDOIN;France
48400;BEDOUES;France
64490;BEDOUS;France
46100;BEDUER;France
18320;BEFFES;France
39270;BEFFIA;France
08250;BEFFU ET LE MORTHOMME;France
22300;BEG LEGUER SERVEL;France
40400;BEGAAR;France
33340;BEGADAN;France
56350;BEGANNE;France
22140;BEGARD;France
33130;BEGLES;France
29170;BEGMEIL;France
88270;BEGNECOURT;France
65190;BEGOLE;France
49122;BEGROLLES EN MAUGES;France
03800;BEGUES;France
33410;BEGUEY;France
64120;BEGUIOS;France
62121;BEHAGNIES;France
64120;BEHASQUE LAPISTE;France
80870;BEHEN;France
80260;BEHENCOURT;France
60400;BEHERICOURT;France
67370;BEHLENHEIM;France
64700;BEHOBIE;France
55000;BEHONNE;France
64220;BEHORLEGUY;France
78910;BEHOUST;France
57460;BEHREN LES FORBACH;France
49170;BEHUARD;France
56380;BEIGNON;France
72160;BEILLE;France
89800;BEINE;France
51490;BEINE NAUROY;France
67930;BEINHEIM;France
21310;BEIRE LE CHATEL;France
21110;BEIRE LE FORT;France
23260;BEISSAT;France
49520;BEL AIR;France
36370;BELABRE;France
21570;BELAN SUR OURCE;France
34230;BELARGA;France
46140;BELAYE;France
31450;BELBERAUD;France
82500;BELBESE;France
76240;BELBEUF;France
31450;BELBEZE DE LAURAGAIS;France
31260;BELBEZE EN COMMINGES;France
11340;BELCAIRE;France
12390;BELCASTEL;France
81500;BELCASTEL;France
11580;BELCASTEL ET BUC;France
13720;BELCODENE;France
09300;BELESTA;France
66720;BELESTA;France
31540;BELESTA EN LAURAGAIS;France
24140;BELEYMAS;France
70290;BELFAHY;France
25470;BELFAYS;France
11410;BELFLOU;France
61500;BELFONDS;France
90000;BELFORT;France
46230;BELFORT DU QUERCY;France
11140;BELFORT SUR REBENTY;France
53440;BELGEARD;France
83210;BELGENTIER;France
20226;BELGODERE;France
40410;BELHADE;France
28240;BELHOMERT GUEHOUVILLE;France
33830;BELIET;France
01360;BELIGNEUX;France
33830;BELIN BELIET;France
40120;BELIS;France
87300;BELLAC;France
04250;BELLAFFAIRE;France
59135;BELLAING;France
80132;BELLANCOURT;France
57340;BELLANGE;France
61360;BELLAVILLIERS;France
60540;BELLE EGLISE;France
62142;BELLE ET HOULLEFORT;France
22810;BELLE ISLE EN TERRE;France
57800;BELLE ROCHE;France
02400;BELLEAU;France
54610;BELLEAU;France
33760;BELLEBAT;France
62142;BELLEBRUNE;France
19290;BELLECHASSAGNE;France
89210;BELLECHAUME;France
39310;BELLECOMBE;France
73340;BELLECOMBE EN BAUGES;France
26110;BELLECOMBE TARENDOL;France
21490;BELLEFOND;France
33760;BELLEFOND;France
86210;BELLEFONDS;France
39400;BELLEFONTAINE;France
50520;BELLEFONTAINE;France
88370;BELLEFONTAINE;France
95270;BELLEFONTAINE;France
67130;BELLEFOSSE;France
30127;BELLEGARDE;France
32140;BELLEGARDE;France
45270;BELLEGARDE;France
81430;BELLEGARDE;France
11240;BELLEGARDE DU RAZES;France
26470;BELLEGARDE EN DIOIS;France
42210;BELLEGARDE EN FOREZ;France
23190;BELLEGARDE EN MARCHE;France
38270;BELLEGARDE POUSSIEU;France
31530;BELLEGARDE STE MARIE;France
01200;BELLEGARDE SUR VALSERINE;France
25380;BELLEHERBE;France
68210;BELLEMAGNY;France
61130;BELLEME;France
03330;BELLENAVES;France
76680;BELLENCOMBRE;France
21310;BELLENEUVE;France
02420;BELLENGLISE;France
14370;BELLENGREVILLE;France
76630;BELLENGREVILLE;France
21510;BELLENOD SUR SEINE;France
21320;BELLENOT SOUS POUILLY;France
73210;BELLENTRE;France
55100;BELLERAY;France
03700;BELLERIVE SUR ALLIER;France
42670;BELLEROCHE;France
57930;BELLES FORETS;France
81540;BELLESERRE;France
31480;BELLESSERRE;France
02200;BELLEU;France
80160;BELLEUSE;France
74470;BELLEVAUX;France
71270;BELLEVESVRE;France
54940;BELLEVILLE;France
69220;BELLEVILLE;France
79360;BELLEVILLE;France
76890;BELLEVILLE EN CAUX;France
08240;BELLEVILLE ET CHATILLON SUR BAR;France
18240;BELLEVILLE SUR LOIRE;France
76370;BELLEVILLE SUR MER;France
55430;BELLEVILLE SUR MEUSE;France
85170;BELLEVILLE SUR VIE;France
69440;BELLEVUE;France
43350;BELLEVUE LA MONTAGNE;France
01300;BELLEY;France
10410;BELLEY;France
01130;BELLEYDOUX;France
02420;BELLICOURT;France
01810;BELLIGNAT;France
44370;BELLIGNE;France
59570;BELLIGNIES;France
09600;BELLOC;France
32300;BELLOC ST CLAMENS;France
64270;BELLOCQ;France
16210;BELLON;France
62490;BELLONNE;France
77510;BELLOT;France
14140;BELLOU;France
61220;BELLOU EN HOULME;France
61130;BELLOU LE TRICHARD;France
61110;BELLOU SUR HUISNE;France
60490;BELLOY;France
95270;BELLOY EN FRANCE;France
80200;BELLOY EN SANTERRE;France
80270;BELLOY ST LEONARD;France
80310;BELLOY SUR SOMME;France
17800;BELLUIRE;France
76590;BELMESNIL;France
25530;BELMONT;France
32190;BELMONT;France
38690;BELMONT;France
39380;BELMONT;France
52500;BELMONT;France
67130;BELMONT;France
69380;BELMONT;France
70270;BELMONT;France
46130;BELMONT BRETENOUX;France
42670;BELMONT DE LA LOIRE;France
88260;BELMONT LES DARNEY;France
01260;BELMONT LUTHEZIEU;France
46230;BELMONT STE FOI;France
88600;BELMONT SUR BUTTANT;France
12370;BELMONT SUR RANCE;France
88800;BELMONT SUR VAIR;France
73330;BELMONT TRAMONET;France
46800;BELMONTET;France
70270;BELONCHAMP;France
11420;BELPECH;France
55260;BELRAIN;France
88260;BELRUPT;France
55100;BELRUPT EN VERDUNOIS;France
40300;BELUS;France
08090;BELVAL;France
50210;BELVAL;France
88210;BELVAL;France
08240;BELVAL BOIS DES DAMES;France
51330;BELVAL EN ARGONNE;France
51480;BELVAL SOUS CHATILLON;France
06450;BELVEDERE;France
20110;BELVEDERE CAMPOMORO;France
70400;BELVERNE;France
24170;BELVES;France
33350;BELVES DE CASTILLON;France
82150;BELVEZE;France
11240;BELVEZE DU RAZES;France
30580;BELVEZET;France
48170;BELVEZET;France
11500;BELVIANES ET CAVIRAC;France
11340;BELVIS;France
25430;BELVOIR;France
56550;BELZ;France
27160;BEMECOURT;France
09000;BENAC;France
65380;BENAC;France
09100;BENAGUES;France
37140;BENAIS;France
09300;BENAIX;France
54450;BENAMENIL;France
76110;BENARVILLE;France
86470;BENASSAY;France
02440;BENAY;France
19510;BENAYES;France
06390;BENDEJUN;France
68480;BENDORF;France
64800;BENEJACQ;France
14910;BENERVILLE SUR MER;France
40180;BENESSE LES DAX;France
40230;BENESSE MAREMNE;France
16350;BENEST;France
57670;BENESTROFF;France
76560;BENESVILLE;France
85490;BENET;France
21290;BENEUVRE;France
05500;BENEVENT ET CHARBILLAC;France
23210;BENEVENT L ABBAYE;France
55210;BENEY EN WOEVRE;France
67230;BENFELD;France
18520;BENGY SUR CRAON;France
62410;BENIFONTAINE;France
57800;BENING LES ST AVOLD;France
26170;BENIVAY OLLON;France
78270;BENNECOURT;France
76640;BENNETOT;France
54740;BENNEY;France
68630;BENNWIHR;France
68126;BENNWIHR GARE;France
29950;BENODET;France
21500;BENOISEY;France
50340;BENOITVILLE;France
17170;BENON;France
01470;BENONCES;France
14970;BENOUVILLE;France
76790;BENOUVILLE;France
31420;BENQUE;France
65130;BENQUE;France
31110;BENQUE DESSOUS ET DESSUS;France
40280;BENQUET;France
64460;BENTAYOU SEREE;France
01370;BENY;France
14440;BENY SUR MER;France
01350;BEON;France
89410;BEON;France
64440;BEOST;France
31370;BERAT;France
32100;BERAUT;France
65100;BERBERUST LIAS;France
43160;BERBEZIT;France
24220;BERBIGUIERES;France
48200;BERC;France
10190;BERCENAY EN OTHE;France
10290;BERCENAY LE HAYER;France
25420;BERCHE;France
28630;BERCHERES LES PIERRES;France
28300;BERCHERES ST GERMAIN;France
28560;BERCHERES SUR VESGRE;France
62600;BERCK;France
17770;BERCLOUX;France
61340;BERD HUIS;France
32300;BERDOUES;France
59740;BERELLES;France
27110;BERENGEVILLE LA CAMPAGNE;France
68130;BERENTZWILLER;France
64300;BERENX;France
01340;BEREZIAT;France
72320;BERFAY;France
67320;BERG;France
57570;BERG SUR MOSELLE;France
46090;BERGANTY;France
67310;BERGBIETEN;France
24100;BERGERAC;France
10200;BERGERES;France
51130;BERGERES LES VERTUS;France
51210;BERGERES SOUS MONTMIRAIL;France
71250;BERGESSERIN;France
71250;BERGESSERIN LA CHATELAINE;France
68750;BERGHEIM;France
68500;BERGHOLTZ;France
68500;BERGHOLTZZELL;France
80290;BERGICOURT;France
08300;BERGNICOURT;France
63500;BERGONNE;France
40250;BERGOUEY VIELLENAVE;France
64270;BERGOUEY VILLENAVE;France
62134;BERGUENEUSE;France
59380;BERGUES;France
02450;BERGUES SUR SAMBRE;France
62330;BERGUETTE;France
22140;BERHET;France
57660;BERIG VINTRANGE;France
50810;BERIGNY;France
61430;BERJOU;France
59145;BERLAIMONT;France
02250;BERLANCOURT;France
60640;BERLANCOURT;France
81260;BERLATS;France
62810;BERLENCOURT LE CAUROY;France
62123;BERLES AU BOIS;France
62690;BERLES MONCHEL;France
57370;BERLING;France
02340;BERLISE;France
34360;BERLOU;France
59213;BERMERAIN;France
51220;BERMERICOURT;France
59570;BERMERIES;France
57340;BERMERING;France
80140;BERMESNIL;France
62130;BERMICOURT;France
90400;BERMONT;France
76640;BERMONVILLE;France
16700;BERNAC;France
81150;BERNAC;France
65360;BERNAC DEBAT;France
65360;BERNAC DESSUS;France
64160;BERNADETS;France
65220;BERNADETS DEBAT;France
65190;BERNADETS DESSUS;France
67210;BERNARDSWILLER;France
67140;BERNARDVILLE;France
80370;BERNATRE;France
80370;BERNAVILLE;France
27300;BERNAY;France
72240;BERNAY;France
80120;BERNAY EN PONTHIEU;France
17330;BERNAY ST MARTIN;France
77540;BERNAY VILBERT;France
56240;BERNE;France
54470;BERNECOURT;France
32400;BERNEDE;France
80240;BERNES;France
95340;BERNES SUR OISE;France
14710;BERNESQ;France
16480;BERNEUIL;France
17460;BERNEUIL;France
80620;BERNEUIL;France
87300;BERNEUIL;France
60390;BERNEUIL EN BRAY;France
60350;BERNEUIL SUR AISNE;France
76370;BERNEVAL LE GRAND;France
62123;BERNEVILLE;France
74500;BERNEX;France
27180;BERNIENVILLE;France
76210;BERNIERES;France
14170;BERNIERES D AILLY;France
14410;BERNIERES LE PATRY;France
14990;BERNIERES SUR MER;France
27700;BERNIERES SUR SEINE;France
62170;BERNIEULLES;France
38190;BERNIN;France
30620;BERNIS;France
67170;BERNOLSHEIM;France
10130;BERNON;France
33430;BERNOS BEAULAC;France
02120;BERNOT;France
89360;BERNOUIL;France
27660;BERNOUVILLE;France
68210;BERNWILLER;France
80200;BERNY EN SANTERRE;France
02290;BERNY RIVIERE;France
28270;BEROU LA MULOTIERE;France
32480;BERRAC;France
06390;BERRE DES ALPES;France
13130;BERRE L ETANG;France
11090;BERRIAC;France
07460;BERRIAS ET CASTELJAU;France
56230;BERRIC;France
86120;BERRIE;France
29690;BERRIEN;France
02820;BERRIEUX;France
64130;BERROGAIN LARUNS;France
51420;BERRU;France
68500;BERRWILLER;France
02190;BERRY AU BAC;France
18500;BERRY BOUY;France
87370;BERSAC SUR RIVALIER;France
39800;BERSAILLIN;France
59235;BERSEE;France
59600;BERSILLIES;France
33390;BERSON;France
67370;BERSTETT;France
67170;BERSTHEIM;France
03130;BERT;France
80260;BERTANGLES;France
02800;BERTAUCOURT EPOURDON;France
80850;BERTEAUCOURT LES DAMES;France
80110;BERTEAUCOURT LES THENNES;France
76450;BERTHEAUVILLE;France
60370;BERTHECOURT;France
86420;BERTHEGON;France
25410;BERTHELANGE;France
57930;BERTHELMING;France
59270;BERTHEN;France
37510;BERTHENAY;France
02240;BERTHENICOURT;France
27630;BERTHENONVILLE;France
33124;BERTHEZ;France
12310;BERTHOLENE;France
27800;BERTHOUVILLE;France
63480;BERTIGNAT;France
10110;BERTIGNOLLES;France
62124;BERTINCOURT;France
08300;BERTONCOURT;France
54480;BERTRAMBOIS;France
54490;BERTRAMEIX;France
80560;BERTRANCOURT;France
57310;BERTRANGE;France
81700;BERTRE;France
65370;BERTREN;France
76450;BERTREVILLE;France
76590;BERTREVILLE ST OUEN;France
24320;BERTRIC BUREE;France
54120;BERTRICHAMPS;France
02190;BERTRICOURT;France
76890;BERTRIMONT;France
88520;BERTRIMOUTIER;France
59980;BERTRY;France
89700;BERU;France
86190;BERUGES;France
10160;BERULLE;France
72610;BERUS;France
14170;BERVILLE;France
76560;BERVILLE;France
95810;BERVILLE;France
27520;BERVILLE EN ROUMOIS;France
27170;BERVILLE LA CAMPAGNE;France
27210;BERVILLE SUR MER;France
76480;BERVILLE SUR SEINE;France
57550;BERVILLER EN MOSELLE;France
71960;BERZE LA VILLE;France
71960;BERZE LE CHATEL;France
07580;BERZEME;France
63122;BERZET;France
51800;BERZIEUX;France
02200;BERZY LE SEC;France
39800;BESAIN;France
25000;BESANCON;France
26300;BESAYES;France
64260;BESCAT;France
26110;BESIGNAN;France
64150;BESINGRAND;France
44290;BESLE SUR VILAINE;France
50800;BESLON;France
02300;BESME;France
02500;BESMONT;France
70230;BESNANS;France
44160;BESNE;France
50390;BESNEVILLE;France
02870;BESNY ET LOIZY;France
16250;BESSAC;France
18210;BESSAIS LE FROMENTAL;France
43200;BESSAMOREL;France
34550;BESSAN;France
95550;BESSANCOURT;France
73480;BESSANS;France
07150;BESSAS;France
85320;BESSAY;France
03340;BESSAY SUR ALLIER;France
15140;BESSE;France
16140;BESSE;France
24550;BESSE;France
38142;BESSE;France
63610;BESSE ET ST ANASTAISE;France
72310;BESSE SUR BRAYE;France
83890;BESSE SUR ISSOLE;France
11140;BESSEDE DE SAULT;France
30160;BESSEGES;France
69690;BESSENAY;France
82170;BESSENS;France
09500;BESSET;France
42520;BESSEY;France
21360;BESSEY EN CHAUME;France
21360;BESSEY LA COUR;France
21110;BESSEY LES CITEAUX;France
31660;BESSIERES;France
79000;BESSINES;France
87250;BESSINES SUR GARTEMPE;France
38160;BESSINS;France
03210;BESSON;France
90160;BESSONCOURT;France
46210;BESSONIES;France
12500;BESSUEJOULS;France
10170;BESSY;France
89270;BESSY SUR CURE;France
09250;BESTIAC;France
46110;BETAILLE;France
70500;BETAUCOURT;France
65230;BETBEZE;France
40240;BETBEZER D ARMAGNAC;France
32420;BETCAVE AGUIN;France
09160;BETCHAT;France
23270;BETETE;France
60129;BETHANCOURT EN VALOIS;France
02300;BETHANCOURT EN VAUX;France
55100;BETHELAINVILLE;France
95840;BETHEMONT LA FORET;France
59540;BETHENCOURT;France
80530;BETHENCOURT SUR MER;France
80190;BETHENCOURT SUR SOMME;France
51490;BETHENIVILLE;France
51450;BETHENY;France
55270;BETHINCOURT;France
86310;BETHINES;France
60320;BETHISY ST MARTIN;France
60320;BETHISY ST PIERRE;France
09800;BETHMALE;France
51260;BETHON;France
72610;BETHON;France
25200;BETHONCOURT;France
62690;BETHONSART;France
28330;BETHONVILLIERS;France
90150;BETHONVILLIERS;France
62400;BETHUNE;France
10500;BETIGNICOURT;France
77320;BETON BAZOCHES;France
70300;BETONCOURT LES BROTTE;France
70120;BETONCOURT LES MENETRIERS;France
70210;BETONCOURT ST PANCRAS;France
70500;BETONCOURT SUR MANCE;France
32110;BETOUS;France
32730;BETPLAN;France
65120;BETPOUEY;France
65230;BETPOUY;France
64350;BETRACQ;France
67660;BETSCHDORF;France
52270;BETTAINCOURT SUR ROGNON;France
54640;BETTAINVILLERS;France
52100;BETTANCOURT LA FERREE;France
51330;BETTANCOURT LA LONGUE;France
57220;BETTANGE;France
01500;BETTANT;France
57930;BETTBORN;France
88450;BETTEGNEY ST BRICE;France
57640;BETTELAINVILLE;France
80590;BETTEMBOS;France
80270;BETTENCOURT RIVIERE;France
80610;BETTENCOURT ST OUEN;France
68560;BETTENDORF;France
65130;BETTES;France
76190;BETTEVILLE;France
59600;BETTIGNIES;France
57800;BETTING LES ST AVOLD;France
68480;BETTLACH;France
35830;BETTON;France
73390;BETTON BETTONET;France
88500;BETTONCOURT;France
52230;BETTONCOURT LE HAUT;France
59570;BETTRECHIES;France
57410;BETTVILLER;France
67320;BETTWILLER;France
60620;BETZ;France
37600;BETZ LE CHATEAU;France
77183;BEUABOURG;France
62150;BEUGIN;France
62450;BEUGNATRE;France
02210;BEUGNEUX;France
59216;BEUGNIES;France
89570;BEUGNON;France
62124;BEUGNY;France
06470;BEUIL;France
70310;BEULOTTE ST LAURENT;France
25720;BEURE;France
10140;BEUREY;France
21320;BEUREY BAUGUAY;France
55000;BEUREY SUR SAULX;France
63220;BEURIERES;France
21350;BEURIZOT;France
17250;BEURLAY;France
52110;BEURVILLE;France
62170;BEUSSENT;France
64800;BEUSTE;France
25250;BEUTAL;France
62170;BEUTIN;France
02130;BEUVARDES;France
54620;BEUVEILLE;France
54115;BEUVEZIN;France
14100;BEUVILLERS;France
54560;BEUVILLERS;France
59192;BEUVRAGES;France
80700;BEUVRAIGNES;France
62250;BEUVREQUEN;France
50420;BEUVRIGNY;France
58210;BEUVRON;France
14430;BEUVRON EN AUGE;France
62660;BEUVRY;France
59310;BEUVRY LA FORET;France
57580;BEUX;France
86120;BEUXES;France
29790;BEUZEC CAP SIZUN;France
27210;BEUZEVILLE;France
50480;BEUZEVILLE AU PLAIN;France
50360;BEUZEVILLE LA BASTILLE;France
76210;BEUZEVILLE LA GRENIER;France
76450;BEUZEVILLE LA GUERARD;France
76210;BEUZEVILLETTE;France
38690;BEVENAIS;France
70110;BEVEUGE;France
28700;BEVILLE LE COMTE;France
59217;BEVILLERS;France
04200;BEVONS;France
21220;BEVY;France
01290;BEY;France
71620;BEY;France
54760;BEY SUR SEILLE;France
33750;BEYCHAC ET CAILLAU;France
40370;BEYLONGUE;France
87700;BEYNAC;France
24220;BEYNAC ET CAZENAC;France
19190;BEYNAT;France
04270;BEYNES;France
78650;BEYNES;France
01700;BEYNOST;France
65410;BEYREDE JUMET;France
57570;BEYREN LES SIERCK;France
64230;BEYRIE EN BEARN;France
64120;BEYRIE SUR JOYEUSE;France
40700;BEYRIES;France
19230;BEYSSAC;France
19230;BEYSSENAC;France
30120;BEZ ET ESPARON;France
09100;BEZAC;France
77970;BEZALLES;France
76220;BEZANCOURT;France
54370;BEZANGE LA GRANDE;France
57630;BEZANGE LA PETITE;France
51430;BEZANNES;France
06510;BEZAUDUN LES ALPES;France
26460;BEZAUDUN SUR BINE;France
54380;BEZAUMONT;France
21310;BEZE;France
24220;BEZENAC;France
03170;BEZENET;France
32130;BEZERIL;France
34500;BEZIERS;France
62650;BEZINGHEM;France
31440;BEZINS GARRAUX;France
32310;BEZOLLES;France
95870;BEZONS;France
30320;BEZOUCE;France
21310;BEZOUOTTE;France
27480;BEZU LA FORET;France
02310;BEZU LE GUERY;France
27660;BEZU ST ELOI;France
02400;BEZU ST GERMAIN;France
32140;BEZUES BAJON;France
62118;BIACHE ST VAAST;France
80200;BIACHES;France
25520;BIANS LES USIERS;France
86000;BIARD;France
39290;BIARNE;France
80190;BIARRE;France
64200;BIARRITZ;France
40390;BIARROTTE;France
46130;BIARS SUR CERE;France
40170;BIAS;France
47300;BIAS;France
40390;BIAUDOS;France
57320;BIBICHE;France
67360;BIBLISHEIM;France
69690;BIBOST;France
02300;BICHANCOURT;France
58110;BICHES;France
57370;BICKENHOLTZ;France
54200;BICQUELEY;France
64520;BIDACHE;France
64780;BIDARRAY;France
64210;BIDART;France
57260;BIDESTROFF;France
57660;BIDING;France
07700;BIDON;France
64400;BIDOS;France
88170;BIECOURT;France
68480;BIEDERTHAL;France
25190;BIEF;France
39150;BIEF DES MAISONS;France
39250;BIEF DU FOURG;France
39800;BIEFMORIN;France
62450;BIEFVILLERS LES BAPAUME;France
64260;BIELLE;France
80140;BIENCOURT;France
55290;BIENCOURT SUR ORGE;France
52410;BIENVILLE;France
60200;BIENVILLE;France
54300;BIENVILLE LA PETITE;France
62111;BIENVILLERS AU BOIS;France
08300;BIERMES;France
60490;BIERMONT;France
53290;BIERNE;France
59380;BIERNE;France
52330;BIERNES;France
21390;BIERRE LES SEMUR;France
89420;BIERRY LES BELLES FONTAINES;France
09320;BIERT;France
76750;BIERVILLE;France
68600;BIESHEIM;France
52340;BIESLES;France
67720;BIETLENHEIM;France
33210;BIEUJAC;France
02290;BIEUXY;France
56330;BIEUZY LANVAUX;France
56310;BIEUZY LES EAUX;France
50160;BIEVILLE;France
14112;BIEVILLE BEUVILLE;France
14270;BIEVILLE EN AUGE;France
14270;BIEVILLE QUETIEVILLE;France
14112;BIEVILLE SUR ORNE;France
02860;BIEVRES;France
08370;BIEVRES;France
91570;BIEVRES;France
88430;BIFFONTAINE;France
33380;BIGANOS;France
16170;BIGNAC;France
56500;BIGNAN;France
17400;BIGNAY;France
08310;BIGNICOURT;France
51300;BIGNICOURT SUR MARNE;France
51340;BIGNICOURT SUR SAULX;France
86800;BIGNOUX;France
18190;BIGNY VALLENAY;France
20252;BIGORNO;France
20620;BIGUGLIA;France
76420;BIHOREL;France
62121;BIHUCOURT;France
79100;BILAZAIS;France
64260;BILHERES;France
20100;BILIA;France
38850;BILIEU;France
19120;BILLAC;France
28190;BILLANCELLES;France
80190;BILLANCOURT;France
35133;BILLE;France
39250;BILLECUL;France
64140;BILLERE;France
21130;BILLEY;France
03120;BILLEZOIS;France
01200;BILLIAT;France
73170;BILLIEME;France
31110;BILLIERE;France
56190;BILLIERS;France
56420;BILLIO;France
63160;BILLOM;France
03260;BILLY;France
14370;BILLY;France
41130;BILLY;France
62138;BILLY BERCLAU;France
58270;BILLY CHEVANNES;France
51400;BILLY LE GRAND;France
21450;BILLY LES CHANCEAUX;France
62420;BILLY MONTIGNY;France
55210;BILLY SOUS LES COTES;France
55230;BILLY SOUS MANGIENNES;France
02200;BILLY SUR AISNE;France
58500;BILLY SUR OISY;France
02210;BILLY SUR OURCQ;France
67170;BILWISHEIM;France
68250;BILZHEIM;France
62650;BIMONT;France
51800;BINARVILLE;France
41240;BINAS;France
67600;BINDERNHEIM;France
21270;BINGES;France
22520;BINIC;France
57410;BINING;France
50390;BINIVILLE;France
31440;BINOS;France
51700;BINSON ET ORQUIGNY;France
46500;BIO;France
38690;BIOL;France
63640;BIOLLET;France
50140;BION;France
57170;BIONCOURT;France
54540;BIONVILLE;France
57220;BIONVILLE SUR NIED;France
06410;BIOT;France
82800;BIOULE;France
16700;BIOUSSAC;France
03800;BIOZAT;France
16120;BIRAC;France
33430;BIRAC;France
47200;BIRAC SUR TREC;France
32350;BIRAN;France
24310;BIRAS;France
64700;BIRIATOU;France
01330;BIRIEUX;France
67440;BIRKENWALD;France
67160;BIRLENBACH;France
17800;BIRON;France
24540;BIRON;France
64300;BIRON;France
40600;BISCARROSSE;France
40600;BISCARROSSE PLAGE;France
67800;BISCHHEIM;France
67340;BISCHHOLTZ;France
67870;BISCHOFFSHEIM;France
67260;BISCHTROFF SUR SARRE;France
68320;BISCHWIHR;France
67240;BISCHWILLER;France
68580;BISEL;France
20166;BISINAO;France
20235;BISINCHI;France
55300;BISLEE;France
57930;BISPING;France
67260;BISSERT;France
51150;BISSEUIL;France
21520;BISSEY LA COTE;France
21330;BISSEY LA PIERRE;France
71390;BISSEY SOUS CRUCHAUD;France
59380;BISSEZEELE;France
14370;BISSIERES;France
71260;BISSY LA MACONNAISE;France
71460;BISSY SOUS UXELLES;France
71460;BISSY SUR FLEY;France
57220;BISTEN EN LORRAINE;France
57660;BISTROFF;France
57230;BITCHE;France
58310;BITRY;France
60350;BITRY;France
67350;BITSCHHOFFEN;France
68620;BITSCHWILLER LES THANN;France
13120;BIVER;France
32380;BIVES;France
38330;BIVIERS;France
50440;BIVILLE;France
76890;BIVILLE LA BAIGNARDE;France
76730;BIVILLE LA RIVIERE;France
76630;BIVILLE SUR MER;France
61190;BIVILLIERS;France
11200;BIZANET;France
64320;BIZANOS;France
52500;BIZE;France
65150;BIZE;France
11120;BIZE MINERVOIS;France
03170;BIZENEUILLE;France
01290;BIZIAT;France
38690;BIZONNES;France
61290;BIZOU;France
65150;BIZOUS;France
69460;BLACE;France
60650;BLACOURT;France
76190;BLACQUEVILLE;France
51300;BLACY;France
89440;BLACY;France
67113;BLAESHEIM;France
31700;BLAGNAC;France
08110;BLAGNY;France
21310;BLAGNY SUR VINGEANNE;France
33190;BLAIGNAC;France
33340;BLAIGNAN;France
44130;BLAIN;France
60460;BLAINCOURT LES PRECY;France
10500;BLAINCOURT SUR AUBE;France
76116;BLAINVILLE CREVON;France
54360;BLAINVILLE SUR L EAU;France
50560;BLAINVILLE SUR MER;France
14550;BLAINVILLE SUR ORNE;France
62173;BLAIRVILLE;France
08400;BLAISE;France
52330;BLAISE;France
51300;BLAISE SOUS ARZILLIERES;France
49320;BLAISON GOHIER;France
52330;BLAISY;France
21540;BLAISY BAS;France
21540;BLAISY HAUT;France
31350;BLAJAN;France
48320;BLAJOUX;France
25310;BLAMONT;France
54450;BLAMONT;France
81700;BLAN;France
59920;BLANC MISSERON;France
59154;BLANC MISSERON ANF;France
18410;BLANCAFORT;France
21320;BLANCEY;France
60120;BLANCFOSSE;France
57260;BLANCHE EGLISE;France
08290;BLANCHEFOSSE ET BAY;France
67130;BLANCHERUPT;France
52700;BLANCHEVILLE;France
28120;BLANDAINVILLE;France
30770;BLANDAS;France
38730;BLANDIN;France
53270;BLANDOUET;France
77115;BLANDY;France
91150;BLANDY;France
62270;BLANGERMONT;France
62270;BLANGERVAL BLANGERMONT;France
14130;BLANGY LE CHATEAU;France
80290;BLANGY SOUS POIX;France
76340;BLANGY SUR BRESLE;France
62770;BLANGY SUR TERNOISE;France
80440;BLANGY TRONVILLE;France
89200;BLANNAY;France
21430;BLANOT;France
71250;BLANOT;France
32270;BLANQUEFORT;France
33290;BLANQUEFORT;France
47500;BLANQUEFORT SUR BRIOLANCE;France
43350;BLANZAC;France
87300;BLANZAC;France
17160;BLANZAC LES MATHA;France
16250;BLANZAC PORCHERESSE;France
16320;BLANZAGUET ST CYBARD;France
63112;BLANZAT;France
86400;BLANZAY;France
17470;BLANZAY SUR BOUTONNE;France
55400;BLANZEE;France
71450;BLANZY;France
08190;BLANZY LA SALONNAISE;France
02160;BLANZY LES FISMES;France
60220;BLARGIES;France
25640;BLARIANS;France
59173;BLARINGHEM;France
46330;BLARS;France
78270;BLARU;France
33540;BLASIMON;France
86170;BLASLAY;France
43380;BLASSAC;France
23140;BLAUDEIX;France
06440;BLAUSASC;France
84570;BLAUVAC;France
30700;BLAUZAC;France
48200;BLAVIGNAC;France
43700;BLAVOZY;France
14400;BLAY;France
33390;BLAYE;France
81400;BLAYE LES MINES;France
47470;BLAYMONT;France
32100;BLAZIERT;France
52300;BLECOURT;France
59268;BLECOURT;France
04420;BLEGIERS;France
89230;BLEIGNY LE CARREAU;France
54450;BLEMEREY;France
88500;BLEMEREY;France
62575;BLENDECQUES;France
89220;BLENEAU;France
77940;BLENNES;France
54700;BLENOD LES PONT A MOUSSON;France
54113;BLENOD LES TOUL;France
62380;BLEQUIN;France
02300;BLERANCOURT;France
55120;BLERCOURT;France
37150;BLERE;France
62231;BLERIOT;France
35750;BLERUAIS;France
33670;BLESIGNAC;France
43450;BLESLE;France
51340;BLESME;France
02400;BLESMES;France
23200;BLESSAC;France
21690;BLESSEY;France
52120;BLESSONVILLE;France
62120;BLESSY;France
18350;BLET;France
39140;BLETTERANS;France
88410;BLEURVILLE;France
28700;BLEURY;France
88320;BLEVAINCOURT;France
72670;BLEVES;France
28170;BLEVY;France
60860;BLICOURT;France
67650;BLIENSCHWILLER;France
57200;BLIES EBERSING;France
57200;BLIES GUERSVILLER;France
57200;BLIESBRUCK;France
04330;BLIEUX;France
10500;BLIGNICOURT;France
10200;BLIGNY;France
51170;BLIGNY;France
89210;BLIGNY EN OTHE;France
21440;BLIGNY LE SEC;France
21200;BLIGNY LES BEAUNE;France
21360;BLIGNY SUR OUCHE;France
60190;BLINCOURT;France
62770;BLINGEL;France
24330;BLIS ET BORN;France
58120;BLISMES;France
68740;BLODELSHEIM;France
41000;BLOIS;France
39210;BLOIS SUR SEILLE;France
11700;BLOMAC;France
03390;BLOMARD;France
08260;BLOMBAY;France
87300;BLOND;France
70500;BLONDEFONTAINE;France
14910;BLONVILLE SUR MER;France
76460;BLOSSEVILLE;France
50480;BLOSVILLE;France
63440;BLOT L EGLISE;France
68730;BLOTZHEIM;France
49160;BLOU;France
32230;BLOUSSON SERIAN;France
74150;BLOYE;France
74290;BLUFFY;France
52110;BLUMERAY;France
25250;BLUSSANGEAUX;France
25250;BLUSSANS;France
39130;BLYE;France
01150;BLYES;France
93000;BOBIGNY;France
22100;BOBITAL;France
49150;BOCE;France
20136;BOCOGNANO;France
88270;BOCQUEGNEY;France
61550;BOCQUENCE;France
29400;BODILIS;France
47550;BOE;France
61560;BOECE;France
74420;BOEGE;France
64510;BOEIL BEZING;France
42130;BOEN;France
67530;BOERSCH;France
59299;BOESCHEPE;France
59189;BOESEGHEM;France
67390;BOESENBIESEN;France
45390;BOESSE;France
79150;BOESSE;France
72400;BOESSE LE SEC;France
89770;BOEURS EN OTHE;France
62390;BOFFLES;France
07440;BOFFRES;France
74250;BOGEVE;France
08120;BOGNY SUR MEUSE;France
63750;BOGROS;France
07340;BOGY;France
02110;BOHAIN EN VERMANDOIS;France
56140;BOHAL;France
29820;BOHARS;France
01250;BOHAS;France
01250;BOHAS MEYRIAT RIGNAT;France
91720;BOIGNEVILLE;France
45760;BOIGNY SUR BIONNE;France
78930;BOINVILLE EN MANTOIS;France
55400;BOINVILLE EN WOEVRE;France
78660;BOINVILLE LE GAILLARD;France
78200;BOINVILLIERS;France
62128;BOIRY BECQUERELLE;France
62156;BOIRY NOTRE DAME;France
62175;BOIRY ST MARTIN;France
62175;BOIRY STE RICTRUDE;France
17240;BOIS;France
27330;BOIS ANZERAY;France
27250;BOIS ARNAULT;France
62320;BOIS BERNARD;France
92270;BOIS COLOMBES;France
39220;BOIS D AMONT;France
78390;BOIS D ARCY;France
89660;BOIS D ARCY;France
76160;BOIS D ENNEBOURG;France
85710;BOIS DE CENE;France
88600;BOIS DE CHAMP;France
39230;BOIS DE GAND;France
31390;BOIS DE LA PIERRE;France
38090;BOIS DE ROCHE;France
62610;BOIS EN ARDRES;France
59280;BOIS GRENIER;France
76750;BOIS GUILBERT;France
76230;BOIS GUILLAUME;France
76750;BOIS HEROULT;France
91150;BOIS HERPIN;France
76190;BOIS HIMONT;France
27620;BOIS JEROME ST OUEN;France
76160;BOIS L EVEQUE;France
25110;BOIS LA VILLE;France
27220;BOIS LE ROI;France
77590;BOIS LE ROI;France
02270;BOIS LES PARGNY;France
27330;BOIS NORMAND PRES LYRE;France
71800;BOIS STE MARIE;France
80600;BOISBERGUES;France
16480;BOISBRETEAU;France
45340;BOISCOMMUN;France
62500;BOISDINGHEM;France
77970;BOISDON;France
27150;BOISEMONT;France
95000;BOISEMONT;France
28220;BOISGASSON;France
35360;BOISGERVILLY;France
58150;BOISGIBAULT;France
62170;BOISJEAN;France
62175;BOISLEUX AU MONT;France
62175;BOISLEUX ST MARC;France
79300;BOISME;France
54620;BOISMONT;France
80230;BOISMONT;France
45290;BOISMORAND;France
27800;BOISNEY;France
80640;BOISRAULT;France
17150;BOISREDON;France
50200;BOISROGER;France
76750;BOISSAY;France
17700;BOISSE;France
24560;BOISSE;France
12300;BOISSE PENCHOT;France
41290;BOISSEAU;France
45480;BOISSEAUX;France
31230;BOISSEDE;France
61570;BOISSEI LA LANDE;France
63122;BOISSEJOUR;France
79360;BOISSEROLLES;France
34160;BOISSERON;France
15600;BOISSET;France
34220;BOISSET;France
43500;BOISSET;France
30140;BOISSET ET GAUJAC;France
42210;BOISSET LES MONTROND;France
27120;BOISSET LES PREVANCHES;France
42560;BOISSET ST PRIEST;France
78910;BOISSETS;France
77350;BOISSETTES;France
87220;BOISSEUIL;France
24390;BOISSEUILH;France
01190;BOISSEY;France
14170;BOISSEY;France
27520;BOISSEY LE CHATEL;France
81490;BOISSEZON;France
39130;BOISSIA;France
30114;BOISSIERES;France
46150;BOISSIERES;France
77350;BOISSISE LA BERTRAND;France
77310;BOISSISE LE ROI;France
77760;BOISSY AUX CAILLES;France
28500;BOISSY EN DROUAIS;France
60440;BOISSY FRESNOY;France
95650;BOISSY L AILLERIE;France
91690;BOISSY LA RIVIERE;France
27300;BOISSY LAMBERVILLE;France
60240;BOISSY LE BOIS;France
77169;BOISSY LE CHATEL;France
91590;BOISSY LE CUTTE;France
51210;BOISSY LE REPOS;France
91870;BOISSY LE SEC;France
28340;BOISSY LES PERCHE;France
61110;BOISSY MAUGIS;France
78200;BOISSY MAUVOISIN;France
78490;BOISSY SANS AVOIR;France
91790;BOISSY SOUS ST YON;France
94470;BOISSY ST LEGER;France
27240;BOISSY SUR DAMVILLE;France
35150;BOISTRUDAN;France
28150;BOISVILLE LA ST PERE;France
50800;BOISYVON;France
61500;BOITRON;France
77750;BOITRON;France
25330;BOLANDOZ;France
29640;BOLAZEC;France
76210;BOLBEC;France
84500;BOLLENE;France
50250;BOLLEVILLE;France
76210;BOLLEVILLE;France
59470;BOLLEZEELE;France
68540;BOLLWILLER;France
52310;BOLOGNE;France
01450;BOLOZON;France
66210;BOLQUERE;France
67150;BOLSENHEIM;France
77720;BOMBON;France
33210;BOMMES;France
36120;BOMMIERS;France
09400;BOMPAS;France
66430;BOMPAS;France
62960;BOMY;France
47240;BON ENCONTRE;France
58330;BONA;France
09800;BONAC IRAZEIN;France
32410;BONAS;France
70150;BONBOILLON;France
28150;BONCE;France
38290;BONCE;France
53960;BONCHAMP LES LAVAL;France
02350;BONCOURT;France
27120;BONCOURT;France
28260;BONCOURT;France
54800;BONCOURT;France
21700;BONCOURT LE BOIS;France
55200;BONCOURT SUR MEUSE;France
45300;BONDAROY;France
25230;BONDEVAL;France
31340;BONDIGOUX;France
91070;BONDOUFLE;France
59910;BONDUES;France
93140;BONDY;France
22110;BONEN;France
63160;BONGHEAT;France
20169;BONIFACIO;France
60510;BONLIER;France
39130;BONLIEU;France
26160;BONLIEU SUR ROUBION;France
64240;BONLOC;France
09100;BONNAC;France
15500;BONNAC;France
87270;BONNAC LA COTE;France
25680;BONNAL;France
89400;BONNARD;France
23220;BONNAT;France
39190;BONNAUD;France
25870;BONNAY;France
71460;BONNAY;France
80800;BONNAY;France
74380;BONNE;France
14340;BONNEBOSQ;France
52360;BONNECOURT;France
45460;BONNEE;France
38090;BONNEFAMILLE;France
61270;BONNEFOI;France
19170;BONNEFOND;France
65220;BONNEFONT;France
39800;BONNEFONTAINE;France
40330;BONNEGARDE;France
74150;BONNEGUETE;France
02400;BONNEIL;France
78830;BONNELLES;France
35270;BONNEMAIN;France
14260;BONNEMAISON;France
65130;BONNEMAZON;France
21250;BONNENCONTRE;France
16390;BONNES;France
86300;BONNES;France
02400;BONNESVALYN;France
55130;BONNET;France
72110;BONNETABLE;France
25210;BONNETAGE;France
33370;BONNETAN;France
16120;BONNEUIL;France
36310;BONNEUIL;France
95500;BONNEUIL EN FRANCE;France
60123;BONNEUIL EN VALOIS;France
60120;BONNEUIL LES EAUX;France
86210;BONNEUIL MATOURS;France
94380;BONNEUIL SUR MARNE;France
28800;BONNEVAL;France
43160;BONNEVAL;France
73260;BONNEVAL;France
26410;BONNEVAL EN DIOIS;France
73480;BONNEVAL SUR ARC;France
25560;BONNEVAUX;France
30450;BONNEVAUX;France
74360;BONNEVAUX;France
25620;BONNEVAUX LE PRIEURE;France
41800;BONNEVEAU;France
70700;BONNEVENT VELLOREILLE;France
16170;BONNEVILLE;France
74130;BONNEVILLE;France
80670;BONNEVILLE;France
27290;BONNEVILLE APTOT;France
24230;BONNEVILLE ET ST AVIT DE FUMAD;France
14130;BONNEVILLE LA LOUVET;France
14800;BONNEVILLE SUR TOUQUES;France
60112;BONNIERES;France
62270;BONNIERES;France
78270;BONNIERES SUR SEINE;France
84480;BONNIEUX;France
62890;BONNINGUES LES ARDRES;France
62340;BONNINGUES LES CALAIS;France
14700;BONNOEIL;France
44540;BONNOEUVRE;France
64300;BONNUT;France
45420;BONNY SUR LOIRE;France
56400;BONO;France
65330;BONREPOS;France
31590;BONREPOS RIQUET;France
31470;BONREPOS SUR AUSSONNELLE;France
74890;BONS EN CHABLAIS;France
14420;BONS TASSILLY;France
76240;BONSECOURS;France
61380;BONSMOULINS;France
06830;BONSON;France
42160;BONSON;France
73460;BONVILLARD;France
73220;BONVILLARET;France
54300;BONVILLER;France
60120;BONVILLERS;France
88260;BONVILLET;France
02420;BONY;France
33910;BONZAC;France
55160;BONZEE;France
65400;BOO SILHEN;France
67860;BOOFZHEIM;France
40370;BOOS;France
76520;BOOS;France
67390;BOOTZHEIM;France
22170;BOQUEHO;France
12270;BOR ET BAR;France
60820;BORAN SUR OISE;France
64490;BORCE;France
79600;BORCQ SUR AIRVAULT;France
23230;BORD ST GEORGES;France
33000;BORDEAUX;France
33100;BORDEAUX;France
33200;BORDEAUX;France
33300;BORDEAUX;France
33800;BORDEAUX;France
77410;BORDEAUX;France
45340;BORDEAUX EN GATINAIS;France
76790;BORDEAUX ST CLAIR;France
64800;BORDERES;France
40270;BORDERES ET LAMENSANS;France
65590;BORDERES LOURON;France
65320;BORDERES SUR L ECHEZ;France
64510;BORDES;France
65190;BORDES;France
31210;BORDES DE RIVIERE;France
30160;BORDEZAC;France
17430;BORDS;France
07310;BOREE;France
17270;BORESSE ET MARTRON;France
60300;BOREST;France
70110;BOREY;France
20290;BORGO;France
83230;BORMES LES MIMOSAS;France
24440;BORN DE CHAMPS;France
76110;BORNAMBUSC;France
39570;BORNAY;France
07590;BORNE;France
43350;BORNE;France
60540;BORNEL;France
90100;BORON;France
59190;BORRE;France
24590;BORREZE;France
16360;BORS;France
16360;BORS DE BAIGNES;France
16190;BORS DE MONTMOREAU;France
63190;BORT L ETANG;France
19110;BORT LES ORGUES;France
54290;BORVILLE;France
27520;BOSC BENARD COMMIN;France
27310;BOSC BENARD CRESCY;France
76680;BOSC BERENGER;France
76750;BOSC BORDEL;France
76750;BOSC EDELINE;France
76710;BOSC GUERARD ST ADRIEN;France
76220;BOSC HYONS;France
76850;BOSC LE HARD;France
76680;BOSC MESNIL;France
27270;BOSC MOREL;France
27330;BOSC RENOULT EN OUCHE;France
27520;BOSC RENOULT EN ROUMOIS;France
76750;BOSC ROGER SUR BUCHY;France
17360;BOSCAMNANT;France
27520;BOSCHERVILLE;France
64290;BOSDARROS;France
27310;BOSGOUET;France
27520;BOSGUERARD DE MARCOUVILLE;France
71330;BOSJEAN;France
87110;BOSMIE L AIGUILLE;France
02250;BOSMONT SUR SERRE;France
23400;BOSMOREAU LES MINES;France
27670;BOSNORMAND;France
27480;BOSQUENTIN;France
27800;BOSROBERT;France
23200;BOSROGER;France
10140;BOSSANCOURT;France
37290;BOSSAY SUR CLAISE;France
37240;BOSSEE;France
67330;BOSSELSHAUSEN;France
67270;BOSSENDORF;France
54510;BOSSERVILLE;France
24130;BOSSET;France
08350;BOSSEVAL ET BRIANCOURT;France
74160;BOSSEY;France
38260;BOSSIEU;France
33350;BOSSUGAN;France
08290;BOSSUS LES RUMIGNY;France
03300;BOST;France
40090;BOSTENS;France
76450;BOSVILLE;France
90400;BOTANS;France
22140;BOTLEZAN;France
29690;BOTMEUR;France
29650;BOTSORHEL;France
49110;BOTZ EN MAUGES;France
45430;BOU;France
78410;BOUAFLE;France
27700;BOUAFLES;France
09310;BOUAN;France
44830;BOUAYE;France
62990;BOUBERS LES HESMOND;France
62270;BOUBERS SUR CANCHE;France
60240;BOUBIERS;France
13320;BOUC BEL AIR;France
32550;BOUCAGNERES;France
64340;BOUCAU;France
03150;BOUCE;France
61570;BOUCE;France
50170;BOUCEY;France
59111;BOUCHAIN;France
53800;BOUCHAMPS LES CRAON;France
80200;BOUCHAVESNES BERGEN;France
49080;BOUCHEMAINE;France
57220;BOUCHEPORN;France
26790;BOUCHET;France
27150;BOUCHEVILLIERS;France
80910;BOUCHOIR;France
80830;BOUCHON;France
51310;BOUCHY ST GENEST;France
07270;BOUCIEU LE ROI;France
25360;BOUCLANS;France
30190;BOUCOIRAN ET NOZIERES;France
08250;BOUCONVILLE;France
55300;BOUCONVILLE SUR MADT;France
02860;BOUCONVILLE VAUCLAIR;France
60240;BOUCONVILLERS;France
54200;BOUCQ;France
63340;BOUDES;France
76560;BOUDEVILLE;France
82200;BOUDOU;France
31580;BOUDRAC;France
21520;BOUDREVILLE;France
54560;BOUDREZY;France
47290;BOUDY DE BEAUREGARD;France
02450;BOUE;France
44260;BOUEE;France
64330;BOUEILH BOUEILHO LASQUE;France
76270;BOUELLES;France
72390;BOUER;France
53290;BOUERE;France
53290;BOUESSAY;France
36200;BOUESSE;France
16410;BOUEX;France
95570;BOUFFEMONT;France
85600;BOUFFERE;France
02160;BOUFFIGNEREUX;France
80150;BOUFFLERS;France
41270;BOUFFRY;France
80540;BOUGAINVILLE;France
64230;BOUGARBER;France
38150;BOUGE CHAMBALUD;France
36110;BOUGES LE CHATEAU;France
70500;BOUGEY;France
78380;BOUGIVAL;France
28130;BOUGLAINVAL;France
77570;BOUGLIGNY;France
47250;BOUGLON;France
17800;BOUGNEAU;France
70170;BOUGNON;France
79800;BOUGON;France
40090;BOUGUE;France
44340;BOUGUENAIS;France
14210;BOUGY;France
45170;BOUGY LEZ NEUVILLE;France
71330;BOUHANS;France
70100;BOUHANS ET FEURG;France
70200;BOUHANS LES LURE;France
70230;BOUHANS LES MONTBOZON;France
17540;BOUHET;France
21360;BOUHEY;France
58310;BOUHY;France
65140;BOUILH DEVANT;France
65350;BOUILH PEREUILH;France
11800;BOUILHONNAC;France
12300;BOUILLAC;France
24480;BOUILLAC;France
82600;BOUILLAC;France
80220;BOUILLANCOURT EN SERY;France
80500;BOUILLANCOURT LA BATAILLE;France
60620;BOUILLANCY;France
21420;BOUILLAND;France
30230;BOUILLARGUES;France
85420;BOUILLE COURDAULT;France
79290;BOUILLE LORETZ;France
49520;BOUILLE MENARD;France
79290;BOUILLE ST PAUL;France
64410;BOUILLON;France
54470;BOUILLONVILLE;France
10320;BOUILLY;France
51390;BOUILLY;France
89600;BOUILLY;France
45300;BOUILLY EN GATINAIS;France
62140;BOUIN;France
79110;BOUIN;France
85230;BOUIN;France
62140;BOUIN PLUMOISON;France
11190;BOUISSE;France
21330;BOUIX;France
25560;BOUJAILLES;France
34760;BOUJAN SUR LIBRON;France
25160;BOUJEONS;France
10380;BOULAGES;France
88500;BOULAINCOURT;France
77760;BOULANCOURT;France
57655;BOULANGE;France
32450;BOULAUR;France
45140;BOULAY LES BARRES;France
53370;BOULAY LES IFS;France
57220;BOULAY MOSELLE;France
24750;BOULAZAC;France
13150;BOULBON;France
26410;BOULC;France
66130;BOULE D AMONT;France
66130;BOULETERNERE;France
77580;BOULEURS;France
51170;BOULEUSE;France
33270;BOULIAC;France
07100;BOULIEU LES ANNONAY;France
01330;BOULIGNEUX;France
70800;BOULIGNEY;France
55240;BOULIGNY;France
65350;BOULIN;France
60620;BOULLARRE;France
91470;BOULLAY LES TROUX;France
18240;BOULLERET;France
27210;BOULLEVILLE;France
31620;BOULOC;France
82110;BOULOC;France
85140;BOULOGNE;France
92100;BOULOGNE BILLANCOURT;France
60490;BOULOGNE LA GRASSE;France
31350;BOULOGNE SUR GESSE;France
59440;BOULOGNE SUR HELPE;France
62200;BOULOGNE SUR MER;France
72440;BOULOIRE;France
14220;BOULON;France
70190;BOULOT;France
83700;BOULOURIS;France
70190;BOULT;France
08240;BOULT AUX BOIS;France
51110;BOULT SUR SUIPPE;France
08410;BOULZICOURT;France
64370;BOUMOURT;France
24560;BOUNIAGUES;France
62340;BOUQUEHAULT;France
27500;BOUQUELON;France
80600;BOUQUEMAISON;France
55300;BOUQUEMONT;France
30580;BOUQUET;France
27310;BOUQUETOT;France
95720;BOUQUEVAL;France
10270;BOURANTON;France
91850;BOURAY SUR JUINE;France
68290;BOURBACH LE BAS;France
68290;BOURBACH LE HAUT;France
21610;BOURBERAIN;France
70500;BOURBEVELLE;France
03160;BOURBON L ARCHAMBAULT;France
71140;BOURBON LANCY;France
52400;BOURBONNE LES BAINS;France
59630;BOURBOURG;France
22390;BOURBRIAC;France
17560;BOURCEFRANC LE CHAPUS;France
39320;BOURCIA;France
08400;BOURCQ;France
76760;BOURDAINVILLE;France
40190;BOURDALAT;France
73370;BOURDEAU;France
26460;BOURDEAUX;France
24310;BOURDEILLES;France
33190;BOURDELLES;France
64800;BOURDETTES;France
30190;BOURDIC;France
80310;BOURDON;France
57810;BOURDONNAY;France
78113;BOURDONNE;France
52700;BOURDONS SUR ROGNON;France
62190;BOURECQ;France
02400;BOURESCHES;France
86410;BOURESSE;France
62270;BOURET SUR CANCHE;France
55270;BOUREUILLES;France
33710;BOURG;France
52200;BOURG;France
67420;BOURG;France
27310;BOURG ACHARD;France
86390;BOURG ARCHAMBAULT;France
42220;BOURG ARGENTAL;France
27380;BOURG BEAUDOUIN;France
29860;BOURG BLANC;France
67420;BOURG BRUCHE;France
17230;BOURG CHAPON;France
16200;BOURG CHARENTE;France
31110;BOURG D OUEIL;France
65130;BOURG DE BIGORRE;France
26300;BOURG DE PEAGE;France
39300;BOURG DE SIROD;France
69240;BOURG DE THIZY;France
82190;BOURG DE VISA;France
35890;BOURG DES COMPTES;France
24320;BOURG DES MAISONS;France
24600;BOURG DU BOST;France
01000;BOURG EN BRESSE;France
02160;BOURG ET COMIN;France
08230;BOURG FIDELE;France
49520;BOURG L EVEQUE;France
92340;BOURG LA REINE;France
63760;BOURG LASTIC;France
71110;BOURG LE COMTE;France
72610;BOURG LE ROI;France
26500;BOURG LES VALENCE;France
66760;BOURG MADAME;France
90110;BOURG SOUS CHATELET;France
07700;BOURG ST ANDEOL;France
31570;BOURG ST BERNARD;France
01800;BOURG ST CHRISTOPHE;France
73700;BOURG ST MAURICE;France
52150;BOURG STE MARIE;France
57260;BOURGALTROFF;France
23400;BOURGANEUF;France
35230;BOURGBARRE;France
14430;BOURGEAUVILLE;France
18000;BOURGES;France
73110;BOURGET EN HUILE;France
68300;BOURGFELDEN;France
67140;BOURGHEIM;France
59830;BOURGHELLES;France
24400;BOURGNAC;France
17220;BOURGNEUF;France
73390;BOURGNEUF;France
49290;BOURGNEUF EN MAUGES;France
44580;BOURGNEUF EN RETZ;France
71640;BOURGNEUF VAL D OR;France
51110;BOURGOGNE;France
38300;BOURGOIN JALLIEU;France
53410;BOURGON;France
47410;BOURGOUGNAGUE;France
27520;BOURGTHEROULDE INFREVILLE;France
14540;BOURGUEBUS;France
37140;BOURGUEIL;France
50800;BOURGUENOLLES;France
25150;BOURGUIGNON;France
70800;BOURGUIGNON LES CONFLANS;France
70190;BOURGUIGNON LES LA CHARITE;France
70120;BOURGUIGNON LES MOREY;France
02300;BOURGUIGNON SOUS COUCY;France
02000;BOURGUIGNON SOUS MONTBAVIN;France
10110;BOURGUIGNONS;France
71630;BOURGVILAIN;France
33113;BOURIDEYS;France
11300;BOURIEGE;France
11300;BOURIGEOLE;France
65170;BOURISP;France
47370;BOURLENS;France
62860;BOURLON;France
52150;BOURMONT;France
27230;BOURNAINVILLE;France
27230;BOURNAINVILLE FAVEROLLES;France
37240;BOURNAN;France
86120;BOURNAND;France
12390;BOURNAZEL;France
81170;BOURNAZEL;France
85200;BOURNEAU;France
47210;BOURNEL;France
27500;BOURNEVILLE;France
85480;BOURNEZEAU;France
24150;BOURNIQUEL;France
25250;BOURNOIS;France
43360;BOURNONCLE ST PIERRE;France
15390;BOURNONCLES;France
62240;BOURNONVILLE;France
64450;BOURNOS;France
90140;BOUROGNE;France
47320;BOURRAN;France
41400;BOURRE;France
65100;BOURREAC;France
82700;BOURRET;France
40120;BOURRIOT BERGONCE;France
77780;BOURRON MARLOTTE;France
24110;BOURROU;France
32370;BOURROUILLAN;France
62550;BOURS;France
65460;BOURS;France
51480;BOURSAULT;France
41270;BOURSAY;France
57370;BOURSCHEID;France
22130;BOURSEUL;France
80130;BOURSEVILLE;France
70000;BOURSIERES;France
62147;BOURSIES;France
62132;BOURSIN;France
60141;BOURSONNE;France
27580;BOURTH;France
62650;BOURTHES;France
68200;BOURTZWILLER;France
76740;BOURVILLE;France
60240;BOURY EN VEXIN;France
57460;BOUSBACH;France
59166;BOUSBECQUE;France
59222;BOUSIES;France
59178;BOUSIGNIES;France
59149;BOUSIGNIES SUR ROC;France
12160;BOUSSAC;France
23600;BOUSSAC;France
46100;BOUSSAC;France
23600;BOUSSAC BOURG;France
79600;BOUSSAIS;France
31420;BOUSSAN;France
37290;BOUSSAY;France
44190;BOUSSAY;France
57310;BOUSSE;France
72270;BOUSSE;France
21250;BOUSSELANGE;France
09320;BOUSSENAC;France
21260;BOUSSENOIS;France
31360;BOUSSENS;France
70500;BOUSSERAUCOURT;France
47420;BOUSSES;France
57230;BOUSSEVILLER;France
21350;BOUSSEY;France
80500;BOUSSICOURT;France
25320;BOUSSIERES;France
59217;BOUSSIERES EN CAMBRESIS;France
59330;BOUSSIERES SUR SAMBRE;France
59168;BOUSSOIS;France
74150;BOUSSY;France
91800;BOUSSY ST ANTOINE;France
57570;BOUST;France
57380;BOUSTROFF;France
81660;BOUT DU PONT DE LARN;France
08160;BOUTANCOURT;France
60220;BOUTAVENT;France
24320;BOUTEILLES ST SEBASTIEN;France
11200;BOUTENAC;France
17120;BOUTENAC TOUVENT;France
60590;BOUTENCOURT;France
91150;BOUTERVILLIERS;France
16120;BOUTEVILLE;France
16100;BOUTIERS ST TROJAN;France
77470;BOUTIGNY;France
28410;BOUTIGNY PROUAIS;France
91820;BOUTIGNY SUR ESSONNE;France
80220;BOUTTENCOURT;France
50480;BOUTTEVILLE;France
31440;BOUTX;France
88530;BOUVACOTE;France
80220;BOUVAINCOURT SUR BRESLE;France
51140;BOUVANCOURT;France
26190;BOUVANTE;France
62380;BOUVELINGHEM;France
08430;BOUVELLEMONT;France
01100;BOUVENT;France
25560;BOUVERANS;France
38390;BOUVESSE QUIRIEU;France
26460;BOUVIERES;France
78280;BOUVIERS;France
59870;BOUVIGNIES;France
62172;BOUVIGNY BOYEFFLES;France
28800;BOUVILLE;France
76360;BOUVILLE;France
91880;BOUVILLE;France
80200;BOUVINCOURT EN VERMANDOIS;France
59830;BOUVINES;France
60220;BOUVRESSE;France
44130;BOUVRON;France
54200;BOUVRON;France
21690;BOUX SOUS SALMAISE;France
88270;BOUXIERES AUX BOIS;France
54770;BOUXIERES AUX CHENES;France
54136;BOUXIERES AUX DAMES;France
54700;BOUXIERES SOUS FROIDMONT;France
88130;BOUXURULLES;France
67330;BOUXWILLER;France
68480;BOUXWILLER;France
51400;BOUY;France
10220;BOUY LUXEMBOURG;France
10400;BOUY SUR ORVIN;France
06510;BOUYON;France
18200;BOUZAIS;France
52110;BOUZANCOURT;France
54930;BOUZANVILLE;France
21200;BOUZE LES BEAUNE;France
63910;BOUZEL;France
88270;BOUZEMONT;France
71150;BOUZERON;France
24250;BOUZIC;France
46330;BOUZIES;France
34140;BOUZIGUES;France
49530;BOUZILLE;France
31420;BOUZIN;France
80300;BOUZINCOURT;France
32290;BOUZON GELLENAVE;France
57320;BOUZONVILLE;France
45300;BOUZONVILLE AUX BOIS;France
45300;BOUZONVILLE EN BEAUCE;France
51150;BOUZY;France
45460;BOUZY LA FORET;France
55190;BOVEE SUR BARBOURE;France
35330;BOVEL;France
80540;BOVELLES;France
80440;BOVES;France
55500;BOVIOLLES;France
17190;BOYARDVILLE;France
62134;BOYAVAL;France
62128;BOYELLES;France
42460;BOYER;France
71700;BOYER;France
01640;BOYEUX ST JEROME;France
12640;BOYNE;France
45300;BOYNES;France
01190;BOZ;France
07410;BOZAS;France
73350;BOZEL;France
12340;BOZOULS;France
55120;BRABANT EN ARGONNE;France
55800;BRABANT LE ROI;France
55100;BRABANT SUR MEUSE;France
33480;BRACH;France
52110;BRACHAY;France
80110;BRACHES;France
76730;BRACHY;France
41250;BRACIEUX;France
39110;BRACON;France
76370;BRACQUEMONT;France
76850;BRACQUETUIT;France
76680;BRADIANCOURT;France
50870;BRAFFAIS;France
30260;BRAGASSARGUES;France
31470;BRAGAYRAC;France
15700;BRAGEAC;France
10340;BRAGELOGNE BEAUVOIR;France
71430;BRAGNY EN CHAROLLAIS;France
71350;BRAGNY SUR SAONE;France
07140;BRAHIC;France
25640;BRAILLANS;France
80150;BRAILLY CORNEHOTTE;France
21350;BRAIN;France
49650;BRAIN SUR ALLONNES;France
49800;BRAIN SUR L AUTHION;France
49220;BRAIN SUR LONGUENEE;France
35660;BRAIN SUR VILAINE;France
39800;BRAINANS;France
02220;BRAINE;France
44830;BRAINS;France
72550;BRAINS SUR GEE;France
53350;BRAINS SUR LES MARCHES;France
50200;BRAINVILLE;France
54800;BRAINVILLE;France
52150;BRAINVILLE SUR MEUSE;France
60113;BRAISNES;France
03360;BRAIZE;France
54740;BRALLEVILLE;France
11150;BRAM;France
73500;BRAMANS;France
76740;BRAMETOT;France
65370;BRAMEVAQUE;France
17210;BRAN;France
19500;BRANCEILLES;France
89113;BRANCHES;France
02320;BRANCOURT EN LAONNOIS;France
02110;BRANCOURT LE GRAND;France
56700;BRANDERION;France
55150;BRANDEVILLE;France
56390;BRANDIVY;France
20222;BRANDO;France
71520;BRANDON;France
12350;BRANDONNET;France
51290;BRANDONVILLERS;France
02130;BRANGES;France
71500;BRANGES;France
38510;BRANGUES;France
89150;BRANNAY;France
25340;BRANNE;France
33420;BRANNE;France
33124;BRANNENS;France
30110;BRANOUX LES TAILLADES;France
39290;BRANS;France
03500;BRANSAT;France
51140;BRANSCOURT;France
77620;BRANSLES;France
84390;BRANTES;France
88130;BRANTIGNY;France
24310;BRANTOME;France
14430;BRANVILLE;France
50440;BRANVILLE HAGUE;France
55400;BRAQUIS;France
83149;BRAS;France
04270;BRAS D ASSE;France
55100;BRAS SUR MEUSE;France
12550;BRASC;France
02400;BRASLES;France
37120;BRASLOU;France
29190;BRASPARTS;France
09000;BRASSAC;France
81260;BRASSAC;France
82190;BRASSAC;France
63570;BRASSAC LES MINES;France
55300;BRASSEITTE;France
40330;BRASSEMPOUY;France
60810;BRASSEUSE;France
58140;BRASSY;France
80160;BRASSY;France
54610;BRATTE;France
52290;BRAUCOURT;France
33820;BRAUD ET ST LOUIS;France
54260;BRAUMONT;France
55170;BRAUVILLIERS;France
04240;BRAUX;France
10500;BRAUX;France
21390;BRAUX;France
52120;BRAUX LE CHATEL;France
51800;BRAUX ST REMY;France
51800;BRAUX STE COHIERE;France
20230;BRAVONE;France
31490;BRAX;France
47310;BRAX;France
27170;BRAY;France
71250;BRAY;France
59123;BRAY DUNES;France
45460;BRAY EN VAL;France
95710;BRAY ET LU;France
14190;BRAY LA CAMPAGNE;France
80580;BRAY LES MAREUIL;France
02480;BRAY ST CHRISTOPHE;France
77480;BRAY SUR SEINE;France
80340;BRAY SUR SOMME;France
02880;BRAYE;France
02000;BRAYE EN LAONNOIS;France
02140;BRAYE EN THIERACHE;France
02880;BRAYE SOUS CLAMECY;France
37120;BRAYE SOUS FAYE;France
37330;BRAYE SUR MAULNE;France
21430;BRAZEY EN MORVAN;France
21470;BRAZEY EN PLAINE;France
35310;BREAL SOUS MONTFORT;France
35370;BREAL SOUS VITRE;France
95640;BREANCON;France
77720;BREAU;France
30120;BREAU ET SALAGOSSE;France
76110;BREAUTE;France
51320;BREBAN;France
62117;BREBIERES;France
90140;BREBOTTE;France
35530;BRECE;France
53120;BRECE;France
50370;BRECEY;France
56400;BRECH;France
88350;BRECHAINVILLE;France
28210;BRECHAMPS;France
68210;BRECHAUMONT;France
37330;BRECHES;France
67310;BRECHLINGEN;France
25640;BRECONCHAUX;France
50160;BRECTOUVILLE;France
02210;BRECY;France
18220;BRECY;France
08400;BRECY BRIERES;France
53150;BREE;France
61100;BREEL;France
01300;BREGNIER CORDON;France
60440;BREGY;France
57340;BREHAIN;France
54190;BREHAIN LA VILLE;France
50290;BREHAL;France
56580;BREHAN;France
22510;BREHAND;France
37130;BREHEMONT;France
55150;BREHEVILLE;France
57720;BREIDENBACH;France
49490;BREIL;France
06540;BREIL SUR ROYA;France
80470;BREILLY;France
57570;BREISTROFF LA GRANDE;France
67220;BREITENAU;France
67220;BREITENBACH;France
68380;BREITENBACH HAUT RHIN;France
29810;BRELES;France
22140;BRELIDY;France
85470;BREM SUR MER;France
54540;BREMENIL;France
62610;BREMES;France
67160;BREMMELBACH;France
54290;BREMONCOURT;France
25530;BREMONDANS;France
76220;BREMONTIER MERVAL;France
14260;BREMOY;France
21400;BREMUR ET VAUROIS;France
26260;BREN;France
11500;BRENAC;France
34650;BRENAS;France
63500;BRENAT;France
01260;BRENAZ;France
02220;BRENELLE;France
46320;BRENGUES;France
52200;BRENNES;France
29690;BRENNILIS;France
01110;BRENOD;France
83840;BRENON;France
60870;BRENOUILLE;France
48000;BRENOUX;France
01300;BRENS;France
81600;BRENS;France
74890;BRENTHONNE;France
02210;BRENY;France
25440;BRERES;France
39230;BRERY;France
17490;BRESDON;France
70140;BRESILLEY;France
80300;BRESLE;France
60510;BRESLES;France
03210;BRESNAY;France
61190;BRESOLETTES;France
71460;BRESSE SUR GROSNE;France
21560;BRESSEY SUR TILLE;France
38870;BRESSIEUX;France
01360;BRESSOLLES;France
03000;BRESSOLLES;France
82710;BRESSOLS;France
38320;BRESSON;France
52230;BRESSONCOURT;France
79300;BRESSUIRE;France
29200;BREST;France
27350;BRESTOT;France
36110;BRETAGNE;France
90130;BRETAGNE;France
32800;BRETAGNE D ARMAGNAC;France
40280;BRETAGNE DE MARSAN;France
27220;BRETAGNOLLES;France
45250;BRETEAU;France
35160;BRETEIL;France
21110;BRETENIERE;France
39120;BRETENIERES;France
46130;BRETENOUX;France
27160;BRETEUIL;France
60120;BRETEUIL;France
61270;BRETHEL;France
52000;BRETHENAY;France
25250;BRETIGNEY;France
25110;BRETIGNEY NOTRE DAME;France
79140;BRETIGNOLLES;France
53110;BRETIGNOLLES LE MOULIN;France
85470;BRETIGNOLLES SUR MER;France
21490;BRETIGNY;France
27800;BRETIGNY;France
60400;BRETIGNY;France
91220;BRETIGNY SUR ORGE;France
61110;BRETONCELLES;France
25380;BRETONVILLERS;France
26340;BRETTE;France
72250;BRETTE LES PINS;France
68780;BRETTEN;France
16240;BRETTES;France
50110;BRETTEVILLE;France
76110;BRETTEVILLE DU GRAND CAUX;France
14740;BRETTEVILLE L ORGUEILLEUSE;France
14190;BRETTEVILLE LE RABET;France
76560;BRETTEVILLE ST LAURENT;France
50430;BRETTEVILLE SUR AY;France
14170;BRETTEVILLE SUR DIVES;France
14680;BRETTEVILLE SUR LAIZE;France
14760;BRETTEVILLE SUR ODON;France
57320;BRETTNACH;France
31530;BRETX;France
70300;BREUCHES;France
70280;BREUCHOTTE;France
58460;BREUGNON;France
51140;BREUIL;France
80400;BREUIL;France
85120;BREUIL BARRET;France
78930;BREUIL BOIS ROBERT;France
79300;BREUIL CHAUSSEE;France
17700;BREUIL LA REORTE;France
60840;BREUIL LE SEC;France
60600;BREUIL LE VERT;France
17870;BREUIL MAGNE;France
52170;BREUIL SUR MARNE;France
87300;BREUILAUFA;France
24380;BREUILH;France
17920;BREUILLET;France
91650;BREUILLET;France
27640;BREUILPONT;France
70160;BREUREY LES FAVERNEY;France
67112;BREUSCHWICKERSHEIM;France
52240;BREUVANNES EN BASSIGNY;France
51240;BREUVERY SUR COOLE;France
50260;BREUVILLE;France
55600;BREUX;France
91650;BREUX JOUY;France
27570;BREUX SUR AVRE;France
41160;BREVAINVILLE;France
78980;BREVAL;France
50500;BREVANDS;France
39100;BREVANS;France
58530;BREVES;France
10450;BREVIANDES;France
16370;BREVILLE;France
14860;BREVILLE LES MONTS;France
50290;BREVILLE SUR MER;France
62140;BREVILLERS;France
80600;BREVILLERS;France
70400;BREVILLIERS;France
08140;BREVILLY;France
10220;BREVONNES;France
62170;BREXENT ENOCQ;France
25240;BREY ET MAISON DU BOIS;France
49260;BREZE;France
05190;BREZIERS;France
11270;BREZILHAC;France
38590;BREZINS;France
28270;BREZOLLES;France
15230;BREZONS;France
05100;BRIANCON;France
06850;BRIANCONNET;France
21390;BRIANNY;France
71110;BRIANT;France
36400;BRIANTES;France
45250;BRIARE;France
45390;BRIARRES SUR ESSONNE;France
59730;BRIASTRE;France
81390;BRIATEXTE;France
52700;BRIAUCOURT;France
70800;BRIAUCOURT;France
52120;BRICON;France
28300;BRICONVILLE;France
50260;BRICQUEBEC;France
50340;BRICQUEBOSQ;France
14710;BRICQUEVILLE;France
50200;BRICQUEVILLE LA BLOUETTE;France
50290;BRICQUEVILLE SUR MER;France
45310;BRICY;France
73570;BRIDES LES BAINS;France
37600;BRIDORE;France
02870;BRIE;France
09700;BRIE;France
16590;BRIE;France
35150;BRIE;France
79100;BRIE;France
80200;BRIE;France
16210;BRIE BARDENAC;France
77170;BRIE COMTE ROBERT;France
38320;BRIE ET ANGONNES;France
17520;BRIE SOUS ARCHIAC;France
16300;BRIE SOUS BARBEZIEUX;France
16210;BRIE SOUS CHALAIS;France
17160;BRIE SOUS MATHA;France
17120;BRIE SOUS MORTAGNE;France
29510;BRIEC;France
10140;BRIEL SUR BARSE;France
35370;BRIELLES;France
71290;BRIENNE;France
10500;BRIENNE LA VIEILLE;France
10500;BRIENNE LE CHATEAU;France
08190;BRIENNE SUR AISNE;France
42720;BRIENNON;France
89210;BRIENON SUR ARMANCON;France
91150;BRIERES LES SCELLES;France
79170;BRIEUIL SUR CHIZE;France
08240;BRIEULLES SUR BAR;France
55110;BRIEULLES SUR MEUSE;France
61160;BRIEUX;France
54150;BRIEY;France
63820;BRIFFONS;France
34800;BRIGNAC;France
56430;BRIGNAC;France
19310;BRIGNAC LA PLAINE;France
69530;BRIGNAIS;France
95640;BRIGNANCOURT;France
49700;BRIGNE;France
31480;BRIGNEMONT;France
29890;BRIGNOGAN PLAGE;France
83170;BRIGNOLES;France
30190;BRIGNON;France
38190;BRIGNOUD;France
86290;BRIGUEIL LE CHANTRE;France
16420;BRIGUEUIL;France
91640;BRIIS SOUS FORGES;France
16500;BRILLAC;France
10240;BRILLECOURT;France
50330;BRILLEVAST;France
59178;BRILLON;France
55000;BRILLON EN BARROIS;France
62170;BRIMEUX;France
51220;BRIMONT;France
54280;BRIN SUR SEILLE;France
18120;BRINAY;France
58110;BRINAY;France
68870;BRINCKHEIM;France
69126;BRINDAS;France
22170;BRINGOLO;France
68720;BRINIGHOFFEN;France
58420;BRINON SUR BEUVRON;France
18410;BRINON SUR SAULDRE;France
39570;BRIOD;France
49125;BRIOLLAY;France
01460;BRION;France
36110;BRION;France
38590;BRION;France
48310;BRION;France
49250;BRION;France
71190;BRION;France
86160;BRION;France
89400;BRION;France
79290;BRION PRES THOUET;France
21570;BRION SUR OURCE;France
27800;BRIONNE;France
01470;BRIORD;France
72110;BRIOSNE LES SABLES;France
60210;BRIOT;France
41370;BRIOU;France
43100;BRIOUDE;France
79170;BRIOUX SUR BOUTONNE;France
61220;BRIOUZE;France
80540;BRIQUEMESNIL FLOXICOURT;France
08240;BRIQUENAY;France
64240;BRISCOUS;France
73100;BRISON ST INNOCENT;France
34190;BRISSAC;France
49320;BRISSAC QUINCE;France
49330;BRISSARTHE;France
02240;BRISSAY CHOIGNY;France
02240;BRISSY HAMEGICOURT;France
19100;BRIVE LA GAILLARDE;France
36100;BRIVES;France
72150;BRIVES;France
43700;BRIVES CHARENSAC;France
17800;BRIVES SUR CHARENTE;France
19120;BRIVEZAC;France
50700;BRIX;France
55140;BRIXEY AUX CHANOINES;France
17770;BRIZAMBOURG;France
37220;BRIZAY;France
55250;BRIZEAUX;France
74130;BRIZON;France
49490;BROC;France
40420;BROCAS;France
21220;BROCHON;France
14430;BROCOTTES;France
80430;BROCOURT;France
55120;BROCOURT EN ARGONNE;France
27270;BROGLIE;France
25600;BROGNARD;France
08380;BROGNON;France
21490;BROGNON;France
21250;BROIN;France
21220;BROINDON;France
39320;BROISSIA;France
60210;BROMBOS;France
45390;BROMEILLES;France
12600;BROMMAT;France
63230;BROMONT LAMOTHE;France
69500;BRON;France
52500;BRONCOURT;France
57535;BRONVAUX;France
22250;BROONS;France
35220;BROONS SUR VILAINE;France
60220;BROQUIERS;France
12480;BROQUIES;France
16480;BROSSAC;France
07340;BROSSAINC;France
49700;BROSSAY;France
89660;BROSSES;France
27930;BROSVILLE;France
70300;BROTTE LES LUXEUIL;France
70180;BROTTE LES RAY;France
52000;BROTTES;France
01000;BROU;France
28160;BROU;France
77177;BROU SUR CHANTEREINE;France
17320;BROUAGE;France
50150;BROUAINS;France
35120;BROUALAN;France
14250;BROUAY;France
24210;BROUCHAUD;France
80400;BROUCHY;France
57220;BROUCK;France
59630;BROUCKERQUE;France
57565;BROUDERDORFF;France
28410;BROUE;France
55700;BROUENNES;France
66620;BROUILLA;France
51170;BROUILLET;France
33124;BROUQUEYRAN;France
23700;BROUSSE;France
63490;BROUSSE;France
81440;BROUSSE;France
12480;BROUSSE LE CHATEAU;France
11390;BROUSSES ET VILLARET;France
52130;BROUSSEVAL;France
55190;BROUSSEY EN BLOIS;France
55200;BROUSSEY RAULECOURT;France
51230;BROUSSY LE GRAND;France
51230;BROUSSY LE PETIT;France
03110;BROUT VERNET;France
52230;BROUTHIERES;France
88600;BROUVELIEURES;France
54120;BROUVILLE;France
57119;BROUVILLER;France
91150;BROUY;France
30580;BROUZET LES ALES;France
30260;BROUZET LES QUISSAC;France
83440;BROVES;France
59470;BROXEELE;France
71190;BROYE;France
70140;BROYE AUBIGNEY MONTSEUGNY;France
70100;BROYE LES LOUPS ET VERFONTAINE;France
51120;BROYES;France
60120;BROYES;France
81600;BROZE;France
88700;BRU;France
71500;BRUAILLES;France
62700;BRUAY LA BUISSIERE;France
59860;BRUAY SUR L ESCAUT;France
35550;BRUC SUR AFF;France
80690;BRUCAMPS;France
47130;BRUCH;France
50480;BRUCHEVILLE;France
14160;BRUCOURT;France
83119;BRUE AURIAC;France
68440;BRUEBACH;France
78440;BRUEIL EN VEXIN;France
18200;BRUERE ALLICHAMPS;France
11300;BRUGAIROLLES;France
33520;BRUGES;France
64800;BRUGES CAPBIS MIFAGET;France
03700;BRUGHEAS;France
47260;BRUGNAC;France
32500;BRUGNENS;France
51530;BRUGNY VAUDANCOURT;France
31150;BRUGUIERES;France
59490;BRUILLE LEZ MARCHIENNES;France
59199;BRUILLE ST AMAND;France
05150;BRUIS;France
79230;BRULAIN;France
57340;BRULANGE;France
54200;BRULEY;France
61390;BRULLEMAIL;France
69690;BRULLIOLES;France
72350;BRULON;France
67170;BRUMATH;France
02810;BRUMETZ;France
02360;BRUNEHAMEL;France
28400;BRUNELLES;France
62240;BRUNEMBERT;France
59151;BRUNEMONT;France
04210;BRUNET;France
82800;BRUNIQUEL;France
91800;BRUNOY;France
68350;BRUNSTATT;France
76630;BRUNVILLE;France
60130;BRUNVILLERS LA MOTTE;France
12360;BRUSQUE;France
70150;BRUSSEY;France
69690;BRUSSIEU;France
51300;BRUSSON;France
22100;BRUSVILY;France
80230;BRUTELLES;France
54800;BRUVILLE;France
86510;BRUX;France
88600;BRUYERES;France
02860;BRUYERES ET MONTBERAULT;France
91680;BRUYERES LE CHATEL;France
02130;BRUYERES SUR FERE;France
95820;BRUYERES SUR OISE;France
02220;BRUYS;France
35170;BRUZ;France
59144;BRY;France
94360;BRY SUR MARNE;France
62130;BRYAS;France
28410;BU;France
50640;BUAIS;France
40320;BUANES;France
61190;BUBERTRE;France
56310;BUBRY;France
78530;BUC;France
90800;BUC;France
60480;BUCAMPS;France
14250;BUCEELS;France
10190;BUCEY EN OTHE;France
70700;BUCEY LES GY;France
70360;BUCEY LES TRAVES;France
78200;BUCHELAY;France
10800;BUCHERES;France
52330;BUCHEY;France
57420;BUCHY;France
76750;BUCHY;France
02500;BUCILLY;France
62116;BUCQUOY;France
02880;BUCY LE LONG;France
45410;BUCY LE ROI;France
02870;BUCY LES CERNY;France
02350;BUCY LES PIERREPONT;France
45140;BUCY ST LIPHARD;France
23170;BUDELIERE;France
57920;BUDING;France
57970;BUDLING;France
33720;BUDOS;France
18300;BUE;France
27730;BUEIL;France
37370;BUEIL EN TOURAINE;France
01310;BUELLAS;France
68210;BUETHWILLER;France
25440;BUFFARD;France
71250;BUFFIERES;France
70500;BUFFIGNECOURT;France
21500;BUFFON;France
11190;BUGARACH;France
65220;BUGARD;France
19170;BUGEAT;France
64190;BUGNEIN;France
59151;BUGNICOURT;France
52210;BUGNIERES;France
25520;BUGNY;France
22710;BUGUELES;France
67470;BUHL;France
68530;BUHL;France
57400;BUHL LORRAINE;France
95770;BUHY;France
60380;BUICOURT;France
80132;BUIGNY L ABBE;France
80220;BUIGNY LES GAMACHES;France
80132;BUIGNY ST MACLOU;France
02500;BUIRE;France
62390;BUIRE AU BOIS;France
80200;BUIRE COURCELLES;France
62870;BUIRE LE SEC;France
80300;BUIRE SUR L ANCRE;France
02620;BUIRONFOSSE;France
26170;BUIS LES BARONNIES;France
27240;BUIS SUR DAMVILLE;France
05500;BUISSARD;France
84110;BUISSON;France
54110;BUISSONCOURT;France
62860;BUISSY;France
87460;BUJALEUF;France
55250;BULAINVILLE;France
65130;BULAN;France
22160;BULAT PESTIVIEN;France
58400;BULCY;France
56420;BULEON;France
88140;BULGNEVILLE;France
63350;BULHON;France
28800;BULLAINVILLE;France
25560;BULLE;France
62128;BULLECOURT;France
60130;BULLES;France
54113;BULLIGNY;France
78830;BULLION;France
28160;BULLOU;France
14320;BULLY;France
42260;BULLY;France
69210;BULLY;France
76270;BULLY;France
62160;BULLY LES MINES;France
08450;BULSON;France
88700;BULT;France
65400;BUN;France
21400;BUNCEY;France
62130;BUNEVILLE;France
91720;BUNO BONNEVAUX;France
64120;BUNUS;France
16110;BUNZAC;France
84480;BUOUX;France
67260;BURBACH;France
62151;BURBURE;France
38690;BURCIN;France
14410;BURCY;France
77890;BURCY;France
42220;BURDIGNES;France
74420;BURDIGNIN;France
55290;BURE;France
57710;BURE;France
61170;BURE;France
21290;BURE LES TEMPLIERS;France
02140;BURELLES;France
54370;BURES;France
61170;BURES;France
76660;BURES EN BRAY;France
14350;BURES LES MONTS;France
14670;BURES SUR DIVES;France
91440;BURES SUR YVETTE;France
27190;BUREY;France
55140;BUREY EN VAUX;France
55140;BUREY LA COTE;France
65190;BURG;France
31440;BURGALAYS;France
64390;BURGARONNE;France
25170;BURGILLE;France
87800;BURGNAC;France
71260;BURGY;France
17770;BURIE;France
54450;BURIVILLE;France
81100;BURLATS;France
57170;BURLIONCOURT;France
71460;BURNAND;France
25470;BURNEVILLERS;France
68520;BURNHAUPT LE BAS;France
68520;BURNHAUPT LE HAUT;France
64160;BUROS;France
64330;BUROSSE MENDOUSSE;France
09000;BURRET;France
61500;BURSARD;France
54210;BURTHECOURT AUX CHENES;France
57220;BURTONCOURT;France
60250;BURY;France
07450;BURZET;France
71460;BURZY;France
62124;BUS;France
80700;BUS LA MESIERE;France
80560;BUS LES ARTOIS;France
27630;BUS ST REMY;France
68220;BUSCHWILLER;France
59137;BUSIGNY;France
41160;BUSLOUP;France
62350;BUSNES;France
81300;BUSQUE;France
24350;BUSSAC;France
17210;BUSSAC FORET;France
17100;BUSSAC SUR CHARENTE;France
88540;BUSSANG;France
21510;BUSSEAUT;France
63270;BUSSEOL;France
24360;BUSSEROLLES;France
21580;BUSSEROTTE ET MONTENAILLE;France
03270;BUSSET;France
02810;BUSSIARES;France
24360;BUSSIERE BADIL;France
87330;BUSSIERE BOFFY;France
23320;BUSSIERE DUNOISE;France
87230;BUSSIERE GALANT;France
23700;BUSSIERE NOUVELLE;France
87320;BUSSIERE POITEVINE;France
23600;BUSSIERE ST GEORGES;France
21580;BUSSIERES;France
42510;BUSSIERES;France
63330;BUSSIERES;France
70190;BUSSIERES;France
71960;BUSSIERES;France
77750;BUSSIERES;France
89630;BUSSIERES;France
63260;BUSSIERES ET PRUNS;France
52500;BUSSIERES LES BELMONT;France
52700;BUSSON;France
80200;BUSSU;France
64220;BUSSUNARITS SARRASQUETTE;France
70400;BUSSUREL;France
80135;BUSSUS BUSSUEL;France
18130;BUSSY;France
60400;BUSSY;France
42260;BUSSY ALBIEUX;France
89400;BUSSY EN OTHE;France
55000;BUSSY LA COTE;France
21540;BUSSY LA PESLE;France
58420;BUSSY LA PESLE;France
51600;BUSSY LE CHATEAU;France
21150;BUSSY LE GRAND;France
51330;BUSSY LE REPOS;France
89500;BUSSY LE REPOS;France
80800;BUSSY LES DAOURS;France
80290;BUSSY LES POIX;France
51320;BUSSY LETTREE;France
77600;BUSSY ST GEORGES;France
77600;BUSSY ST MARTIN;France
67320;BUST;France
20212;BUSTANICO;France
64220;BUSTINCE IRIBERRY;France
67350;BUSWILLER;France
25320;BUSY;France
55160;BUTGNEVILLE;France
70190;BUTHIERS;France
77760;BUTHIERS;France
76890;BUTOT;France
76450;BUTOT EN CAUX;France
76450;BUTOT VENESVILLE;France
95430;BUTRY SUR OISE;France
89360;BUTTEAUX;France
67430;BUTTEN;France
80400;BUVERCHY;France
39800;BUVILLY;France
21290;BUXEROLLES;France
86180;BUXEROLLES;France
55300;BUXERULLES;France
10110;BUXEUIL;France
36150;BUXEUIL;France
37160;BUXEUIL;France
36230;BUXIERES D AILLAC;France
52240;BUXIERES LES CLEFMONT;France
52320;BUXIERES LES FRONCLES;France
03440;BUXIERES LES MINES;France
52000;BUXIERES LES VILLIERS;France
55300;BUXIERES SOUS LES COTES;France
63700;BUXIERES SOUS MONTAIGUT;France
10110;BUXIERES SUR ARCE;France
71390;BUXY;France
59285;BUYSSCHEURE;France
09800;BUZAN;France
36500;BUZANCAIS;France
02200;BUZANCY;France
08240;BUZANCY;France
12150;BUZEINS;France
92500;BUZENVAL;France
47160;BUZET SUR BAISE;France
31660;BUZET SUR TARN;France
64680;BUZIET;France
34160;BUZIGNARGUES;France
65140;BUZON;France
64260;BUZY;France
55400;BUZY DARMONT;France
25440;BY;France
70400;BYANS;France
25320;BYANS SUR DOUBS;France
