91590;D HUISON LONGUEVILLE;France
57850;DABO;France
67120;DACHSTEIN;France
45300;DADONVILLE;France
24250;DAGLAN;France
01120;DAGNEUX;France
77320;DAGNY;France
02140;DAGNY LAMBERCY;France
55500;DAGONVILLE;France
67310;DAHLENHEIM;France
33420;DAIGNAC;France
08140;DAIGNY;France
52110;DAILLANCOURT;France
52240;DAILLECOURT;France
62000;DAINVILLE;France
55130;DAINVILLE BERTHELEVILLE;France
21121;DAIX;France
57550;DALEM;France
57340;DALHAIN;France
67770;DALHUNDEN;France
63111;DALLET;France
02680;DALLON;France
09120;DALOU;France
57320;DALSTEIN;France
06470;DALUIS;France
88330;DAMAS AUX BOIS;France
88270;DAMAS ET BETTEGNEY;France
47160;DAMAZAN;France
67110;DAMBACH;France
67650;DAMBACH LA VILLE;France
25150;DAMBELIN;France
25600;DAMBENOIS;France
70200;DAMBENOIT LES COLOMBE;France
88320;DAMBLAIN;France
14620;DAMBLAINVILLE;France
28140;DAMBRON;France
27160;DAME MARIE;France
61130;DAME MARIE;France
37110;DAME MARIE LES BOIS;France
54360;DAMELEVIERES;France
60210;DAMERAUCOURT;France
71620;DAMEREY;France
51480;DAMERY;France
80700;DAMERY;France
56750;DAMGAN;France
81220;DAMIATTE;France
61250;DAMIGNY;France
55400;DAMLOUP;France
02470;DAMMARD;France
28360;DAMMARIE;France
45420;DAMMARIE EN PUISAYE;France
77190;DAMMARIE LES LYS;France
45230;DAMMARIE SUR LOING;France
55500;DAMMARIE SUR SAULX;France
77230;DAMMARTIN EN GOELE;France
78111;DAMMARTIN EN SERVE;France
25110;DAMMARTIN LES TEMPLIERS;France
39290;DAMMARTIN MARPAIN;France
52140;DAMMARTIN SUR MEUSE;France
77163;DAMMARTIN SUR TIGEAUX;France
59680;DAMOUSIES;France
08090;DAMOUZY;France
39500;DAMPARIS;France
10240;DAMPIERRE;France
14350;DAMPIERRE;France
39700;DAMPIERRE;France
52360;DAMPIERRE;France
51400;DAMPIERRE AU TEMPLE;France
76220;DAMPIERRE EN BRAY;France
71310;DAMPIERRE EN BRESSE;France
45570;DAMPIERRE EN BURLY;France
18260;DAMPIERRE EN CROT;France
18310;DAMPIERRE EN GRACAY;France
21350;DAMPIERRE EN MONTAGNE;France
78720;DAMPIERRE EN YVELINES;France
21310;DAMPIERRE ET FLEE;France
51330;DAMPIERRE LE CHATEAU;France
25490;DAMPIERRE LES BOIS;France
70800;DAMPIERRE LES CONFLANS;France
58310;DAMPIERRE SOUS BOUHY;France
28160;DAMPIERRE SOUS BROU;France
76510;DAMPIERRE ST NICOLAS;France
28350;DAMPIERRE SUR AVRE;France
28170;DAMPIERRE SUR BLEVY;France
17470;DAMPIERRE SUR BOUTONNE;France
25420;DAMPIERRE SUR LE DOUBS;France
70230;DAMPIERRE SUR LINOTTE;France
49400;DAMPIERRE SUR LOIRE;France
51240;DAMPIERRE SUR MOIVRE;France
70180;DAMPIERRE SUR SALON;France
25190;DAMPJOUX;France
02600;DAMPLEUX;France
77400;DAMPMART;France
19360;DAMPNIAT;France
25450;DAMPRICHARD;France
27630;DAMPSMESNIL;France
70000;DAMPVALLEY LES COLOMBE;France
70210;DAMPVALLEY ST PANCRAS;France
54470;DAMPVITOUX;France
52400;DAMREMONT;France
27240;DAMVILLE;France
55150;DAMVILLERS;France
85420;DAMVIX;France
42260;DANCE;France
61340;DANCE;France
52210;DANCEVOIR;France
76340;DANCOURT;France
80700;DANCOURT POPINCOURT;France
28800;DANCY;France
14430;DANESTAL;France
86220;DANGE ST ROMAIN;France
28160;DANGEAU;France
28190;DANGERS;France
72260;DANGEUL;France
67310;DANGOLSHEIM;France
27720;DANGU;France
50750;DANGY;France
02800;DANIZY;France
90400;DANJOUTIN;France
57370;DANNE ET QUATRE VENTS;France
57820;DANNELBOURG;France
25310;DANNEMARIE;France
68210;DANNEMARIE;France
78550;DANNEMARIE;France
25410;DANNEMARIE SUR CRETE;France
89700;DANNEMOINE;France
91490;DANNEMOIS;France
62187;DANNES;France
55110;DANNEVOUX;France
14770;DANVOU LA FERRIERE;France
41160;DANZE;France
53200;DAON;France
29460;DAOULAS;France
80800;DAOURS;France
19220;DARAZAC;France
39230;DARBONNAY;France
07170;DARBRES;France
21150;DARCEY;France
33420;DARDENAC;France
52190;DARDENAY;France
27930;DARDEZ;France
69570;DARDILLY;France
69490;DAREIZE;France
60210;DARGIES;France
80570;DARGNIES;France
42800;DARGOIRE;France
69440;DARGOIRE;France
52700;DARMANNES;France
55400;DARMONT;France
87320;DARNAC;France
76160;DARNETAL;France
19300;DARNETS;France
88260;DARNEY;France
88170;DARNEY AUX CHENES;France
88390;DARNIEULLES;France
21121;DAROIS;France
77140;DARVAULT;France
45150;DARVOY;France
25230;DASLE;France
67150;DAUBENSAND;France
27110;DAUBEUF LA CAMPAGNE;France
27430;DAUBEUF PRES VATTEVILLE;France
76110;DAUBEUF SERVILLE;France
33540;DAUBEZE;France
10270;DAUDES;France
67350;DAUENDORF;France
09350;DAUMAZAN SUR ARIZE;France
49640;DAUMERAY;France
04300;DAUPHIN;France
47140;DAUSSE;France
31700;DAUX;France
63340;DAUZAT SUR VODABLE;France
63200;DAVAYAT;France
71960;DAVAYE;France
11330;DAVEJEAN;France
80500;DAVENESCOURT;France
07430;DAVEZIEUX;France
19250;DAVIGNAC;France
10130;DAVREY;France
78810;DAVRON;France
40100;DAX;France
14800;DEAUVILLE;France
30360;DEAUX;France
42130;DEBATS RIVIERE D ORPRA;France
12300;DECAZEVILLE;France
59187;DECHY;France
69150;DECINES CHARPIEU;France
58300;DECIZE;France
57170;DEDELING;France
46340;DEGAGNAC;France
72550;DEGRE;France
72400;DEHAULT;France
59127;DEHERIES;France
67430;DEHLINGEN;France
88700;DEINVILLERS;France
18800;DEJOINTES;France
70180;DELAIN;France
62129;DELETTES;France
60240;DELINCOURT;France
90100;DELLE;France
57590;DELME;France
55130;DELOUZE ROSIERES;France
55150;DELUT;France
25960;DELUZ;France
04120;DEMANDOLX;France
55130;DEMANGE AUX EAUX;France
70210;DEMANGEVELLE;France
74120;DEMI QUARTIER;France
71150;DEMIGNY;France
14840;DEMOUVILLE;France
32190;DEMU;France
80110;DEMUIN;France
59220;DENAIN;France
81120;DENAT;France
53400;DENAZE;France
49190;DENEE;France
76590;DENESTANVILLE;France
03140;DENEUILLE LES CHANTELLE;France
03170;DENEUILLE LES MINES;France
54120;DENEUVRE;France
70180;DENEVRE;France
49700;DENEZE SOUS DOUE;France
49490;DENEZE SOUS LE LUDE;France
39130;DENEZIERES;France
64230;DENGUIN;France
69640;DENICE;France
62810;DENIER;France
88210;DENIPAIRE;France
62560;DENNEBROEUCQ;France
50580;DENNEVILLE;France
71510;DENNEVY;France
90160;DENNEY;France
28700;DENONVILLE;France
78570;DENOUVAL;France
57220;DENTING;France
36130;DEOLS;France
88270;DERBAMONT;France
26740;DERBIERES;France
86420;DERCE;France
76370;DERCHIGNY;France
02270;DERCY;France
11330;DERNACUEILLETTE;France
80300;DERNANCOURT;France
44590;DERVAL;France
07570;DESAIGNES;France
25750;DESANDANS;France
37160;DESCARTES;France
03630;DESERTINES;France
53190;DESERTINES;France
25330;DESERVILLERS;France
43300;DESGES;France
74270;DESINGY;France
45390;DESMONTS;France
39140;DESNES;France
57930;DESSELING;France
68600;DESSENHEIM;France
39320;DESSIA;France
88600;DESTORD;France
57340;DESTRY;France
62240;DESVRES;France
21220;DETAIN ET BRUANT;France
73110;DETRIER;France
71190;DETTEY;France
67490;DETTWILLER;France
95170;DEUIL LA BARRE;France
02700;DEUILLET;France
59890;DEULEMONT;France
03240;DEUX CHAISES;France
53150;DEUX EVAILLES;France
14230;DEUX JUMEAUX;France
15110;DEUX VERGES;France
55300;DEUXNOUDS AUX BOIS;France
55250;DEUXNOUDS DEVANT BEAUZEE;France
54370;DEUXVILLE;France
58300;DEVAY;France
25870;DEVECEY;France
07320;DEVESSET;France
65230;DEVEZE;France
16190;DEVIAT;France
47210;DEVILLAC;France
08800;DEVILLE;France
76250;DEVILLE LES ROUEN;France
80200;DEVISE;France
71330;DEVROUZE;France
88600;DEYCIMONT;France
31450;DEYME;France
88000;DEYVILLERS;France
71150;DEZIZE LES MARANGES;France
77440;DHUISY;France
02220;DHUIZEL;France
41220;DHUIZON;France
21430;DIANCEY;France
57830;DIANE CAPELLE;France
77940;DIANT;France
54930;DIARVILLE;France
71330;DICONNE;France
89120;DICY;France
68350;DIDENHEIM;France
26150;DIE;France
57980;DIEBLING;France
67230;DIEBOLSHEIM;France
67260;DIEDENDORF;France
67220;DIEFFENBACH AU VAL;France
67360;DIEFFENBACH LES WOERTH;France
67650;DIEFFENTHAL;France
68780;DIEFMATTEN;France
69170;DIEME;France
67430;DIEMERINGEN;France
38790;DIEMOZ;France
21120;DIENAY;France
15300;DIENNE;France
86410;DIENNE;France
58340;DIENNES AUBIGNY;France
10500;DIENVILLE;France
76200;DIEPPE;France
55400;DIEPPE SOUS DOUAUMONT;France
76380;DIEPPEDALLE CROISSET;France
37150;DIERRE;France
10190;DIERREY ST JULIEN;France
10190;DIERREY ST PIERRE;France
57890;DIESEN;France
68440;DIETWILLER;France
60530;DIEUDONNE;France
55320;DIEUE SUR MEUSE;France
26220;DIEULEFIT;France
33580;DIEULIVOL;France
54380;DIEULOUARD;France
82170;DIEUPENTALE;France
57260;DIEUZE;France
62460;DIEVAL;France
57660;DIFFEMBACH LES HELLIMER;France
80590;DIGEON;France
89240;DIGES;France
39190;DIGNA;France
16410;DIGNAC;France
04000;DIGNE LES BAINS;France
88000;DIGNONVILLE;France
28250;DIGNY;France
71160;DIGOIN;France
50110;DIGOSVILLE;France
50440;DIGULLEVILLE;France
21000;DIJON;France
89320;DILO;France
45390;DIMANCHEVILLE;France
67440;DIMBSTHAL;France
59740;DIMECHAUX;France
59216;DIMONT;France
22100;DINAN;France
35800;DINARD;France
29150;DINEAULT;France
35440;DINGE;France
67370;DINGSHEIM;France
74520;DINGY EN VUACHE;France
74230;DINGY ST CLAIR;France
88000;DINOZE;France
87210;DINSAC;France
67190;DINSHEIM;France
52120;DINTEVILLE;France
34650;DIO ET VALQUIERES;France
38160;DIONAY;France
30190;DIONS;France
36130;DIORS;France
03290;DIOU;France
36260;DIOU;France
16410;DIRAC;France
29460;DIRINON;France
58190;DIROL;France
85320;DISSAIS;France
89440;DISSANGIS;France
86130;DISSAY;France
72500;DISSAY SOUS COURCILLON;France
72260;DISSE SOUS BALLON;France
72800;DISSE SOUS LE LUDE;France
49400;DISTRE;France
57134;DISTROFF;France
64330;DIUSSE;France
26400;DIVAJEU;France
10370;DIVAL;France
60310;DIVES;France
14160;DIVES SUR MER;France
62460;DIVION;France
01220;DIVONNE LES BAINS;France
89500;DIXMONT;France
38460;DIZIMIEU;France
51530;DIZY;France
02340;DIZY LE GROS;France
40700;DOAZIT;France
64370;DOAZON;France
88460;DOCELLES;France
17330;DOEUIL SUR LE MIGNON;France
64190;DOGNEN;France
88000;DOGNEVILLE;France
62380;DOHEM;France
02360;DOHIS;France
62147;DOIGNIES;France
80200;DOINGT FLAMICOURT;France
24170;DOISSAT;France
38730;DOISSIN;France
85200;DOIX;France
42740;DOIZIEUX;France
35120;DOL DE BRETAGNE;France
88170;DOLAINCOURT;France
10200;DOLANCOURT;France
54170;DOLCOURT;France
39100;DOLE;France
02360;DOLIGNON;France
68290;DOLLEREN;France
72390;DOLLON;France
89150;DOLLOT;France
47110;DOLMAYRAC;France
22270;DOLO;France
38110;DOLOMIEU;France
17550;DOLUS D OLERON;France
37310;DOLUS LE SEC;France
57400;DOLVING;France
08160;DOM LE MESNIL;France
35113;DOMAGNE;France
63520;DOMAIZE;France
35680;DOMALAIN;France
74700;DOMANCY;France
38300;DOMARIN;France
80620;DOMART EN PONTHIEU;France
80110;DOMART SUR LA LUCE;France
89150;DOMATS;France
30390;DOMAZAN;France
88260;DOMBASLE DEVANT DARNEY;France
55120;DOMBASLE EN ARGONNE;France
88500;DOMBASLE EN XAINTOIS;France
54110;DOMBASLE SUR MEURTHE;France
52130;DOMBLAIN;France
39210;DOMBLANS;France
55150;DOMBRAS;France
88140;DOMBROT LE SEC;France
88170;DOMBROT SUR VAIR;France
89450;DOMECY SUR CURE;France
89200;DOMECY SUR LE VAULT;France
60360;DOMELIERS;France
38420;DOMENE;France
03410;DOMERAT;France
80370;DOMESMONT;France
30350;DOMESSARGUES;France
73330;DOMESSIN;France
54385;DOMEVRE EN HAYE;France
88500;DOMEVRE SOUS MONTFORT;France
88390;DOMEVRE SUR AVIERE;France
88330;DOMEVRE SUR DURBION;France
54450;DOMEVRE SUR VEZOUZE;France
43230;DOMEYRAT;France
23140;DOMEYROT;France
64120;DOMEZAIN BERRAUTE;France
88600;DOMFAING;France
67430;DOMFESSEL;France
60420;DOMFRONT;France
61700;DOMFRONT;France
72240;DOMFRONT EN CHAMPAGNE;France
54119;DOMGERMAIN;France
17190;DOMINO;France
80120;DOMINOIS;France
50420;DOMJEAN;France
54450;DOMJEVIN;France
88800;DOMJULIEN;France
80370;DOMLEGER LONGVILLERS;France
35410;DOMLOUP;France
54115;DOMMARIE EULMONT;France
52190;DOMMARIEN;France
54130;DOMMARTEMONT;France
01380;DOMMARTIN;France
25300;DOMMARTIN;France
58120;DOMMARTIN;France
69380;DOMMARTIN;France
80440;DOMMARTIN;France
88390;DOMMARTIN AUX BOIS;France
51800;DOMMARTIN DAMPIERRE;France
54470;DOMMARTIN LA CHAUSSEE;France
55160;DOMMARTIN LA MONTAGNE;France
10240;DOMMARTIN LE COQ;France
52110;DOMMARTIN LE FRANC;France
52110;DOMMARTIN LE ST PERE;France
71480;DOMMARTIN LES CUISEAUX;France
88200;DOMMARTIN LES REMIREMONT;France
54200;DOMMARTIN LES TOUL;France
88260;DOMMARTIN LES VALLOIS;France
51320;DOMMARTIN LETTREE;France
54770;DOMMARTIN SOUS AMANCE;France
51800;DOMMARTIN SOUS HANS;France
88170;DOMMARTIN SUR VRAINE;France
51330;DOMMARTIN VARIMONT;France
55240;DOMMARY BARONCOURT;France
24250;DOMME;France
91670;DOMMERVILLE;France
08460;DOMMERY;France
02600;DOMMIERS;France
57260;DOMNON LES DIEUZE;France
95330;DOMONT;France
88270;DOMPAIRE;France
55300;DOMPCEVRIN;France
60420;DOMPIERRE;France
61700;DOMPIERRE;France
88600;DOMPIERRE;France
55300;DOMPIERRE AUX BOIS;France
80980;DOMPIERRE BECQUINCOURT;France
35210;DOMPIERRE DU CHEMIN;France
21390;DOMPIERRE EN MORVAN;France
87190;DOMPIERRE LES EGLISES;France
71520;DOMPIERRE LES ORMES;France
25560;DOMPIERRE LES TILLEULS;France
71420;DOMPIERRE SOUS SANVIGNES;France
80150;DOMPIERRE SUR AUTHIE;France
03290;DOMPIERRE SUR BESBRE;France
01400;DOMPIERRE SUR CHALARONNE;France
17610;DOMPIERRE SUR CHARENTE;France
59440;DOMPIERRE SUR HELPE;France
58420;DOMPIERRE SUR HERY;France
17139;DOMPIERRE SUR MER;France
39270;DOMPIERRE SUR MONT;France
58350;DOMPIERRE SUR NIEVRE;France
01240;DOMPIERRE SUR VEYLE;France
85170;DOMPIERRE SUR YON;France
07260;DOMPNAC;France
25510;DOMPREL;France
51300;DOMPREMY;France
54490;DOMPRIX;France
87120;DOMPS;France
88700;DOMPTAIL;France
54290;DOMPTAIL EN L AIR;France
02310;DOMPTIN;France
80620;DOMQUEUR;France
55500;DOMREMY AUX BOIS;France
55240;DOMREMY LA CANNE;France
88630;DOMREMY LA PUCELLE;France
52270;DOMREMY LANDEVILLE;France
01270;DOMSURE;France
88500;DOMVALLIER;France
80150;DOMVAST;France
59272;DON;France
11240;DONAZAC;France
08350;DONCHERY;France
88700;DONCIERES;France
55160;DONCOURT AUX TEMPLIERS;France
54800;DONCOURT LES CONFLANS;France
54620;DONCOURT LES LONGUYON;France
52150;DONCOURT SUR MEUSE;France
47470;DONDAS;France
44480;DONGES;France
52300;DONJEUX;France
57590;DONJEUX;France
14220;DONNAY;France
81170;DONNAZAC;France
57810;DONNELAY;France
28200;DONNEMAIN ST MAMES;France
52800;DONNEMARIE;France
77520;DONNEMARIE DONTILLY;France
10330;DONNEMENT;France
67170;DONNENHEIM;France
45450;DONNERY;France
31450;DONNEVILLE;France
33860;DONNEZAC;France
23700;DONTREIX;France
51490;DONTRIEN;France
50350;DONVILLE LES BAINS;France
33410;DONZAC;France
82340;DONZAC;France
40360;DONZACQ;France
19270;DONZENAC;France
26290;DONZERE;France
58220;DONZY;France
71250;DONZY LE NATIONAL;France
71250;DONZY LE PERTUIS;France
63220;DORANGES;France
90400;DORANS;France
63300;DORAT;France
61110;DORCEAU;France
45680;DORDIVES;France
63220;DORE L EGLISE;France
02450;DORENGT;France
69550;DORIEU;France
59500;DORIGNIES;France
67120;DORLISHEIM;France
51700;DORMANS;France
77130;DORMELLES;France
68200;DORNACH;France
07160;DORNAS;France
58530;DORNECY;France
58390;DORNES;France
57130;DORNOT;France
66760;DORRES;France
01590;DORTAN;France
10220;DOSCHES;France
10700;DOSNON;France
45300;DOSSAINVILLE;France
67117;DOSSENHEIM KOCHERSBERG;France
67330;DOSSENHEIM SUR ZINSEL;France
36300;DOUADIC;France
59500;DOUAI;France
27120;DOUAINS;France
29100;DOUARNENEZ;France
55100;DOUAUMONT;France
25300;DOUBS;France
72170;DOUCELLES;France
24350;DOUCHAPT;France
02590;DOUCHY;France
45220;DOUCHY;France
62116;DOUCHY LES AYETTE;France
59282;DOUCHY LES MINES;France
39130;DOUCIER;France
73260;DOUCY;France
73630;DOUCY EN BAUGES;France
62830;DOUDEAUVILLE;France
76220;DOUDEAUVILLE;France
27150;DOUDEAUVILLE EN VEXIN;France
80140;DOUDELAINVILLE;France
76560;DOUDEVILLE;France
47210;DOUDRAC;France
77510;DOUE;France
49700;DOUE LA FONTAINE;France
46140;DOUELLE;France
72130;DOUILLET LE JOLY;France
80400;DOUILLY;France
52270;DOULAINCOURT SAUCOURT;France
25330;DOULAIZE;France
55110;DOULCON;France
52110;DOULEVANT LE CHATEAU;France
52130;DOULEVANT LE PETIT;France
33350;DOULEZON;France
80600;DOULLENS;France
08220;DOUMELY BEGNY;France
64450;DOUMY;France
88220;DOUNOUX;France
30750;DOURBIES;France
35450;DOURDAIN;France
91410;DOURDAN;France
62119;DOURGES;France
81110;DOURGNE;France
62870;DOURIEZ;France
59440;DOURLERS;France
87230;DOURNAZAC;France
39110;DOURNON;France
65350;DOURS;France
74210;DOUSSARD;France
86140;DOUSSAY;France
74140;DOUVAINE;France
24140;DOUVILLE;France
14430;DOUVILLE EN AUGE;France
27380;DOUVILLE SUR ANDELLE;France
76630;DOUVREND;France
01500;DOUVRES;France
14440;DOUVRES LA DELIVRANDE;France
62138;DOUVRIN;France
08300;DOUX;France
79390;DOUX;France
28220;DOUY;France
77139;DOUY LA RAMEE;France
47330;DOUZAINS;France
16290;DOUZAT;France
11700;DOUZENS;France
59600;DOUZIES;France
59750;DOUZIES FEIGNIES;France
24190;DOUZILLAC;France
08140;DOUZY;France
50250;DOVILLE;France
39250;DOYE;France
03170;DOYET;France
14430;DOZULE;France
69220;DRACE;France
37800;DRACHE;France
67160;DRACHENBRONN BIRLENBACH;France
89130;DRACY;France
71640;DRACY LE FORT;France
71490;DRACY LES COUCHES;France
71400;DRACY ST LOUP;France
50530;DRAGEY RONTHON;France
83300;DRAGUIGNAN;France
74550;DRAILLANT;France
49530;DRAIN;France
04420;DRAIX;France
08220;DRAIZE;France
21270;DRAMBON;France
39240;DRAMELAY;France
93700;DRANCY;France
06340;DRAP;France
02130;DRAVEGNY;France
91210;DRAVEIL;France
21540;DREE;France
44530;DREFFEAC;France
31280;DREMIL LAFAGE;France
60170;DRESLINCOURT;France
80270;DREUIL HAMEL;France
80730;DREUIL LES AMIENS;France
80540;DREUIL LES MOLLIENS;France
09300;DREUILHE;France
28100;DREUX;France
18200;DREVANT;France
08310;DRICOURT;France
80240;DRIENCOURT;France
15700;DRIGNAC;France
59630;DRINCHAM;France
62320;DROCOURT;France
78440;DROCOURT;France
27320;DROISY;France
74270;DROISY;France
54800;DROITAUMONT;France
25380;DROITFONTAINE;France
03120;DROITURIER;France
02210;DROIZY;France
01250;DROM;France
80640;DROMESNIL;France
76460;DROSAY;France
51290;DROSNAY;France
41270;DROUE;France
28230;DROUE SUR DROUETTE;France
35130;DROUGES;France
51300;DROUILLY;France
10170;DROUPT ST BASLE;France
10170;DROUPT STE MARIE;France
54370;DROUVILLE;France
62131;DROUVIN LE MARAIS;France
87190;DROUX;France
52220;DROYES;France
14130;DRUBEC;France
80132;DRUCAT;France
27230;DRUCOURT;France
31480;DRUDAS;France
12510;DRUELLE;France
15140;DRUGEAC;France
01160;DRUILLAT;France
12350;DRULHE;France
67320;DRULINGEN;France
73420;DRUMETTAZ CLARAFOND;France
67410;DRUSENHEIM;France
58160;DRUY PARIGNY;France
37190;DRUYE;France
89560;DRUYES LES BELLES FONTAINES;France
45370;DRY;France
22160;DUAULT;France
50220;DUCEY;France
76480;DUCLAIR;France
14250;DUCY STE MARGUERITE;France
69850;DUERNE;France
21510;DUESME;France
32170;DUFFORT;France
93440;DUGNY;France
55100;DUGNY SUR MEUSE;France
40800;DUHORT BACHEN;France
11350;DUILHAC SOUS PEYREPERTUSE;France
74410;DUINGT;France
62161;DUISANS;France
73610;DULLIN;France
40500;DUMES;France
09600;DUN;France
23800;DUN LE PALESTEL;France
36210;DUN LE POELIER;France
58230;DUN LES PLACES;France
18130;DUN SUR AURON;France
58110;DUN SUR GRANDRY;France
55110;DUN SUR MEUSE;France
72160;DUNEAU;France
82340;DUNES;France
36310;DUNET;France
25550;DUNG;France
07360;DUNIERE SUR EYRIEUX;France
43220;DUNIERES;France
59140;DUNKERQUE;France
67270;DUNTZENHEIM;France
67120;DUPPIGHEIM;France
32810;DURAN;France
47420;DURANCE;France
06670;DURANUS;France
27230;DURANVILLE;France
47120;DURAS;France
46700;DURAVEL;France
32260;DURBAN;France
11360;DURBAN CORBIERES;France
09240;DURBAN SUR ARIZE;France
46320;DURBANS;France
61100;DURCET;France
03310;DURDAT LAREQUILLE;France
72270;DUREIL;France
12170;DURENQUE;France
69430;DURETTE;France
09130;DURFORT;France
81540;DURFORT;France
30170;DURFORT ET ST MARTIN DE SOSSENAC;France
82390;DURFORT LACAPELETTE;France
68480;DURLINSDORF;France
68480;DURMENACH;France
63700;DURMIGNAT;France
25580;DURNES;France
67270;DURNINGEN;France
67360;DURRENBACH;France
68320;DURRENENTZEN;France
67320;DURSTEL;France
49430;DURTAL;France
63830;DURTOL;France
02480;DURY;France
62156;DURY;France
80480;DURY;France
24270;DUSSAC;France
67120;DUTTLENHEIM;France
60800;DUVY;France
55230;DUZEY;France
89360;DYE;France
71610;DYO;France
35640;EANCE;France
95600;EAUBONNE;France
80580;EAUCOURT SUR SOMME;France
31600;EAUNES;France
64440;EAUX BONNES;France
64440;EAUX CHAUDES;France
10130;EAUX PUISEAUX;France
32800;EAUZE;France
57190;EBANGE;France
21190;EBATY;France
59173;EBBLINGHEM;France
17770;EBEON;France
67110;EBERBACH GUNDERSHOFFEN;France
67470;EBERBACH SELTZ;France
67600;EBERSHEIM;France
67600;EBERSMUNSTER;France
57320;EBERSVILLER;France
57220;EBLANGE;France
02350;EBOULEAU;France
16140;EBREON;France
03450;EBREUIL;France
59176;ECAILLON;France
14270;ECAJEUL;France
76190;ECALLES ALIX;France
27290;ECAQUELON;France
27170;ECARDENVILLE LA CAMPAGNE;France
27490;ECARDENVILLE SUR EURE;France
50310;ECAUSSEVILLE;France
27110;ECAUVILLE;France
20117;ECCICA SUARELLA;France
59740;ECCLES;France
69700;ECHALAS;France
16170;ECHALLAT;France
01130;ECHALLON;France
21510;ECHALOT;France
61440;ECHALOU;France
63980;ECHANDELYS;France
21540;ECHANNAY;France
91540;ECHARCON;France
03330;ECHASSIERES;France
61370;ECHAUFFOUR;France
70400;ECHAVANNE;France
25440;ECHAY;France
17800;ECHEBRUNE;France
10350;ECHEMINES;France
49150;ECHEMIRE;France
25550;ECHENANS;France
70400;ECHENANS SOUS MONT VAUDOIS;France
52230;ECHENAY;France
01170;ECHENEVEX;France
21170;ECHENON;France
70000;ECHENOZ LA MELINE;France
70000;ECHENOZ LE SEC;France
68160;ECHERY;France
70100;ECHEVANNE;France
21120;ECHEVANNES;France
25580;ECHEVANNES;France
26190;ECHEVIS;France
21420;ECHEVRONNE;France
21110;ECHIGEY;France
17620;ECHILLAIS;France
45390;ECHILLEUSES;France
62360;ECHINGHEN;France
79410;ECHIRE;France
38130;ECHIROLLES;France
77830;ECHOUBOULAINS;France
24410;ECHOURGNAC;France
67700;ECKARTSWILLER;France
67201;ECKBOLSHEIM;France
67550;ECKWERSHEIM;France
59330;ECLAIBES;France
51800;ECLAIRES;France
10200;ECLANCE;France
39700;ECLANS NENON;France
52290;ECLARON BRAUCOURT STE LIVIERE;France
07370;ECLASSAN;France
39600;ECLEUX;France
62770;ECLIMEUX;France
38300;ECLOSE;France
80340;ECLUSIER VAUX;France
28500;ECLUZELLES;France
08300;ECLY;France
42670;ECOCHE;France
62270;ECOIVRES;France
73630;ECOLE;France
25480;ECOLE VALENTIN;France
51290;ECOLLEMONT;France
41290;ECOMAN;France
72220;ECOMMOY;France
50480;ECOQUENEAUVILLE;France
61270;ECORCEI;France
61160;ECORCHES;France
08130;ECORDAL;France
72120;ECORPAIN;France
27630;ECOS;France
25150;ECOT;France
52700;ECOT LA COMBE;France
42600;ECOTAY L OLME;France
14170;ECOTS;France
61150;ECOUCHE;France
95440;ECOUEN;France
49000;ECOUFLANT;France
27440;ECOUIS;France
62860;ECOURT ST QUENTIN;France
62128;ECOUST ST MEIN;France
55600;ECOUVIEZ;France
17770;ECOYEUX;France
62190;ECQUEDECQUES;France
62129;ECQUES;France
27110;ECQUETOT;France
78920;ECQUEVILLY;France
76110;ECRAINVILLE;France
14710;ECRAMMEVILLE;France
76190;ECRETTEVILLE LES BAONS;France
76540;ECRETTEVILLE SUR MER;France
51300;ECRIENNES;France
39270;ECRILLE;France
70270;ECROMAGNY;France
28320;ECROSNES;France
54200;ECROUVES;France
76760;ECTOT L AUBER;France
76970;ECTOT LES BAONS;France
28170;ECUBLE;France
51500;ECUEIL;France
36240;ECUEILLE;France
59620;ECUELIN;France
70600;ECUELLE;France
71350;ECUELLES;France
77250;ECUELLES;France
49460;ECUILLE;France
62170;ECUIRES;France
71210;ECUISSES;France
50440;ECULLEVILLE;France
69130;ECULLY;France
16220;ECURAS;France
17810;ECURAT;France
25150;ECURCEY;France
55150;ECUREY EN VERDUNOIS;France
62223;ECURIE;France
51230;ECURY LE REPOS;France
51240;ECURY SUR COOLE;France
21360;ECUTIGNY;France
60310;ECUVILLY;France
29510;EDERN;France
16320;EDON;France
59114;EECKE;France
63260;EFFIAT;France
52300;EFFINCOURT;France
02500;EFFRY;France
66120;EGAT;France
89240;EGLENY;France
19300;EGLETONS;France
77126;EGLIGNY;France
68720;EGLINGEN;France
24400;EGLISE NEUVE D ISSAC;France
24380;EGLISE NEUVE DE VERGT;France
63850;EGLISENEUVE D ENTRAIGUES;France
63490;EGLISENEUVE DES LIARDS;France
63160;EGLISENEUVE PRES BILLOM;France
63840;EGLISOLLES;France
91520;EGLY;France
77620;EGREVILLE;France
89500;EGRISELLES LE BOCAGE;France
45340;EGRY;France
57230;EGUELSHARDT;France
90150;EGUENIGUE;France
13510;EGUILLES;France
21320;EGUILLY;France
10110;EGUILLY SOUS BOIS;France
68420;EGUISHEIM;France
36270;EGUZON CHANTOME;France
67600;EHNWIHR;France
70300;EHUNS;France
67140;EICHHOFFEN;France
57340;EINCHEVILLE;France
54360;EINVAUX;France
54370;EINVILLE AU JARD;France
55400;EIX;France
08160;ELAN;France
78990;ELANCOURT;France
68210;ELBACH;France
76500;ELBEUF;France
76220;ELBEUF EN BRAY;France
76780;ELBEUF SUR ANDELLE;France
60210;ELENCOURT;France
59600;ELESMES;France
76540;ELETOT;France
62300;ELEU DIT LEAUWETTE;France
59127;ELINCOURT;France
60157;ELINCOURT STE MARGUERITE;France
78410;ELISABETHVILLE;France
51800;ELISE DAUCOURT;France
76390;ELLECOURT;France
29370;ELLIANT;France
14250;ELLON;France
66200;ELNE;France
62380;ELNES;France
90300;ELOIE;France
01200;ELOISE;France
88510;ELOYES;France
67390;ELSENHEIM;France
57690;ELVANGE;France
56250;ELVEN;France
57970;ELZANGE;France
25170;EMAGNY;France
27930;EMALLEVILLE;France
78125;EMANCE;France
27190;EMANVILLE;France
76570;EMANVILLE;France
54370;EMBERMENIL;France
16240;EMBOURIE;France
11360;EMBRES ET CASTELMAURE;France
80570;EMBREVILLE;France
05200;EMBRUN;France
62990;EMBRY;France
77184;EMERAINVILLE;France
59580;EMERCHICOURT;France
69840;EMERINGES;France
60123;EMEVILLE;France
14630;EMIEVILLE;France
68130;EMLINGEN;France
59320;EMMERIN;France
50310;EMONDEVILLE;France
31470;EMPEAUX;France
07270;EMPURANY;France
16240;EMPURE;France
58140;EMPURY;France
32430;ENCAUSSE;France
31160;ENCAUSSE LES THERMES;France
04400;ENCHASTRAYES;France
57415;ENCHENBERG;France
09200;ENCOURTIECH;France
32600;ENDOUFIELLE;France
60240;ENENCOURT LE SEC;France
60590;ENENCOURT LEAGE;France
52400;ENFONVELLE;France
47470;ENGAYRAC;France
10200;ENGENTE;France
67710;ENGENTHAL;France
45300;ENGENVILLE;France
95880;ENGHIEN LES BAINS;France
38360;ENGINS;France
02260;ENGLANCOURT;France
80300;ENGLEBELMER;France
59530;ENGLEFONTAINE;France
14800;ENGLESQUEVILLE EN AUGE;France
14710;ENGLESQUEVILLE LA PERCEE;France
59320;ENGLOS;France
09800;ENGOMER;France
09600;ENGRAVIES;France
12140;ENGUIALES;France
62145;ENGUINEGATTE;France
67350;ENGWILLER;France
80200;ENNEMAIN;France
57365;ENNERY;France
95300;ENNERY;France
59320;ENNETIERES EN WEPPES;France
59710;ENNEVELIN;France
63720;ENNEZAT;France
18380;ENNORDRES;France
62145;ENQUIN LES MINES;France
62650;ENQUIN SUR BAILLONS;France
65170;ENS;France
79170;ENSIGNE;France
68190;ENSISHEIM;France
13820;ENSUES LA REDONNE;France
04000;ENTRAGES;France
38740;ENTRAIGUES;France
63720;ENTRAIGUES;France
84320;ENTRAIGUES SUR LA SORGUE;France
58410;ENTRAINS SUR NOHAIN;France
53260;ENTRAMMES;France
57330;ENTRANGE;France
06470;ENTRAUNES;France
12140;ENTRAYGUES SUR TRUYERE;France
88650;ENTRE DEUX EAUX;France
38380;ENTRE DEUX GUIERS;France
39150;ENTRE DEUX MONTS;France
83570;ENTRECASTEAUX;France
84340;ENTRECHAUX;France
74130;ENTREMONT;France
73670;ENTREMONT LE VIEUX;France
04200;ENTREPIERRES;France
13118;ENTRESSEN;France
04320;ENTREVAUX;France
04700;ENTREVENNES;France
74410;ENTREVERNES;France
18350;ENTROIS;France
67960;ENTZHEIM;France
63530;ENVAL;France
66760;ENVEITG;France
76630;ENVERMEU;France
76640;ENVRONVILLE;France
04120;EOULX;France
26560;EOURRES;France
31420;EOUX;France
10500;EPAGNE;France
80580;EPAGNE EPAGNETTE;France
02290;EPAGNY;France
21380;EPAGNY;France
74330;EPAGNY;France
27260;EPAIGNES;France
14170;EPANEY;France
79270;EPANNES;France
02500;EPARCY;France
17120;EPARGNES;France
80140;EPAUMESNIL;France
02400;EPAUX BEZU;France
28120;EPEAUTROLLES;France
80370;EPECAMPS;France
27110;EPEGARD;France
80740;EPEHY;France
37150;EPEIGNE LES BOIS;France
37370;EPEIGNE SUR DEME;France
80190;EPENANCOURT;France
16490;EPENEDE;France
25530;EPENOUSE;France
25800;EPENOY;France
51330;EPENSE;France
42110;EPERCIEUX ST PAUL;France
62910;EPERLECQUES;France
51200;EPERNAY;France
21220;EPERNAY SOUS GEVREY;France
28230;EPERNON;France
61400;EPERRAIS;France
73410;EPERSY;France
71360;EPERTULLY;France
71380;EPERVANS;France
25290;EPEUGNEY;France
67680;EPFIG;France
41290;EPIAIS;France
95380;EPIAIS LES LOUVRES;France
95810;EPIAIS RHUS;France
02400;EPIEDS;France
27730;EPIEDS;France
49260;EPIEDS;France
45130;EPIEDS EN BEAUCE;France
73220;EPIERRE;France
54260;EPIEZ SUR CHIERS;France
55140;EPIEZ SUR MEUSE;France
71360;EPINAC;France
88000;EPINAL;France
52140;EPINANT;France
27330;EPINAY;France
95270;EPINAY CHAMPLATREUX;France
91860;EPINAY SOUS SENART;France
76480;EPINAY SUR DUCLAIR;France
14310;EPINAY SUR ODON;France
91360;EPINAY SUR ORGE;France
93800;EPINAY SUR SEINE;France
89400;EPINEAU LES VOVES;France
72540;EPINEU LE CHEVREUIL;France
89700;EPINEUIL;France
18360;EPINEUIL LE FLEURIEL;France
60190;EPINEUSE;France
53340;EPINEUX LE SEGUIN;France
35120;EPINIAC;France
55270;EPINONVILLE;France
26210;EPINOUZE;France
62860;EPINOY;France
49170;EPIRE;France
58800;EPIRY;France
77250;EPISY;France
52230;EPIZON;France
80290;EPLESSIER;France
54610;EPLY;France
21460;EPOISSES;France
78680;EPONE;France
10500;EPOTHEMONT;France
76133;EPOUVILLE;France
51490;EPOYE;France
59132;EPPE SAUVAGE;France
02840;EPPES;France
80400;EPPEVILLE;France
57720;EPPING;France
76430;EPRETOT;France
76400;EPREVILLE;France
27560;EPREVILLE EN LIEUVIN;France
27310;EPREVILLE EN ROUMOIS;France
27110;EPREVILLE PRES LE NEUBOURG;France
14610;EPRON;France
62134;EPS;France
41360;EPUISAY;France
39160;EPY LANERIA;France
80360;EQUANCOURT;France
14600;EQUEMAUVILLE;France
80290;EQUENNES ERAMECOURT;France
50120;EQUEURDREVILLE HAINNEVILLE;France
70160;EQUEVILLEY;France
39300;EQUEVILLON;France
62224;EQUIHEN PLAGE;France
50320;EQUILLY;France
62134;EQUIRRE;France
95610;ERAGNY;France
60590;ERAGNY SUR EPTE;France
14700;ERAINES;France
80290;ERAMECOURT;France
16120;ERAVILLE;France
20212;ERBAJOLO;France
20222;ERBALUNGA;France
54280;ERBEVILLER SUR AMEZULE;France
44110;ERBRAY;France
35500;ERBREE;France
09140;ERCE;France
35620;ERCE EN LAMEE;France
35340;ERCE PRES LIFFRE;France
45480;ERCEVILLE;France
80500;ERCHES;France
80930;ERCHEU;France
59169;ERCHIN;France
57136;ERCHING;France
67290;ERCKARTSWILLER;France
80210;ERCOURT;France
60530;ERCUIS;France
56410;ERDEVEN;France
22250;EREAC;France
67120;ERGERSHEIM;France
80690;ERGNIES;France
62650;ERGNY;France
29500;ERGUE GABERIC;France
62134;ERIN;France
21500;ERINGES;France
59470;ERINGHEM;France
52210;ERISEUL;France
55260;ERIZE LA BRULEE;France
55260;ERIZE LA GRANDE;France
55260;ERIZE LA PETITE;France
55000;ERIZE ST DIZIER;France
02250;ERLON;France
02260;ERLOY;France
60950;ERMENONVILLE;France
28120;ERMENONVILLE LA GRANDE;France
28120;ERMENONVILLE LA PETITE;France
76740;ERMENOUVILLE;France
95120;ERMONT;France
53500;ERNEE;France
60380;ERNEMONT BOUTAVENT;France
76220;ERNEMONT LA VILLETTE;France
76750;ERNEMONT SUR BUCHY;France
14270;ERNES;France
57510;ERNESTVILLER;France
55500;ERNEVILLE AUX BOIS;France
67120;ERNOLSHEIM BRUCHE;France
67330;ERNOLSHEIM LES SAVERNE;France
62960;ERNY ST JULIEN;France
26600;EROME;France
80580;ERONDELLE;France
20244;ERONE;France
50310;EROUDEVILLE;France
09200;ERP;France
60600;ERQUERY;France
62140;ERQUIERES;France
59320;ERQUINGHEM LE SEC;France
59193;ERQUINGHEM LYS;France
60130;ERQUINVILLERS;France
22430;ERQUY;France
66800;ERR;France
59171;ERRE;France
70400;ERREVET;France
54680;ERROUVILLE;France
20275;ERSA;France
67150;ERSTEIN;France
57660;ERSTROFF;France
45320;ERVAUVILLE;France
62121;ERVILLERS;France
10130;ERVY LE CHATEL;France
65370;ESBAREICH;France
21170;ESBARRES;France
77450;ESBLY;France
70300;ESBOZ BREST;France
65250;ESCALA;France
40310;ESCALANS;France
11200;ESCALES;France
62179;ESCALLES;France
31750;ESCALQUENS;France
60380;ESCAMES;France
46230;ESCAMPS;France
89240;ESCAMPS;France
12390;ESCANDOLIERES;France
31350;ESCANECRABE;France
51310;ESCARDES;France
59213;ESCARMAIN;France
66360;ESCARO;France
47350;ESCASSEFORT;France
82700;ESCATALENS;France
59124;ESCAUDAIN;France
33840;ESCAUDES;France
59161;ESCAUDOEUVRES;France
59360;ESCAUFOURT;France
65500;ESCAUNETS;France
59278;ESCAUTPONT;France
82500;ESCAZEAUX;France
67114;ESCHAU;France
67360;ESCHBACH;France
68140;ESCHBACH AU VAL;France
67320;ESCHBOURG;France
68440;ESCHENTZWILLER;France
57330;ESCHERANGE;France
60110;ESCHES;France
67320;ESCHWILLER;France
09600;ESCLAGNE;France
80250;ESCLAINVILLERS;France
48230;ESCLANEDES;France
04000;ESCLANGON;France
32140;ESCLASSAN LABASTIDE;France
46090;ESCLAUZELS;France
76270;ESCLAVELLES;France
51260;ESCLAVOLLES LUREY;France
88260;ESCLES;France
60220;ESCLES ST PIERRE;France
47120;ESCLOTTES;France
59320;ESCOBECQUES;France
62850;ESCOEUILLES;France
24420;ESCOIRE;France
89290;ESCOLIVES STE CAMILLE;France
08110;ESCOMBRES ET LE CHESNOIS;France
65140;ESCONDEAUX;France
65130;ESCONNETS;France
15700;ESCORAILLES;France
32200;ESCORNEBOEUF;France
28270;ESCORPAIN;France
64270;ESCOS;France
09100;ESCOSSE;France
64490;ESCOT;France
65130;ESCOTS;France
64870;ESCOU;France
64160;ESCOUBES;France
65100;ESCOUBES POUTS;France
31260;ESCOULIS;France
11140;ESCOULOUBRE;France
40210;ESCOURCE;France
33760;ESCOUSSANS;France
81290;ESCOUSSENS;France
64870;ESCOUT;France
63300;ESCOUTOUX;France
14850;ESCOVILLE;France
06460;ESCRAGNOLLES;France
45300;ESCRENNES;France
45250;ESCRIGNELLES;France
81530;ESCROUX;France
11240;ESCUEILLENS;France
11240;ESCUEILLENS ET ST JUST;France
64350;ESCURES;France
14170;ESCURES SUR FAVIERES;France
03110;ESCUROLLES;France
74930;ESERY;France
76710;ESLETTES;France
88260;ESLEY;France
64420;ESLOURENTIES DABAN;France
77940;ESMANS;France
80400;ESMERY HALLON;France
70310;ESMOULIERES;France
70100;ESMOULINS;France
17137;ESNANDES;France
25110;ESNANS;France
59127;ESNES;France
55100;ESNES EN ARGONNE;France
52190;ESNOMS AU VAL;France
89210;ESNON;France
52340;ESNOUVEAUX;France
19150;ESPAGNAC;France
46320;ESPAGNAC STE EULALIE;France
82400;ESPALAIS;France
43450;ESPALEM;France
12500;ESPALION;France
43000;ESPALY ST MARCEL;France
31450;ESPANES;France
32220;ESPAON;France
05110;ESPARRON;France
31420;ESPARRON;France
83560;ESPARRON;France
04550;ESPARRON DE VERDON;France
04250;ESPARRON LA BATIE;France
65130;ESPARROS;France
82500;ESPARSAC;France
19140;ESPARTIGNAC;France
32370;ESPAS;France
60650;ESPAUBOURG;France
65130;ESPECHE;France
64160;ESPECHEDE;France
46320;ESPEDAILLAC;France
64250;ESPELETTE;France
26780;ESPELUCHE;France
26340;ESPENEL;France
81260;ESPERAUSSES;France
11260;ESPERAZA;France
31190;ESPERCE;France
46090;ESPERE;France
64130;ESPES UNDUREIN;France
12140;ESPEYRAC;France
46120;ESPEYROUX;France
11340;ESPEZEL;France
65130;ESPIEILH;France
47600;ESPIENS;France
33420;ESPIET;France
82160;ESPINAS;France
15110;ESPINASSE;France
63390;ESPINASSE;France
03110;ESPINASSE VOZELLE;France
05190;ESPINASSES;France
63850;ESPINCHAL;France
04510;ESPINOUSE;France
14220;ESPINS;France
66320;ESPIRA DE CONFLENT;France
66600;ESPIRA DE L AGLY;France
63160;ESPIRAT;France
64390;ESPIUTE;France
43170;ESPLANTAS;France
09700;ESPLAS;France
09420;ESPLAS DE SEROU;France
64420;ESPOEY;France
34290;ESPONDEILHAN;France
70110;ESPRELS;France
14210;ESQUAY NOTRE DAME;France
14400;ESQUAY SUR SEULLES;France
02170;ESQUEHERIES;France
59470;ESQUELBECQ;France
60120;ESQUENNOY;France
59553;ESQUERCHIN;France
62380;ESQUERDES;France
29770;ESQUIBIEN;France
65120;ESQUIEZE SERE;France
64400;ESQUIULE;France
21290;ESSAROIS;France
62400;ESSARS;France
39250;ESSAVILLY;France
61500;ESSAY;France
16500;ESSE;France
35150;ESSE;France
88130;ESSEGNEY;France
89270;ESSERT;France
90850;ESSERT;France
74110;ESSERT ROMAND;France
80160;ESSERTAUX;France
71510;ESSERTENNE;France
70100;ESSERTENNE ET CECEY;France
42600;ESSERTINES EN CHATELNEUF;France
42360;ESSERTINES EN DONZY;France
73540;ESSERTS BLAY;France
74560;ESSERTS SALEVE;France
39250;ESSERVAL COMBE;France
39250;ESSERVAL TARTRE;France
21320;ESSEY;France
54470;ESSEY ET MAIZERAIS;France
54830;ESSEY LA COTE;France
52800;ESSEY LES EAUX;France
54270;ESSEY LES NANCY;France
52120;ESSEY LES PONTS;France
39270;ESSIA;France
02690;ESSIGNY LE GRAND;France
02100;ESSIGNY LE PETIT;France
02570;ESSISES;France
02400;ESSOMES SUR MARNE;France
14220;ESSON;France
10360;ESSOYES;France
60510;ESSUILES;France
48700;ESTABLES;France
26470;ESTABLET;France
31160;ESTADENS;France
66310;ESTAGEL;France
12190;ESTAING;France
65400;ESTAING;France
59940;ESTAIRES;France
46130;ESTAL;France
32170;ESTAMPES;France
65220;ESTAMPURES;France
31800;ESTANCARBON;France
63520;ESTANDEUIL;France
32240;ESTANG;France
65510;ESTARVIELLE;France
66800;ESTAVAR;France
63570;ESTEIL;France
06470;ESTEING;France
06470;ESTENG;France
31440;ESTENOS;France
65170;ESTENSAN;France
64220;ESTERENCUBY;France
51310;ESTERNAY;France
65120;ESTERRE;France
62880;ESTEVELLES;France
76690;ESTEVILLE;France
30390;ESTEZARGUES;France
64290;ESTIALESCQ;France
40290;ESTIBEAUX;France
40240;ESTIGARDE;France
47310;ESTILLAC;France
32300;ESTIPOUY;France
65700;ESTIRAC;France
10190;ESTISSAC;France
19600;ESTIVALS;France
03190;ESTIVAREILLES;France
42380;ESTIVAREILLES;France
19410;ESTIVAUX;France
66320;ESTOHER;France
64400;ESTOS;France
04270;ESTOUBLON;France
91660;ESTOUCHES;France
59400;ESTOURMEL;France
76750;ESTOUTEVILLE ECALLES;France
45300;ESTOUY;France
38780;ESTRABLIN;France
32380;ESTRAMIAC;France
08260;ESTREBAY;France
80230;ESTREBOEUF;France
62170;ESTREE;France
62145;ESTREE BLANCHE;France
62690;ESTREE CAUCHY;France
62810;ESTREE WAMIN;France
62170;ESTREELLES;France
02420;ESTREES;France
59151;ESTREES;France
80200;ESTREES DENIECOURT;France
80200;ESTREES EN CHAUSSEE;France
14190;ESTREES LA CAMPAGNE;France
80150;ESTREES LES CRECY;France
80200;ESTREES MONS;France
60190;ESTREES ST DENIS;France
80250;ESTREES SUR NOYE;France
88500;ESTRENNES;France
59990;ESTREUX;France
59295;ESTRUN;France
14410;ESTRY;France
37240;ESVES LE MOUTIER;France
37320;ESVRES;France
59400;ESWARS;France
73110;ETABLE;France
07300;ETABLES;France
22680;ETABLES SUR MER;France
16150;ETAGNAC;France
76850;ETAIMPUIS;France
55400;ETAIN;France
62156;ETAING;France
76430;ETAINHUS;France
21500;ETAIS;France
89480;ETAIS LA SAUVIN;France
25580;ETALANS;France
21510;ETALANTE;France
08260;ETALLE;France
76560;ETALLEVILLE;France
80190;ETALON;France
76260;ETALONDES;France
91150;ETAMPES;France
02400;ETAMPES SUR MARNE;France
71190;ETANG SUR ARROUX;France
62630;ETAPLES;France
89200;ETAULE;France
17750;ETAULES;France
21121;ETAULES;France
33820;ETAULIERS;France
74800;ETAUX;France
02110;ETAVES ET BOCQUIAUX;France
60620;ETAVIGNY;France
64120;ETCHARRY;France
64470;ETCHEBAR;France
08260;ETEIGNIERES;France
68210;ETEIMBES;France
56410;ETEL;France
80500;ETELFAY;France
74150;ETERCY;France
25330;ETERNOZ;France
62156;ETERPIGNY;France
80200;ETERPIGNY;France
14930;ETERVILLE;France
21270;ETEVAUX;France
59144;ETH;France
50360;ETIENVILLE;France
89510;ETIGNY;France
80340;ETINEHEM;France
91450;ETIOLLES;France
39130;ETIVAL;France
88480;ETIVAL CLAIREFONTAINE;France
72700;ETIVAL LES LE MANS;France
89310;ETIVEY;France
70400;ETOBON;France
51270;ETOGES;France
05700;ETOILE ST CYRICE;France
26800;ETOILE SUR RHONE;France
55240;ETON;France
21450;ETORMAY;France
24360;ETOUARS;France
10210;ETOURVY;France
76190;ETOUTTEVILLE;France
25260;ETOUVANS;France
02000;ETOUVELLES;France
14350;ETOUVY;France
60600;ETOUY;France
25170;ETRABONNE;France
25250;ETRAPPE;France
25800;ETRAY;France
55150;ETRAYE;France
02580;ETREAUPONT;France
36120;ETRECHET;France
18800;ETRECHY;France
51130;ETRECHY;France
91580;ETRECHY;France
14400;ETREHAM;France
02590;ETREILLERS;France
80140;ETREJUST;France
35370;ETRELLES;France
70700;ETRELLES ET LA MONTBLEUSE;France
10170;ETRELLES SUR AUBE;France
74100;ETREMBIERES;France
27150;ETREPAGNY;France
39700;ETREPIGNEY;France
08160;ETREPIGNY;France
02400;ETREPILLY;France
77139;ETREPILLY;France
51340;ETREPY;France
76790;ETRETAT;France
02510;ETREUX;France
54330;ETREVAL;France
27350;ETREVILLE;France
01340;ETREZ;France
16250;ETRIAC;France
49330;ETRICHE;France
80360;ETRICOURT MANANCOURT;France
71240;ETRIGNY;France
21400;ETROCHEY;France
59219;ETROEUNGT;France
70110;ETROITEFONTAINE;France
03140;ETROUSSAT;France
62161;ETRUN;France
64490;ETSAUT;France
67350;ETTENDORF;France
57412;ETTING;France
90170;ETUEFFONT;France
25460;ETUPES;France
27350;ETURQUERAYE;France
79150;ETUSSON;France
70150;ETUZ;France
57460;ETZLING;France
76260;EU;France
52000;EUFFIGNEIX;France
40320;EUGENIE LES BAINS;France
08210;EUILLY ET LOMBUT;France
54690;EULMONT;France
31440;EUP;France
59777;EURALILLE;France
26400;EURRE;France
52410;EURVILLE BIENVILLE;France
66500;EUS;France
54470;EUVEZIN;France
55200;EUVILLE;France
51230;EUVY;France
30360;EUZET;France
72120;EVAILLE;France
39700;EVANS;France
88450;EVAUX ET MENIL;France
23110;EVAUX LES BAINS;France
60330;EVE;France
78740;EVECQUEMONT;France
83330;EVENOS;France
02190;EVERGNICOURT;France
77157;EVERLY;France
90350;EVETTE SALBERT;France
69210;EVEUX;France
74500;EVIAN LES BAINS;France
08090;EVIGNY;France
25520;EVILLERS;France
62141;EVIN MALMAISON;France
74570;EVIRES;France
20126;EVISA;France
01230;EVOSGES;France
22630;EVRAN;France
57570;EVRANGE;France
14210;EVRECY;France
55250;EVRES;France
27000;EVREUX;France
60310;EVRICOURT;France
56490;EVRIGUET;France
53600;EVRON;France
89140;EVRY;France
91000;EVRY;France
74140;EXCENEVEX;France
24160;EXCIDEUIL;France
08250;EXERMONT;France
16150;EXIDEUIL;France
25400;EXINCOURT;France
79400;EXIREUIL;France
61310;EXMES;France
79800;EXOUDUN;France
17130;EXPIREMONT;France
38320;EYBENS;France
87400;EYBOULEUF;France
19140;EYBURIE;France
09200;EYCHEIL;France
38690;EYDOCHE;France
26560;EYGALAYES;France
13810;EYGALIERES;France
26170;EYGALIERS;France
05600;EYGLIERS;France
26400;EYGLUY ESCOULIN;France
05300;EYGUIANS;France
13430;EYGUIERES;France
19340;EYGURANDE;France
24700;EYGURANDE ET GARDEDEUIL;France
64780;EYHARCE;France
87220;EYJEAUX;France
24330;EYLIAC;France
24500;EYMET;France
26730;EYMEUX;France
16220;EYMOUTHIERS;France
87120;EYMOUTIERS;France
66800;EYNE;France
33220;EYNESSE;France
13630;EYRAGUES;France
33390;EYRANS;France
19800;EYREIN;France
24560;EYRENVILLE;France
40500;EYRES MONCUBE;France
26110;EYROLES;France
33320;EYSINES;France
25530;EYSSON;France
64400;EYSUS;France
24460;EYVIRAT;France
67320;EYWILLER;France
26160;EYZAHUT;France
24800;EYZERAC;France
38780;EYZIN PINET;France
95460;EZANVILLE;France
06360;EZE;France
27530;EZY SUR EURE;France
11260;FA;France
09230;FABAS;France
31230;FABAS;France
82170;FABAS;France
07380;FABRAS;France
34690;FABREGUES;France
11200;FABREZAN;France
59155;FACHES THUMESNIL;France
58430;FACHIN;France
33380;FACTURE;France
32450;FAGET ABBATIAL;France
51510;FAGNIERES;France
08090;FAGNON;France
70100;FAHY LES AUTREY;France
57640;FAILLY;France
25250;FAIMBE;France
21500;FAIN LES MONTBARD;France
21500;FAIN LES MOUTIERS;France
27120;FAINS;France
28150;FAINS LA FOLIE;France
55000;FAINS VEEL;France
08270;FAISSAULT;France
11220;FAJAC EN VAL;France
11410;FAJAC LA RELENQUE;France
46300;FAJOLES;France
82210;FAJOLLES;France
08400;FALAISE;France
14700;FALAISE;France
57550;FALCK;France
33760;FALEYRAS;France
31540;FALGA;France
24560;FALGUEYRAT;France
06950;FALICON;France
68210;FALKWILLER;France
38070;FALLAVIER;France
76340;FALLENCOURT;France
25580;FALLERANS;France
85670;FALLERON;France
39700;FALLETANS;France
70110;FALLON;France
47220;FALS;France
80190;FALVY;France
59300;FAMARS;France
62760;FAMECHON;France
80290;FAMECHON;France
57290;FAMECK;France
14290;FAMILLY;France
62118;FAMPOUX;France
11270;FANJEAUX;France
24290;FANLAC;France
01800;FARAMANS;France
38260;FARAMANS;France
62580;FARBUS;France
27150;FARCEAUX;France
57450;FAREBERSVILLER;France
01480;FAREINS;France
77515;FAREMOUTIERS;France
01550;FARGES;France
18200;FARGES ALLICHAMPS;France
18800;FARGES EN SEPTAINE;France
71150;FARGES LES CHALON;France
71700;FARGES LES MACON;France
02700;FARGNIERS;France
33210;FARGUES;France
40500;FARGUES;France
46800;FARGUES;France
33370;FARGUES ST HILAIRE;France
47700;FARGUES SUR OURBISE;France
52500;FARINCOURT;France
20253;FARINOLE;France
42320;FARNAY;France
45480;FARONVILLE;France
57450;FARSCHVILLER;France
72470;FATINES;France
27210;FATOUVILLE GRESTAIN;France
48130;FAU DE PEYRE;France
81120;FAUCH;France
74130;FAUCIGNY;France
70310;FAUCOGNEY ET LA MER;France
88460;FAUCOMPIERRE;France
84110;FAUCON;France
04400;FAUCON DE BARCELONNETTE;France
04250;FAUCON DU CAIRE;France
88700;FAUCONCOURT;France
26120;FAUCONNIERES;France
02320;FAUCOUCOURT;France
82500;FAUDOAS;France
07230;FAUGERES;France
34600;FAUGERES;France
14100;FAUGUERNON;France
47400;FAUGUEROLLES;France
47400;FAUILLET;France
57380;FAULQUEMONT;France
54760;FAULX;France
59310;FAUMONT;France
62560;FAUQUEMBERGUES;France
24560;FAURILLES;France
82190;FAUROUX;France
81340;FAUSSERGUES;France
21110;FAUVERNEY;France
27930;FAUVILLE;France
76640;FAUVILLE EN CAUX;France
08270;FAUX;France
24560;FAUX;France
51230;FAUX FRESNAY;France
23340;FAUX LA MONTAGNE;France
23400;FAUX MAZURAS;France
51320;FAUX VESIGNEUL;France
10290;FAUX VILLECERF;France
20212;FAVALELLO;France
20212;FAVALELLO DE BOZIO;France
19330;FAVARS;France
49380;FAVERAYE MACHELLES;France
18360;FAVERDINES;France
45420;FAVERELLES;France
74210;FAVERGES;France
38110;FAVERGES DE LA TOUR;France
70160;FAVERNEY;France
90100;FAVEROIS;France
02600;FAVEROLLES;France
15390;FAVEROLLES;France
28210;FAVEROLLES;France
36360;FAVEROLLES;France
52260;FAVEROLLES;France
61600;FAVEROLLES;France
80500;FAVEROLLES;France
51170;FAVEROLLES ET COEMY;France
27190;FAVEROLLES LA CAMPAGNE;France
21290;FAVEROLLES LES LUCEY;France
27230;FAVEROLLES LES MARES;France
41400;FAVEROLLES SUR CHER;France
28170;FAVIERES;France
54115;FAVIERES;France
77220;FAVIERES;France
80120;FAVIERES;France
51300;FAVRESSE;France
62450;FAVREUIL;France
78200;FAVRIEUX;France
61390;FAY;France
72550;FAY;France
80200;FAY;France
45450;FAY AUX LOGES;France
44130;FAY DE BRETAGNE;France
39800;FAY EN MONTAGNE;France
26240;FAY LE CLOS;France
60240;FAY LES ETANGS;France
10290;FAY LES MARCILLY;France
77167;FAY LES NEMOURS;France
43430;FAY SUR LIGNON;France
46100;FAYCELLES;France
41100;FAYE;France
49380;FAYE D ANJOU;France
79350;FAYE L ABBESSE;France
37120;FAYE LA VINEUSE;France
79160;FAYE SUR ARDIN;France
83440;FAYENCE;France
02100;FAYET;France
12360;FAYET;France
63160;FAYET LE CHATEAU;France
63630;FAYET RONAYE;France
52500;FAYL BILLOT;France
52500;FAYL LA FORET;France
70200;FAYMONT;France
85240;FAYMOREAU;France
52130;FAYS;France
88600;FAYS;France
10320;FAYS LA CHAPELLE;France
81150;FAYSSAC;France
64570;FEAS;France
62960;FEBVIN PALFART;France
76400;FECAMP;France
59247;FECHAIN;France
90100;FECHE L EGLISE;France
54115;FECOCOURT;France
70120;FEDRY;France
67640;FEGERSHEIM;France
44460;FEGREAC;France
74160;FEIGERES;France
60800;FEIGNEUX;France
59750;FEIGNIES;France
01570;FEILLENS;France
41120;FEINGS;France
61400;FEINGS;France
35440;FEINS;France
45230;FEINS EN GATINAIS;France
73260;FEISSONS SUR ISERE;France
73350;FEISSONS SUR SALINS;France
61160;FEL;France
20234;FELCE;France
68640;FELDBACH;France
68540;FELDKIRCH;France
20225;FELICETO;France
07340;FELINES;France
43160;FELINES;France
34210;FELINES MINERVOIS;France
26160;FELINES SUR RIMANDOULE;France
11330;FELINES TERMENES;France
59740;FELLERIES;France
68470;FELLERING;France
23500;FELLETIN;France
66730;FELLUNS;France
90110;FELON;France
46270;FELZINS;France
59179;FENAIN;France
21600;FENAY;France
11400;FENDEILLE;France
79450;FENERY;France
57930;FENETRANGE;France
49460;FENEU;France
82140;FENEYROLS;France
23100;FENIERS;France
17350;FENIOUX;France
79160;FENIOUX;France
54540;FENNEVILLER;France
81600;FENOLS;France
31150;FENOUILLET;France
66220;FENOUILLET;France
11240;FENOUILLET DU RAZES;France
08170;FEPIN;France
44660;FERCE;France
72430;FERCE SUR SARTHE;France
88360;FERDRUPT;France
51230;FERE CHAMPENOISE;France
02130;FERE EN TARDENOIS;France
51270;FEREBRIANGES;France
56130;FEREL;France
62260;FERFAY;France
77133;FERICY;France
59169;FERIN;France
50840;FERMANVILLE;France
54870;FERMONT;France
01210;FERNEY VOLTAIRE;France
63620;FERNOEL;France
45150;FEROLLES;France
77150;FEROLLES ATTILLY;France
59610;FERON;France
62250;FERQUES;France
11200;FERRALS LES CORBIERES;France
34210;FERRALS LES MONTAGNES;France
11240;FERRAN;France
26570;FERRASSIERES;France
47330;FERRENSAC;France
65370;FERRERE;France
68480;FERRETTE;France
10400;FERREUX QUINCEY;France
52300;FERRIERE ET LAFOLIE;France
59680;FERRIERE LA GRANDE;France
59680;FERRIERE LA PETITE;France
37350;FERRIERE LARCON;France
37600;FERRIERE SUR BEAULIEU;France
17170;FERRIERES;France
45210;FERRIERES;France
50640;FERRIERES;France
54210;FERRIERES;France
60420;FERRIERES;France
65560;FERRIERES;France
74370;FERRIERES;France
77164;FERRIERES;France
80470;FERRIERES;France
81260;FERRIERES;France
76220;FERRIERES EN BRAY;France
27190;FERRIERES HAUT CLOCHER;France
61390;FERRIERES LA VERRERIE;France
25470;FERRIERES LE LAC;France
25410;FERRIERES LES BOIS;France
70130;FERRIERES LES RAY;France
70360;FERRIERES LES SCEY;France
34190;FERRIERES LES VERRERIES;France
34360;FERRIERES POUSSAROU;France
27270;FERRIERES ST HILAIRE;France
15170;FERRIERES ST MARY;France
09000;FERRIERES SUR ARIEGE;France
03250;FERRIERES SUR SICHON;France
43300;FERRUSSAC;France
25330;FERTANS;France
58270;FERTREVE;France
50420;FERVACHES;France
14140;FERVAQUES;France
80500;FESCAMPS;France
25490;FESCHES LE CHATEL;France
02450;FESMY LE SART;France
76270;FESQUES;France
28270;FESSANVILLIERS MATTANVILLIERS;France
68740;FESSENHEIM;France
67117;FESSENHEIM LE BAS;France
25470;FESSEVILLERS;France
74890;FESSY;France
24410;FESTALEMPS;France
11300;FESTES ET ST ANDRE;France
02840;FESTIEUX;France
51700;FESTIGNY;France
89480;FESTIGNY;France
62149;FESTUBERT;France
74500;FETERNES;France
39240;FETIGNY;France
78810;FEUCHEROLLES;France
62223;FEUCHY;France
47230;FEUGAROLLES;France
50190;FEUGERES;France
10150;FEUGES;France
27110;FEUGUEROLLES;France
14320;FEUGUEROLLES BULLY;France
14240;FEUGUEROLLES SUR SEULLES;France
11510;FEUILLA;France
16380;FEUILLADE;France
80200;FEUILLERES;France
25190;FEULE;France
60960;FEUQUIERES;France
80210;FEUQUIERES EN VIMEU;France
42110;FEURS;France
36160;FEUSINES;France
18300;FEUX;France
57280;FEVES;France
57420;FEY;France
54470;FEY EN HAYE;France
19340;FEYT;France
87220;FEYTIAT;France
69320;FEYZIN;France
81500;FIAC;France
20237;FICAJA;France
62173;FICHEUX;France
64410;FICHOUS RIUMAYOU;France
80670;FIEFFES;France
80670;FIEFFES MONTRELET;France
62134;FIEFS;France
62132;FIENNES;France
80750;FIENVILLERS;France
14190;FIERVILLE BRAY;France
50580;FIERVILLE LES MINES;France
14130;FIERVILLE LES PARCS;France
02110;FIEULAINE;France
47600;FIEUX;France
83830;FIGANIERES;France
20230;FIGARETTO;France
20114;FIGARI;France
31260;FIGAROL;France
46100;FIGEAC;France
88410;FIGNEVELLE;France
80500;FIGNIERES;France
02000;FILAIN;France
70230;FILAIN;France
72210;FILLE SUR SARTHE;France
54560;FILLIERES;France
62770;FILLIEVRES;France
74250;FILLINGES;France
66820;FILLOLS;France
69440;FILLONNIERE;France
57320;FILSTROFF;France
88600;FIMENIL;France
66320;FINESTRET;France
82700;FINHAN;France
80360;FINS;France
27210;FIQUEFLEUR EQUAINVILLE;France
24450;FIRBEIX;France
14100;FIRFOL;France
12300;FIRMI;France
42700;FIRMINY;France
68480;FISLIS;France
51170;FISMES;France
01260;FITIGNIEU;France
38490;FITILIEU;France
11510;FITOU;France
60600;FITZ JAMES;France
43320;FIX ST GENEYS;France
57570;FIXEM;France
21220;FIXIN;France
55150;FLABAS;France
54260;FLABEUVILLE;France
71000;FLACE LES MACON;France
21490;FLACEY;France
28800;FLACEY;France
71580;FLACEY EN BRESSE;France
38690;FLACHERES;France
78200;FLACOURT;France
89190;FLACY;France
25330;FLAGEY;France
52250;FLAGEY;France
21640;FLAGEY ECHEZEAUX;France
21130;FLAGEY LES AUXONNE;France
25640;FLAGEY RIGNEY;France
12300;FLAGNAC;France
70000;FLAGY;France
71250;FLAGY;France
77940;FLAGY;France
08260;FLAIGNES HAVYS;France
74300;FLAINE;France
54110;FLAINVAL;France
50340;FLAMANVILLE;France
76970;FLAMANVILLE;France
32340;FLAMARENS;France
76270;FLAMETS FRETILS;France
21130;FLAMMERANS;France
52110;FLAMMERECOURT;France
27310;FLANCOURT CATELON;France
25690;FLANGEBOUCHE;France
84410;FLASSAN;France
83340;FLASSANS SUR ISSOLE;France
55600;FLASSIGNY;France
57320;FLASTROFF;France
63500;FLAT;France
80200;FLAUCOURT;France
24240;FLAUGEAC;France
46170;FLAUGNAC;France
46320;FLAUJAC GARE;France
46090;FLAUJAC POUJOLS;France
33350;FLAUJAGUES;France
59440;FLAUMONT WAUDRECHIES;France
30700;FLAUX;France
60590;FLAVACOURT;France
07000;FLAVIAC;France
87230;FLAVIGNAC;France
21160;FLAVIGNEROT;France
18350;FLAVIGNY;France
51190;FLAVIGNY;France
02120;FLAVIGNY LE GRAND ET BEAURAIN;France
54630;FLAVIGNY SUR MOSELLE;France
21150;FLAVIGNY SUR OZERAIN;France
12450;FLAVIN;France
02520;FLAVY LE MARTEL;France
60640;FLAVY LE MELDEUX;France
01350;FLAXIEU;France
68720;FLAXLANDEN;France
23260;FLAYAT;France
83780;FLAYOSC;France
16730;FLEAC;France
17800;FLEAC SUR SEUGNE;France
62960;FLECHIN;France
60120;FLECHY;France
21140;FLEE;France
72500;FLEE;France
08200;FLEIGNEUX;France
57119;FLEISHEIM;France
86300;FLEIX;France
36700;FLERE LA RIVIERE;France
61100;FLERS;France
62270;FLERS;France
80360;FLERS;France
59128;FLERS EN ESCREBIEUX;France
80160;FLERS SUR NOYE;France
59267;FLESQUIERES;France
80260;FLESSELLES;France
57690;FLETRANGE;France
59270;FLETRE;France
58170;FLETY;France
16200;FLEURAC;France
24580;FLEURAC;France
32500;FLEURANCE;France
23320;FLEURAT;France
62840;FLEURBAIX;France
61200;FLEURE;France
86340;FLEURE;France
25190;FLEUREY;France
70160;FLEUREY LES FAVERNEY;France
70120;FLEUREY LES LAVONCOURT;France
70800;FLEUREY LES ST LOUP;France
21410;FLEUREY SUR OUCHE;France
69820;FLEURIE;France
03140;FLEURIEL;France
69250;FLEURIEU SUR SAONE;France
69210;FLEURIEUX SUR L ARBRESLE;France
35133;FLEURIGNE;France
89260;FLEURIGNY;France
60700;FLEURINES;France
71260;FLEURVILLE;France
02600;FLEURY;France
11560;FLEURY;France
50800;FLEURY;France
57420;FLEURY;France
60240;FLEURY;France
62134;FLEURY;France
80160;FLEURY;France
55100;FLEURY DEVANT DOUAUMONT;France
77930;FLEURY EN BIERE;France
27480;FLEURY LA FORET;France
71340;FLEURY LA MONTAGNE;France
51480;FLEURY LA RIVIERE;France
89113;FLEURY LA VALLEE;France
45400;FLEURY LES AUBRAIS;France
91700;FLEURY MEROGIS;France
55250;FLEURY SUR AIRE;France
27380;FLEURY SUR ANDELLE;France
58240;FLEURY SUR LOIRE;France
14123;FLEURY SUR ORNE;France
08250;FLEVILLE;France
54710;FLEVILLE DEVANT NANCY;France
54150;FLEVILLE LIXIERES;France
57365;FLEVY;France
78910;FLEXANVILLE;France
67310;FLEXBOURG;France
71390;FLEY;France
89800;FLEYS;France
58190;FLEZ CUZY;France
08380;FLIGNY;France
54122;FLIN;France
59158;FLINES LES MORTAGNE;France
59148;FLINES LEZ RACHES;France
78790;FLINS NEUVE EGLISE;France
78410;FLINS SUR SEINE;France
27380;FLIPOU;France
54470;FLIREY;France
80420;FLIXECOURT;France
08160;FLIZE;France
57580;FLOCOURT;France
76260;FLOCQUES;France
89360;FLOGNY LA CHAPELLE;France
08600;FLOHIMONT;France
08200;FLOING;France
17120;FLOIRAC;France
33270;FLOIRAC;France
46600;FLOIRAC;France
48400;FLORAC;France
57190;FLORANGE;France
88130;FLOREMONT;France
34510;FLORENSAC;France
51800;FLORENT EN ARGONNE;France
39320;FLORENTIA;France
81150;FLORENTIN;France
12140;FLORENTIN LA CAPELLE;France
46700;FLORESSAS;France
90100;FLORIMONT;France
24250;FLORIMONT GAUMIER;France
62550;FLORINGHEM;France
52130;FLORNOY;France
50700;FLOTTEMANVILLE;France
50690;FLOTTEMANVILLE HAGUE;France
33190;FLOUDES;France
11800;FLOURE;France
31130;FLOURENS;France
59440;FLOURSIES;France
59219;FLOYON;France
73590;FLUMET;France
02590;FLUQUIERES;France
80540;FLUY;France
55400;FOAMEIX ORNEL;France
20100;FOCE;France
20212;FOCICCHIA;France
18500;FOECY;France
08600;FOISCHES;France
12260;FOISSAC;France
30700;FOISSAC;France
01340;FOISSIAT;France
21230;FOISSY;France
89450;FOISSY LES VEZELAY;France
89190;FOISSY SUR VANNE;France
09000;FOIX;France
31290;FOLCARDE;France
20213;FOLELLI;France
02670;FOLEMBRAY;France
68220;FOLGENSBOURG;France
80170;FOLIES;France
57600;FOLKLING;France
78520;FOLLAINVILLE DENNEMONT;France
87250;FOLLES;France
27230;FOLLEVILLE;France
80250;FOLLEVILLE;France
50320;FOLLIGNY;France
57200;FOLPERSVILLER;France
57730;FOLSCHVILLER;France
88390;FOMEREY;France
79340;FOMPERRON;France
31140;FONBEAUZARD;France
21260;FONCEGRIVE;France
80700;FONCHES FONCHETTE;France
39520;FONCINE LE BAS;France
39460;FONCINE LE HAUT;France
62111;FONCQUEVILLERS;France
12540;FONDAMENTE;France
37230;FONDETTES;France
70190;FONDREMAND;France
24170;FONGALOP;France
47260;FONGRAVE;France
76280;FONGUEUSEMARE;France
24500;FONROQUE;France
07200;FONS;France
30730;FONS;France
46100;FONS;France
30580;FONS SUR LUSSAN;France
02110;FONSOMMES;France
31470;FONSORBES;France
63122;FONT FREYDE;France
66120;FONT ROMEU ODEILLO VIA;France
25660;FONTAIN;France
10200;FONTAINE;France
38600;FONTAINE;France
90150;FONTAINE;France
59550;FONTAINE AU BOIS;France
59157;FONTAINE AU PIRE;France
27600;FONTAINE BELLENGER;France
60360;FONTAINE BONNELEAU;France
60300;FONTAINE CHAALIS;France
17510;FONTAINE CHALENDRAY;France
53350;FONTAINE COUVERTE;France
53100;FONTAINE DANIEL;France
84800;FONTAINE DE VAUCLUSE;France
51120;FONTAINE DENIS NUISY;France
76440;FONTAINE EN BRAY;France
51800;FONTAINE EN DORMOIS;France
14790;FONTAINE ETOUPEFOUR;France
77480;FONTAINE FOURCHES;France
21610;FONTAINE FRANCAISE;France
49250;FONTAINE GUERIN;France
14610;FONTAINE HENRY;France
27490;FONTAINE HEUDEBOURG;France
27300;FONTAINE L ABBE;France
62390;FONTAINE L ETALON;France
89100;FONTAINE LA GAILLARDE;France
28190;FONTAINE LA GUYON;France
27230;FONTAINE LA LOUVET;France
76290;FONTAINE LA MALLET;France
91690;FONTAINE LA RIVIERE;France
27550;FONTAINE LA SORET;France
60690;FONTAINE LAVAGANNE;France
76690;FONTAINE LE BOURG;France
86240;FONTAINE LE COMTE;France
76740;FONTAINE LE DUN;France
14190;FONTAINE LE PIN;France
77590;FONTAINE LE PORT;France
73600;FONTAINE LE PUITS;France
80140;FONTAINE LE SEC;France
61160;FONTAINE LES BASSETS;France
62134;FONTAINE LES BOULANS;France
80340;FONTAINE LES CAPPY;France
02680;FONTAINE LES CLERCS;France
25340;FONTAINE LES CLERVAL;France
41800;FONTAINE LES COTEAUX;France
62128;FONTAINE LES CROISILLES;France
21121;FONTAINE LES DIJON;France
10280;FONTAINE LES GRES;France
62550;FONTAINE LES HERMANS;France
70800;FONTAINE LES LUXEUIL;France
28170;FONTAINE LES RIBOUTS;France
02140;FONTAINE LES VERVINS;France
10150;FONTAINE LUYERES;France
10400;FONTAINE MACON;France
49140;FONTAINE MILON;France
02110;FONTAINE NOTRE DAME;France
59400;FONTAINE NOTRE DAME;France
41270;FONTAINE RAOUL;France
28240;FONTAINE SIMON;France
27120;FONTAINE SOUS JOUY;France
77560;FONTAINE SOUS MONTAIGUILLON;France
80500;FONTAINE SOUS MONTDIDIER;France
76160;FONTAINE SOUS PREAUX;France
60480;FONTAINE ST LUCIEN;France
51160;FONTAINE SUR AY;France
51320;FONTAINE SUR COOLE;France
80150;FONTAINE SUR MAYE;France
80510;FONTAINE SUR SOMME;France
02110;FONTAINE UTERTE;France
77300;FONTAINEBLEAU;France
39140;FONTAINEBRUX;France
71150;FONTAINES;France
85200;FONTAINES;France
89130;FONTAINES;France
17500;FONTAINES D OZILLAC;France
21450;FONTAINES EN DUESMOIS;France
41250;FONTAINES EN SOLOGNE;France
21330;FONTAINES LES SECHES;France
55110;FONTAINES ST CLAIR;France
69270;FONTAINES ST MARTIN;France
52170;FONTAINES SUR MARNE;France
69270;FONTAINES SUR SAONE;France
77370;FONTAINS;France
06540;FONTAN;France
30250;FONTANES;France
34270;FONTANES;France
42140;FONTANES;France
46230;FONTANES;France
48300;FONTANES;France
11140;FONTANES DE SAULT;France
46240;FONTANES DU CAUSSE;France
15140;FONTANGES;France
21390;FONTANGY;France
23110;FONTANIERES;France
38120;FONTANIL CORNILLON;France
43100;FONTANNES;France
48700;FONTANS;France
30580;FONTARECHES;France
16230;FONTCLAIREAU;France
11700;FONTCOUVERTE;France
17100;FONTCOUVERTE;France
73300;FONTCOUVERTE LA TOUSSUIRE;France
61420;FONTENAI LES LOUVETS;France
61200;FONTENAI SUR ORNE;France
77370;FONTENAILLES;France
89560;FONTENAILLES;France
36150;FONTENAY;France
50140;FONTENAY;France
71120;FONTENAY;France
76290;FONTENAY;France
88600;FONTENAY;France
92260;FONTENAY AUX ROSES;France
10400;FONTENAY DE BOSSERY;France
95190;FONTENAY EN PARISIS;France
27510;FONTENAY EN VEXIN;France
85200;FONTENAY LE COMTE;France
78330;FONTENAY LE FLEURY;France
14320;FONTENAY LE MARMION;France
14250;FONTENAY LE PESNEL;France
91540;FONTENAY LE VICOMTE;France
91640;FONTENAY LES BRIIS;France
78200;FONTENAY MAUVOISIN;France
89800;FONTENAY PRES CHABLIS;France
89450;FONTENAY PRES VEZELAY;France
94120;FONTENAY SOUS BOIS;France
89660;FONTENAY SOUS FOURONNES;France
78440;FONTENAY ST PERE;France
28140;FONTENAY SUR CONIE;France
28630;FONTENAY SUR EURE;France
45210;FONTENAY SUR LOING;France
50310;FONTENAY SUR MER;France
72350;FONTENAY SUR VEGRE;France
60380;FONTENAY TORCY;France
77610;FONTENAY TRESIGNY;France
02170;FONTENELLE;France
21610;FONTENELLE;France
90340;FONTENELLE;France
02540;FONTENELLE EN BRIE;France
25340;FONTENELLE MONTBY;France
14380;FONTENERMONT;France
17400;FONTENET;France
16230;FONTENILLE;France
79110;FONTENILLE ST MARTIN D ENTRAIGUE;France
31470;FONTENILLES;France
70210;FONTENOIS LA VILLE;France
70230;FONTENOIS LES MONTBOZON;France
25110;FONTENOTTE;France
89120;FONTENOUILLES;France
02290;FONTENOY;France
89520;FONTENOY;France
54122;FONTENOY LA JOUTE;France
88240;FONTENOY LE CHATEAU;France
54840;FONTENOY SUR MOSELLE;France
39130;FONTENU;France
39110;FONTENY;France
57590;FONTENY;France
11400;FONTERS DU RAZES;France
34320;FONTES;France
33190;FONTET;France
10360;FONTETTE;France
49590;FONTEVRAUD L ABBAYE;France
36220;FONTGOMBAULT;France
36600;FONTGUENAND;France
04230;FONTIENNE;France
11310;FONTIERS CABARDES;France
11800;FONTIES D AUDE;France
11360;FONTJONCOUSE;France
57650;FONTOY;France
66360;FONTPEDROUSE;France
66210;FONTRABIOUSE;France
65220;FONTRAILLES;France
10190;FONTVANNES;France
13990;FONTVIEILLE;France
57600;FORBACH;France
83136;FORCALQUEIRET;France
04300;FORCALQUIER;France
53260;FORCE;France
54930;FORCELLES SOUS GUGNEY;France
54330;FORCELLES ST GORGON;France
80560;FORCEVILLE EN AMIENOIS;France
80140;FORCEVILLE EN VIMEU;France
52700;FORCEY;France
20190;FORCIOLO;France
08220;FOREST;France
59222;FOREST EN CAMBRESIS;France
80150;FOREST L ABBAYE;France
80120;FOREST MONTIERS;France
05260;FOREST ST JULIEN;France
59510;FOREST SUR MARQUE;France
02590;FORESTE;France
27510;FORET LA FOLIE;France
77165;FORFRY;France
17290;FORGES;France
19380;FORGES;France
49700;FORGES;France
58160;FORGES;France
61250;FORGES;France
77130;FORGES;France
35640;FORGES LA FORET;France
91470;FORGES LES BAINS;France
76440;FORGES LES EAUX;France
55110;FORGES SUR MEUSE;France
23160;FORGEVIEILLE;France
31370;FORGUES;France
21460;FORLEANS;France
14340;FORMENTIN;France
60220;FORMERIE;France
14710;FORMIGNY;France
66210;FORMIGUERES;France
09350;FORNEX;France
79230;FORS;France
67480;FORSTFELD;France
67580;FORSTHEIM;France
39150;FORT DU PLASNE;France
67480;FORT LOUIS;France
80790;FORT MAHON PLAGE;France
59430;FORT MARDYCK;France
27210;FORT MOVILLE;France
41360;FORTAN;France
62270;FORTEL EN ARTOIS;France
68320;FORTSCHWIHR;France
31440;FOS;France
34320;FOS;France
13270;FOS SUR MER;France
08240;FOSSE;France
41330;FOSSE;France
66220;FOSSE;France
18200;FOSSE NOUVELLE;France
24210;FOSSEMAGNE;France
80160;FOSSEMANANT;France
95470;FOSSES;France
33190;FOSSES ET BALEYSSAC;France
60540;FOSSEUSE;France
62810;FOSSEUX;France
57590;FOSSIEUX;France
02650;FOSSOY;France
76340;FOUCARMONT;France
76640;FOUCART;France
50480;FOUCARVILLE;France
80340;FOUCAUCOURT EN SANTERRE;France
80140;FOUCAUCOURT HORS NESLE;France
55250;FOUCAUCOURT SUR THABAS;France
70160;FOUCHECOURT;France
88320;FOUCHECOURT;France
25620;FOUCHERANS;France
39100;FOUCHERANS;France
10260;FOUCHERES;France
89150;FOUCHERES;France
55500;FOUCHERES AUX BOIS;France
45320;FOUCHEROLLES;France
67220;FOUCHY;France
27220;FOUCRAINVILLE;France
67130;FOUDAY;France
80440;FOUENCAMPS;France
29170;FOUESNANT;France
62130;FOUFFLIN RICAMETZ;France
54570;FOUG;France
31160;FOUGARON;France
09300;FOUGAX ET BARRINEUF;France
49150;FOUGERE;France
85480;FOUGERE;France
35300;FOUGERES;France
41120;FOUGERES SUR BIEVRE;France
36230;FOUGEROLLES;France
70220;FOUGEROLLES;France
53190;FOUGEROLLES DU PLESSIS;France
33220;FOUGUEYROLLES;France
60190;FOUILLEUSE;France
05130;FOUILLOUSE;France
60220;FOUILLOY;France
80800;FOUILLOY;France
77390;FOUJU;France
52800;FOULAIN;France
60250;FOULANGUES;France
47510;FOULAYRONNES;France
27210;FOULBEC;France
57830;FOULCREY;France
24380;FOULEIX;France
39230;FOULENAY;France
57220;FOULIGNY;France
14240;FOULOGNES;France
08260;FOULZY;France
16410;FOUQUEBRUNE;France
60000;FOUQUENIES;France
62232;FOUQUEREUIL;France
60510;FOUQUEROLLES;France
80170;FOUQUESCOURT;France
16140;FOUQUEURE;France
27370;FOUQUEVILLE;France
62232;FOUQUIERES LES BETHUNE;France
62740;FOUQUIERES LES LENS;France
38080;FOUR;France
17450;FOURAS;France
25110;FOURBANNE;France
25370;FOURCATIER ET MAISON NEUVE;France
32250;FOURCES;France
58600;FOURCHAMBAULT;France
14620;FOURCHES;France
80590;FOURCIGNY;France
02870;FOURDRAIN;France
80310;FOURDRINOY;France
25440;FOURG;France
27630;FOURGES;France
03140;FOURILLES;France
46100;FOURMAGNAC;France
27500;FOURMETOT;France
59610;FOURMIES;France
89320;FOURNAUDIN;France
23200;FOURNEAUX;France
42470;FOURNEAUX;France
45380;FOURNEAUX;France
50420;FOURNEAUX;France
73500;FOURNEAUX;France
14700;FOURNEAUX LE VAL;France
48310;FOURNELS;France
30210;FOURNES;France
11600;FOURNES CABARDES;France
59134;FOURNES EN WEPPES;France
25140;FOURNET BLANCHEROCHE;France
25390;FOURNETS LUISANS;France
14600;FOURNEVILLE;France
60130;FOURNIVAL;France
63980;FOURNOLS;France
15600;FOURNOULES;France
89560;FOURONNES;France
30300;FOURQUES;France
66300;FOURQUES;France
47200;FOURQUES SUR GARONNE;France
78112;FOURQUEUX;France
31450;FOURQUEVAUX;France
04400;FOURS;France
33390;FOURS;France
58250;FOURS;France
27630;FOURS EN VEXIN;France
11190;FOURTOU;France
85240;FOUSSAIS PAYRE;France
90150;FOUSSEMAGNE;France
16200;FOUSSIGNAC;France
30160;FOUSSIGNARGUES;France
70600;FOUVENT LE BAS;France
70600;FOUVENT ST ANDOCHE;France
34480;FOUZILHON;France
57420;FOVILLE;France
83670;FOX AMPHOUX;France
34700;FOZIERES;France
20143;FOZZANO;France
71530;FRAGNES;France
70400;FRAHIER ET CHATEBIER;France
21580;FRAIGNOT ET VESVROTTE;France
08220;FRAILLICOURT;France
54300;FRAIMBOIS;France
88320;FRAIN;France
90150;FRAIS;France
59500;FRAIS MARAIS;France
39700;FRAISANS;France
54930;FRAISNES EN SAINTOIS;France
24130;FRAISSE;France
11600;FRAISSE CABARDES;France
11360;FRAISSE DES CORBIERES;France
34330;FRAISSE SUR AGOUT;France
42490;FRAISSES;France
81340;FRAISSINES;France
48400;FRAISSINET DE FOURQUES;France
48220;FRAISSINET DE LOZERE;France
88230;FRAIZE;France
10110;FRALIGNES;France
25140;FRAMBOUHANS;France
62130;FRAMECOURT;France
80131;FRAMERVILLE RAINECOURT;France
80140;FRAMICOURT;France
70600;FRAMONT;France
52220;FRAMPAS;France
70800;FRANCALMONT;France
57670;FRANCALTROFF;France
20236;FRANCARDO;France
31460;FRANCARVILLE;France
60480;FRANCASTEL;France
41190;FRANCAY;France
31260;FRANCAZAL;France
47600;FRANCESCAS;France
03160;FRANCHESSE;France
08140;FRANCHEVAL;France
70200;FRANCHEVELLE;France
21440;FRANCHEVILLE;France
27160;FRANCHEVILLE;France
39230;FRANCHEVILLE;France
51240;FRANCHEVILLE;France
54200;FRANCHEVILLE;France
61570;FRANCHEVILLE;France
69340;FRANCHEVILLE;France
60190;FRANCIERES;France
80690;FRANCIERES;France
36110;FRANCILLON;France
26400;FRANCILLON SUR ROUBION;France
02760;FRANCILLY SELENCY;France
73800;FRANCIN;France
74910;FRANCLENS;France
79260;FRANCOIS;France
31420;FRANCON;France
54830;FRANCONVILLE;France
95130;FRANCONVILLE;France
46090;FRANCOULES;France
70180;FRANCOURT;France
28700;FRANCOURVILLE;France
33570;FRANCS;France
37150;FRANCUEIL;France
25170;FRANEY;France
74270;FRANGY;France
71330;FRANGY EN BRESSE;France
68130;FRANKEN;France
80210;FRANLEU;France
25770;FRANOIS;France
30640;FRANQUEVAUX;France
31210;FRANQUEVIELLE;France
02140;FRANQUEVILLE;France
27800;FRANQUEVILLE;France
80620;FRANQUEVILLE;France
76520;FRANQUEVILLE ST PIERRE;France
01480;FRANS;France
80700;FRANSART;France
23480;FRANSECHES;France
80620;FRANSU;France
80160;FRANSURES;France
80800;FRANVILLERS;France
21170;FRANXAULT;France
88490;FRAPELLE;France
57790;FRAQUELFING;France
39250;FRAROZ;France
58270;FRASNAY REUGNY;France
25560;FRASNE;France
39290;FRASNE;France
70700;FRASNE LE CHATEAU;France
59530;FRASNOY;France
20157;FRASSETO;France
57200;FRAUENBERG;France
81170;FRAUSSEILLES;France
10200;FRAVAUX;France
46310;FRAYSSINET;France
46250;FRAYSSINET LE GELAT;France
46400;FRAYSSINHES;France
28160;FRAZE;France
76660;FREAUVILLE;France
88630;FREBECOURT;France
39570;FREBUANS;France
65220;FRECHEDE;France
80260;FRECHENCOURT;France
65130;FRECHENDETS;France
65240;FRECHET AURE;France
47600;FRECHOU;France
65190;FRECHOU FRECHET;France
67130;FRECONRUPT;France
52360;FRECOURT;France
70200;FREDERIC FONTAINE;France
36180;FREDILLE;France
47360;FREGIMONT;France
32490;FREGOUVILLE;France
22240;FREHEL;France
49440;FREIGNE;France
05310;FREISSINIERES;France
57320;FREISTROFF;France
15310;FREIX ANGLARDS;France
81990;FREJAIROLLES;France
81570;FREJEVILLE;France
83600;FREJUS;France
68240;FRELAND;France
59236;FRELINGHIEN;France
95450;FREMAINVILLE;France
95830;FREMECOURT;France
54450;FREMENIL;France
55200;FREMEREVILLE SOUS LES COTES;France
57590;FREMERY;France
57660;FREMESTROFF;France
62450;FREMICOURT;France
88600;FREMIFONTAINE;France
80160;FREMONTIERS;France
54450;FREMONVILLE;France
62630;FRENCQ;France
88500;FRENELLE LA GRANDE;France
88500;FRENELLE LA PETITE;France
61800;FRENES;France
76410;FRENEUSE;France
78840;FRENEUSE;France
27290;FRENEUSE SUR RISLE;France
73500;FRENEY;France
60640;FRENICHES;France
21120;FRENOIS;France
88270;FRENOIS;France
14630;FRENOUVILLE;France
95740;FREPILLON;France
76270;FRESLES;France
10200;FRESNAY;France
44580;FRESNAY EN RETZ;France
28310;FRESNAY L EVEQUE;France
28360;FRESNAY LE COMTE;France
28300;FRESNAY LE GILMERT;France
76850;FRESNAY LE LONG;France
61120;FRESNAY LE SAMSON;France
72130;FRESNAY SUR SARTHE;France
27260;FRESNE CAUVERVILLE;France
27700;FRESNE L ARCHEVEQUE;France
14700;FRESNE LA MERE;France
76520;FRESNE LE PLAN;France
60240;FRESNE LEGUILLON;France
70130;FRESNE ST MAMES;France
60240;FRESNEAUX MONTCHEVREUIL;France
02380;FRESNES;France
21500;FRESNES;France
41700;FRESNES;France
89310;FRESNES;France
94260;FRESNES;France
55260;FRESNES AU MONT;France
57170;FRESNES EN SAULNOIS;France
02130;FRESNES EN TARDENOIS;France
55160;FRESNES EN WOEVRE;France
62490;FRESNES LES MONTAUBAN;France
51110;FRESNES LES REIMS;France
80320;FRESNES MAZANCOURT;France
52400;FRESNES SUR APANCE;France
59970;FRESNES SUR ESCAUT;France
77410;FRESNES SUR MARNE;France
80140;FRESNES TILLOLOY;France
80140;FRESNEVILLE;France
27220;FRESNEY;France
14680;FRESNEY LE PUCEUX;France
14220;FRESNEY LE VIEUX;France
62150;FRESNICOURT LE DOLMEN;France
60310;FRESNIERES;France
54260;FRESNOIS LA MONTAGNE;France
62770;FRESNOY;France
80140;FRESNOY ANDAINVILLE;France
80710;FRESNOY AU VAL;France
52400;FRESNOY EN BASSIGNY;France
80110;FRESNOY EN CHAUSSEE;France
62580;FRESNOY EN GOHELLE;France
60530;FRESNOY EN THELLE;France
76660;FRESNOY FOLNY;France
60127;FRESNOY LA RIVIERE;France
10270;FRESNOY LE CHATEAU;France
02230;FRESNOY LE GRAND;France
60800;FRESNOY LE LUAT;France
80700;FRESNOY LES ROYE;France
47140;FRESPECH;France
76570;FRESQUIENNES;France
30170;FRESSAC;France
59234;FRESSAIN;France
02800;FRESSANCOURT;France
70270;FRESSE;France
88160;FRESSE SUR MOSELLE;France
23450;FRESSELINES;France
80390;FRESSENNEVILLE;France
59268;FRESSIES;France
62140;FRESSIN;France
79370;FRESSINES;France
50310;FRESVILLE;France
91140;FRETAY;France
73250;FRETERIVE;France
41160;FRETEVAL;France
62185;FRETHUN;France
70130;FRETIGNEY ET VELLOREILLE;France
28480;FRETIGNY;France
59273;FRETIN;France
77320;FRETOY;France
60640;FRETOY LE CHATEAU;France
80140;FRETTECUISSE;France
80220;FRETTEMEULE;France
80290;FRETTEMOLLE;France
71270;FRETTERANS;France
70600;FRETTES;France
76510;FREULLEVILLE;France
62270;FREVENT;France
76190;FREVILLE;France
88350;FREVILLE;France
45270;FREVILLE DU GATINAIS;France
62127;FREVILLERS;France
62690;FREVIN CAPELLE;France
57660;FREYBOUSE;France
43150;FREYCENET LA CUCHE;France
43150;FREYCENET LA TOUR;France
09300;FREYCHENET;France
57800;FREYMING MERLEBACH;France
07000;FREYSSENET;France
28240;FRIAIZE;France
14290;FRIARDEL;France
80940;FRIAUCOURT;France
54800;FRIAUVILLE;France
57810;FRIBOURG;France
80290;FRICAMPS;France
76690;FRICHEMESNIL;France
80300;FRICOURT;France
15110;FRIDEFONT;France
67490;FRIEDOLSHEIM;France
02700;FRIERES FAILLOUEL;France
68580;FRIESEN;France
67860;FRIESENHEIM;France
51300;FRIGNICOURT;France
80340;FRISE;France
80130;FRIVILLE ESCARBOTIN;France
88440;FRIZON;France
76400;FROBERVILLE;France
60000;FROCOURT;France
68720;FROENINGEN;France
67360;FROESCHWILLER;France
38190;FROGES;France
80370;FROHEN LE GRAND;France
80370;FROHEN LE PETIT;France
67290;FROHMUHL;France
57250;FROIDCUL;France
70300;FROIDECONCHE;France
39250;FROIDEFONTAINE;France
90140;FROIDEFONTAINE;France
02260;FROIDESTREES;France
70200;FROIDETERRE;France
90400;FROIDEVAL;France
25190;FROIDEVAUX;France
39230;FROIDEVILLE;France
85300;FROIDFOND;France
02270;FROIDMONT COHARTILLE;France
55120;FROIDOS;France
60480;FROISSY;France
21150;FROLOIS;France
54160;FROLOIS;France
08600;FROMELENNES;France
59249;FROMELLES;France
87250;FROMENTAL;France
51210;FROMENTIERES;France
53200;FROMENTIERES;France
85550;FROMENTINE;France
55100;FROMEREVILLE LES VALLONS;France
55400;FROMEZEY;France
77760;FROMONT;France
08370;FROMY;France
52320;FRONCLES;France
31440;FRONSAC;France
33126;FRONSAC;France
33760;FRONTENAC;France
46160;FRONTENAC;France
71270;FRONTENARD;France
69620;FRONTENAS;France
71580;FRONTENAUD;France
39210;FRONTENAY;France
79270;FRONTENAY ROHAN ROHAN;France
86330;FRONTENAY SUR DIVE;France
73460;FRONTENEX;France
34110;FRONTIGNAN;France
31510;FRONTIGNAN DE COMMINGES;France
31230;FRONTIGNAN SAVES;France
31620;FRONTON;France
38290;FRONTONAS;France
52300;FRONVILLE;France
44320;FROSSAY;France
70200;FROTEY LES LURE;France
70000;FROTEY LES VESOUL;France
54390;FROUARD;France
95690;FROUVILLE;France
31270;FROUZINS;France
54290;FROVILLE;France
80150;FROYELLES;France
86190;FROZES;France
80490;FRUCOURT;France
43250;FRUGERES LES MINES;France
62310;FRUGES;France
43230;FRUGIERES LE PIN;France
28190;FRUNCE;France
76780;FRY;France
25390;FUANS;France
77470;FUBLAINES;France
66820;FUILLA;France
71960;FUISSE;France
10200;FULIGNY;France
68210;FULLEREN;France
76560;FULTOT;France
89160;FULVY;France
08170;FUMAY;France
47500;FUMEL;France
14590;FUMICHON;France
67700;FURCHHAUSEN;France
67117;FURDENHEIM;France
38210;FURES;France
20600;FURIANI;France
05400;FURMEYER;France
21700;FUSSEY;France
18110;FUSSY;France
32400;FUSTEROUAU;France
31430;FUSTIGNAC;France
55120;FUTEAU;France
13710;FUVEAU;France
72610;FYE;France
89800;FYE;France
