64190;TABAILLE USQUAIN;France
33550;TABANAC;France
09600;TABRE;France
32260;TACHOIRES;France
78910;TACOIGNIERES;France
58420;TACONNAY;France
22100;TADEN;France
64330;TADOUSSE USSAU;France
20230;TAGLIO ISOLACCIO;France
08300;TAGNON;France
68720;TAGOLSHEIM;France
68130;TAGSDORF;France
43300;TAILHAC;France
84300;TAILLADES;France
55140;TAILLANCOURT;France
17350;TAILLANT;France
61100;TAILLEBOIS;France
17350;TAILLEBOURG;France
47200;TAILLEBOURG;France
33580;TAILLECAVAT;France
25400;TAILLECOURT;France
02600;TAILLEFONTAINE;France
50390;TAILLEPIED;France
66400;TAILLET;France
08230;TAILLETTE;France
14440;TAILLEVILLE;France
35500;TAILLIS;France
08240;TAILLY;France
21190;TAILLY;France
80270;TAILLY L ARBRE A MOUCHES;France
26600;TAIN L HERMITAGE;France
89560;TAINGY;France
88100;TAINTRUX;France
59550;TAISNIERES EN THIERACHE;France
59570;TAISNIERES SUR HON;France
80710;TAISNIL;France
51500;TAISSY;France
81130;TAIX;France
71250;TAIZE;France
79100;TAIZE;France
16700;TAIZE AIZIE;France
71250;TAIZE COMMUNAUTE;France
08360;TAIZY;France
65300;TAJAN;France
11220;TALAIRAN;France
33590;TALAIS;France
57525;TALANGE;France
21240;TALANT;France
20230;TALASANI;France
66360;TALAU;France
65500;TALAZAC;France
41370;TALCY;France
89420;TALCY;France
33400;TALENCE;France
07340;TALENCIEUX;France
35160;TALENSAC;France
01510;TALISSIEU;France
15170;TALIZAT;France
25680;TALLANS;France
05130;TALLARD;France
25870;TALLENAY;France
63450;TALLENDE;France
40260;TALLER;France
74290;TALLOIRES;France
20270;TALLONE;France
85390;TALLUD STE GEMME;France
80260;TALMAS;France
21270;TALMAY;France
17120;TALMONT;France
85440;TALMONT ST HILAIRE;France
60590;TALMONTIERS;France
04120;TALOIRE;France
58190;TALON;France
51270;TALUS ST PRIX;France
69440;TALUYERS;France
83500;TAMARIS SUR MER;France
50700;TAMERVILLE;France
58110;TAMNAY EN BAZOIS;France
24620;TAMNIES;France
04000;TANARON;France
15100;TANAVELLE;France
21310;TANAY;France
76430;TANCARVILLE;France
49310;TANCOIGNE;France
71740;TANCON;France
54480;TANCONVILLE;France
77440;TANCROU;France
39400;TANCUA;France
62550;TANGRY;France
74440;TANINGES;France
50170;TANIS;France
89430;TANLAY;France
08390;TANNAY;France
58190;TANNAY;France
83440;TANNERON;France
89350;TANNERRE EN PUISAYE;France
02220;TANNIERES;France
55000;TANNOIS;France
61150;TANQUES;France
54116;TANTONVILLE;France
81190;TANUS;France
61500;TANVILLE;France
17260;TANZAC;France
69220;TAPONAS;France
16110;TAPONNAT FLEURIGNAC;France
31570;TARABEL;France
83460;TARADEAU;France
69170;TARARE;France
13150;TARASCON;France
09400;TARASCON SUR ARIEGE;France
65320;TARASTEIX;France
65000;TARBES;France
25620;TARCENAY;France
28250;TARDAIS;France
23170;TARDES;France
64470;TARDETS SORHOLUS;France
62179;TARDINGHEN;France
42660;TARENTAISE;France
66320;TARERACH;France
66120;TARGASSONNE;France
86100;TARGE;France
03140;TARGET;France
33760;TARGON;France
19170;TARNAC;France
33240;TARNES;France
40220;TARNOS;France
64330;TARON SADIRAC VIELLENAVE;France
57260;TARQUIMPOL;France
20234;TARRANO;France
32400;TARSAC;France
64360;TARSACQ;France
21120;TARSUL;France
21110;TART L ABBAYE;France
21110;TART LE BAS;France
21110;TART LE HAUT;France
42800;TARTARAS;France
40400;TARTAS;France
70500;TARTECOURT;France
02290;TARTIERS;France
60120;TARTIGNY;France
04330;TARTONNE;France
08380;TARZY;France
32160;TASQUE;France
72430;TASSE;France
39120;TASSENIERES;France
72540;TASSILLE;France
69160;TASSIN LA DEMI LUNE;France
20134;TASSO;France
62500;TATINGHEM;France
20219;TATTONE;France
17170;TAUGON;France
04120;TAULANNE;France
29670;TAULE;France
26770;TAULIGNAN;France
66110;TAULIS;France
56800;TAUPONT;France
33710;TAURIAC;France
46130;TAURIAC;France
81630;TAURIAC;France
12360;TAURIAC DE CAMARES;France
12800;TAURIAC DE NAUCELLE;France
07110;TAURIERS;France
09160;TAURIGNAN CASTET;France
09190;TAURIGNAN VIEUX;France
66500;TAURINYA;France
11220;TAURIZE;France
12600;TAUSSAC;France
34600;TAUSSAC LA BILLIERE;France
33148;TAUSSAT;France
66720;TAUTAVEL;France
63690;TAUVES;France
51150;TAUXIERES MUTRY;France
37310;TAUXIGNY;France
20167;TAVACO;France
37220;TAVANT;France
39500;TAVAUX;France
02250;TAVAUX ET PONTSERICOURT;France
30126;TAVEL;France
20163;TAVERA;France
71400;TAVERNAY;France
83670;TAVERNES;France
95150;TAVERNY;France
45190;TAVERS;France
70400;TAVEY;France
03140;TAXAT SENAT;France
39350;TAXENNE;France
33570;TAYAC;France
32120;TAYBOSC;France
12440;TAYRAC;France
47270;TAYRAC;France
58170;TAZILLY;France
38470;TECHE;France
81600;TECOU;France
58190;TEIGNY;France
63460;TEILHEDE;France
09500;TEILHET;France
63560;TEILHET;France
35620;TEILLAY;France
45480;TEILLAY LE GAUDIN;France
45170;TEILLAY ST BENOIT;France
44440;TEILLE;France
72290;TEILLE;France
81120;TEILLET;France
03410;TEILLET ARGENTY;France
24390;TEILLOTS;France
15250;TEISSIERES DE CORNET;France
15130;TEISSIERES LES BOULIES;France
29560;TELGRUC SUR MER;France
54260;TELLANCOURT;France
21270;TELLECEY;France
61390;TELLIERES LE PLESSIS;France
72220;TELOCHE;France
24390;TEMPLE LAGUYON;France
59175;TEMPLEMARS;France
59242;TEMPLEUVE;France
80240;TEMPLEUX LA FOSSE;France
80240;TEMPLEUX LE GUERARD;France
01230;TENAY;France
43190;TENCE;France
38570;TENCIN;France
06430;TENDE;France
88460;TENDON;France
18350;TENDRON;France
36200;TENDU;France
62134;TENEUR;France
72240;TENNIE;France
57980;TENTELING;France
86800;TERCE;France
23350;TERCILLAT;France
40180;TERCIS LES BAINS;France
59114;TERDEGHEM;France
02700;TERGNIER;France
03420;TERJAT;France
08250;TERMES;France
11330;TERMES;France
48310;TERMES;France
32400;TERMES D ARMAGNAC;France
73500;TERMIGNON;France
28140;TERMINIERS;France
69620;TERNAND;France
17400;TERNANT;France
21220;TERNANT;France
58250;TERNANT;France
63340;TERNANT LES EAUX;France
62127;TERNAS;France
52210;TERNAT;France
41800;TERNAY;France
69360;TERNAY;France
86120;TERNAY;France
70270;TERNUAY MELAY ET ST HILAIRE;France
02880;TERNY SORNY;France
80600;TERRAMESNIL;France
71270;TERRANS;France
24120;TERRASSON LA VILLEDIEU;France
66300;TERRATS;France
32700;TERRAUBE;France
81120;TERRE CLAPIER;France
52400;TERRE NATALE;France
31420;TERREBASSE;France
21290;TERREFONDREE;France
72110;TERREHAULT;France
42100;TERRENOIRE;France
11580;TERROLES;France
08400;TERRON SUR AISNE;France
46120;TERROU;France
26390;TERSANNE;France
87360;TERSANNES;France
81150;TERSSAC;France
80200;TERTRY;France
79300;TERVES;France
57180;TERVILLE;France
78250;TESSANCOURT SUR AUBETTE;France
61410;TESSE FROULAY;France
61140;TESSE LA MADELEINE;France
14250;TESSEL;France
73210;TESSENS;France
17460;TESSON;France
79600;TESSONNIERE;France
50420;TESSY SUR VIRE;France
08110;TETAIGNE;France
59229;TETEGHEM;France
57220;TETERCHEN;France
40990;TETHIEU;France
57385;TETING SUR NIED;France
33710;TEUILLAC;France
81500;TEULAT;France
50630;TEURTHEVILLE BOCAGE;France
50690;TEURTHEVILLE HAGUE;France
24300;TEYJAT;France
34820;TEYRAN;France
26220;TEYSSIERES;France
46190;TEYSSIEU;France
81220;TEYSSODE;France
51230;THAAS;France
17120;THAIMS;France
17290;THAIRE;France
58250;THAIX;France
67320;THAL DRULINGEN;France
67440;THAL MARMOUTIER;France
19200;THALAMY;France
68800;THANN;France
68590;THANNENKIRCH;France
67220;THANVILLE;France
14610;THAON;France
88150;THAON LES VOSGES;France
30430;THARAUX;France
89450;THAROISEAU;France
44730;THARON PLAGE;France
89200;THAROT;France
18210;THAUMIERS;France
23250;THAURON;France
18300;THAUVENAY;France
65370;THEBE;France
57450;THEDING;France
46150;THEDIRAC;France
46500;THEGRA;France
56130;THEHILLAC;France
16240;THEIL RABIER;France
89760;THEIL SUR VANNE;France
41300;THEILLAY;France
27520;THEILLEMENT;France
56450;THEIX;France
63122;THEIX;France
69620;THEIZE;France
69470;THEL;France
72320;THELIGNY;France
42220;THELIS LA COMBE;France
54330;THELOD;France
08350;THELONNE;France
62580;THELUS;France
95450;THEMERICOURT;France
46120;THEMINES;France
46120;THEMINETTES;France
17460;THENAC;France
24240;THENAC;France
02140;THENAILLES;France
36800;THENAY;France
41400;THENAY;France
02390;THENELLES;France
73200;THENESOL;France
37220;THENEUIL;France
03350;THENEUILLE;France
79390;THENEZAY;France
18100;THENIOUX;France
21150;THENISSEY;France
77520;THENISY;France
10410;THENNELIERES;France
80110;THENNES;France
24210;THENON;France
08240;THENORGUES;France
06590;THEOULE SUR MER;France
60510;THERDONNE;France
60380;THERINES;France
65230;THERMES MAGNOAC;France
12600;THERONDELS;France
62129;THEROUANNE;France
76540;THEROULDEVILLE;France
39290;THERVAY;France
41140;THESEE;France
39110;THESY;France
70120;THEULEY;France
05190;THEUS;France
28360;THEUVILLE;France
95810;THEUVILLE;France
76540;THEUVILLE AUX MAILLOTS;France
28170;THEUVY ACHERES;France
36400;THEVET ST JULIEN;France
50330;THEVILLE;France
27330;THEVRAY;France
88800;THEY SOUS MONTFORT;France
54930;THEY SOUS VAUDEMONT;France
38570;THEYS;France
66200;THEZA;France
17600;THEZAC;France
47370;THEZAC;France
11200;THEZAN DES CORBIERES;France
34490;THEZAN LES BEZIERS;France
04200;THEZE;France
64450;THEZE;France
54610;THEZEY ST MARTIN;France
30390;THEZIERS;France
01110;THEZILLIEU;France
80110;THEZY GLIMONT;France
94320;THIAIS;France
90100;THIANCOURT;France
58260;THIANGES;France
59224;THIANT;France
87320;THIAT;France
54470;THIAUCOURT REGNIEVILLE;France
54120;THIAVILLE SUR MEURTHE;France
27230;THIBERVILLE;France
51510;THIBIE;France
60240;THIBIVILLERS;France
27800;THIBOUVILLE;France
57380;THICOURT;France
54300;THIEBAUMENIL;France
51300;THIEBLEMONT FAREMONT;France
25470;THIEBOUHANS;France
10140;THIEFFRAIN;France
70230;THIEFFRANS;France
88290;THIEFOSSE;France
03230;THIEL SUR ACOLIN;France
62560;THIEMBRONNE;France
70230;THIENANS;France
59189;THIENNES;France
80300;THIEPVAL;France
76540;THIERGEVILLE;France
02250;THIERNU;France
63300;THIERS;France
60520;THIERS SUR THEVE;France
27290;THIERVILLE;France
55840;THIERVILLE SUR MEUSE;France
06710;THIERY;France
60310;THIESCOURT;France
76540;THIETREVILLE;France
80126;THIEULLOY L ABBAYE;France
80290;THIEULLOY LA VILLE;France
60210;THIEULOY ST ANTOINE;France
60480;THIEUX;France
77230;THIEUX;France
14170;THIEVILLE;France
62760;THIEVRES;France
15450;THIEZAC;France
45300;THIGNONVILLE;France
01120;THIL;France
10200;THIL;France
31530;THIL;France
51220;THIL;France
54880;THIL;France
76730;THIL MANNEVILLE;France
71190;THIL SUR ARROUX;France
08800;THILAY;France
52220;THILLEUX;France
51370;THILLOIS;France
55260;THILLOMBOIS;France
55210;THILLOT;France
37260;THILOUZE;France
28170;THIMERT GATELLES;France
57580;THIMONVILLE;France
45260;THIMORY;France
08460;THIN LE MOUTIER;France
07140;THINES;France
63600;THIOLIERES;France
03220;THIONNE;France
57100;THIONVILLE;France
78550;THIONVILLE SUR OPTON;France
76450;THIOUVILLE;France
88500;THIRAUCOURT;France
85210;THIRE;France
28480;THIRON GARDAIS;France
08090;THIS;France
25220;THISE;France
28630;THIVARS;France
59163;THIVENCELLE;France
60160;THIVERNY;France
78850;THIVERVAL GRIGNON;France
52800;THIVET;France
24800;THIVIERS;France
28200;THIVILLE;France
36100;THIZAY;France
37500;THIZAY;France
69240;THIZY;France
89420;THIZY;France
04380;THOARD;France
38260;THODURE;France
72260;THOIGNE;France
30140;THOIRAS;France
72610;THOIRE SOUS CONTENSOR;France
72500;THOIRE SUR DINAN;France
21570;THOIRES;France
39240;THOIRETTE;France
39130;THOIRIA;France
01710;THOIRY;France
73230;THOIRY;France
78770;THOIRY;France
01140;THOISSEY;France
39160;THOISSIA;France
21210;THOISY LA BERCHERE;France
21320;THOISY LE DESERT;France
80160;THOIX;France
52240;THOL LES MILLIERES;France
86290;THOLLET;France
74500;THOLLON LES MEMISES;France
27240;THOMER LA SOGNE;France
77810;THOMERY;France
21360;THOMIREY;France
24290;THONAC;France
74230;THONES;France
52300;THONNANCE LES JOINVILLE;France
52230;THONNANCE LES MOULINS;France
55600;THONNE LA LONG;France
55600;THONNE LE THIL;France
55600;THONNE LES PRES;France
55600;THONNELLE;France
74200;THONON LES BAINS;France
57380;THONVILLE;France
45210;THORAILLES;France
25320;THORAISE;France
04170;THORAME BASSE;France
04170;THORAME HAUTE;France
43170;THORAS;France
41100;THORE LA ROCHETTE;France
72800;THOREE LES PINS;France
06750;THORENC;France
74570;THORENS GLIERES;France
89430;THOREY;France
21110;THOREY EN PLAINE;France
54115;THOREY LYAUTEY;France
21350;THOREY SOUS CHARNY;France
21360;THOREY SUR OUCHE;France
79370;THORIGNE;France
49220;THORIGNE D ANJOU;France
53270;THORIGNE EN CHARNIE;France
35235;THORIGNE FOUILLARD;France
72160;THORIGNE SUR DUE;France
79360;THORIGNY;France
85480;THORIGNY;France
77400;THORIGNY SUR MARNE;France
89260;THORIGNY SUR OREUSE;France
07340;THORRENC;France
10200;THORS;France
17160;THORS;France
80250;THORY;France
89200;THORY;France
21460;THOSTE;France
18260;THOU;France
45420;THOU;France
49380;THOUARCE;France
44470;THOUARE SUR LOIRE;France
79100;THOUARS;France
09350;THOUARS SUR ARIZE;France
47230;THOUARS SUR GARONNE;France
85410;THOUARSAIS BOUILDROUX;France
35134;THOURIE;France
87140;THOURON;France
60150;THOUROTTE;France
41220;THOURY;France
77156;THOURY FEROTTES;France
32430;THOUX;France
53110;THUBOEUF;France
38630;THUELLIN;France
66360;THUES ENTRE VALLS;France
07330;THUEYTS;France
08300;THUGNY TRUGNY;France
54170;THUILLEY AUX GROSEILLES;France
88260;THUILLIERES;France
66300;THUIR;France
10190;THUISY;France
27520;THUIT HEBERT;France
25310;THULAY;France
54800;THUMEREVILLE;France
59239;THUMERIES;France
59141;THUN L EVEQUE;France
59158;THUN ST AMAND;France
59141;THUN ST MARTIN;France
88240;THUNIMONT;France
86110;THURAGEAU;France
86540;THURE;France
63260;THURET;France
71440;THUREY;France
25870;THUREY LE MONT;France
69510;THURINS;France
21340;THURY;France
89520;THURY;France
60890;THURY EN VALOIS;France
14220;THURY HARCOURT;France
60250;THURY SOUS CLERMONT;France
74150;THUSY;France
65350;THUY;France
74300;THYEZ;France
73140;THYL;France
65660;TIBIRAN JAUNAC;France
61120;TICHEVILLE;France
21250;TICHEY;France
67290;TIEFFENBACH;France
49125;TIERCE;France
54190;TIERCELET;France
14480;TIERCEVILLE;France
32160;TIESTE URAGNOUX;France
85130;TIFFAUGES;France
77163;TIGEAUX;France
91250;TIGERY;France
09110;TIGNAC;France
49540;TIGNE;France
88320;TIGNECOURT;France
73320;TIGNES;France
38230;TIGNIEU JAMEYZIEU;France
62180;TIGNY NOYELLE;France
45510;TIGY;France
21120;TIL CHATEL;France
40360;TILH;France
65130;TILHOUSE;France
32170;TILLAC;France
28140;TILLAY LE PENEUX;France
60000;TILLE;France
21130;TILLENAY;France
27170;TILLEUL DAME AGNES;France
88300;TILLEUX;France
49230;TILLIERES;France
27570;TILLIERES SUR AVRE;France
80700;TILLOLOY;France
79110;TILLOU;France
51460;TILLOY ET BELLAY;France
80220;TILLOY FLORIVILLE;France
80160;TILLOY LES CONTY;France
62690;TILLOY LES HERMAVILLE;France
62217;TILLOY LES MOFFLAINES;France
59554;TILLOY LEZ CAMBRAI;France
59870;TILLOY LEZ MARCHIENNES;France
27510;TILLY;France
36310;TILLY;France
78790;TILLY;France
62134;TILLY CAPELLE;France
14540;TILLY LA CAMPAGNE;France
55220;TILLY SUR MEUSE;France
14250;TILLY SUR SEULLES;France
62500;TILQUES;France
70120;TINCEY ET PONTREBEAU;France
61800;TINCHEBRAY;France
80240;TINCOURT BOUCLY;France
62127;TINCQUES;France
57590;TINCRY;France
62830;TINGRY;France
51430;TINQUEUX;France
35190;TINTENIAC;France
71490;TINTRY;France
58110;TINTURY;France
43130;TIRANGES;France
32450;TIRENT PONTEJAC;France
50870;TIREPIED;France
89700;TISSEY;France
45170;TIVERNON;France
15100;TIVIERS;France
20100;TIVOLAGGIO;France
33420;TIZAC DE CURTON;France
33620;TIZAC DE LAPOUYADE;France
24350;TOCANE ST APRE;France
27500;TOCQUEVILLE;France
50330;TOCQUEVILLE;France
76730;TOCQUEVILLE EN CAUX;France
76110;TOCQUEVILLE LES MURS;France
76910;TOCQUEVILLE SUR EU;France
80870;TOEUFLES;France
08400;TOGES;France
51240;TOGNY AUX BOEUFS;France
20117;TOLLA;France
88320;TOLLAINCOURT;France
62390;TOLLENT;France
50470;TOLLEVAST;France
47380;TOMBEBOEUF;France
54510;TOMBLAINE;France
20248;TOMINO;France
81170;TONNAC;France
17380;TONNAY BOUTONNE;France
17430;TONNAY CHARENTE;France
47400;TONNEINS;France
89700;TONNERRE;France
50460;TONNEVILLE;France
54210;TONNOY;France
22140;TONQUEDEC;France
35370;TORCE;France
72110;TORCE EN VALLEE;France
53270;TORCE VIVIERS EN CHARNIE;France
52600;TORCENAY;France
61330;TORCHAMP;France
38690;TORCHEFELON;France
57670;TORCHEVILLE;France
01230;TORCIEU;France
62310;TORCY;France
71210;TORCY;France
77200;TORCY;France
02810;TORCY EN VALOIS;France
21460;TORCY ET POULIGNY;France
10700;TORCY LE GRAND;France
76590;TORCY LE GRAND;France
10700;TORCY LE PETIT;France
76590;TORCY LE PETIT;France
66300;TORDERES;France
14290;TORDOUET;France
49660;TORFOU;France
91730;TORFOU;France
50160;TORIGNI SUR VIRE;France
30140;TORNAC;France
52500;TORNAY;France
25320;TORPES;France
71270;TORPES;France
66440;TORREILLES;France
16410;TORSAC;France
43450;TORSIAC;France
63470;TORTEBESSE;France
62140;TORTEFONTAINE;France
62490;TORTEQUESNE;France
18320;TORTERON;France
14240;TORTEVAL QUESNAY;France
03430;TORTEZAIS;France
14140;TORTISAMBERT;France
10440;TORVILLIERS;France
17380;TORXE;France
27700;TOSNY;France
40230;TOSSE;France
01250;TOSSIAT;France
65140;TOSTAT;France
27340;TOSTES;France
88500;TOTAINVILLE;France
76890;TOTES;France
18160;TOUCHAY;France
89130;TOUCY;France
06830;TOUDON;France
06440;TOUET DE L ESCARENE;France
06710;TOUET SUR VAR;France
82190;TOUFFAILLES;France
59390;TOUFFLERS;France
14940;TOUFFREVILLE;France
27440;TOUFFREVILLE;France
76170;TOUFFREVILLE LA CABLE;France
76190;TOUFFREVILLE LA CORBELINE;France
76910;TOUFFREVILLE SUR EU;France
32430;TOUGET;France
31260;TOUILLE;France
21500;TOUILLON;France
25370;TOUILLON ET LOUTELET;France
32240;TOUJOUSE;France
54200;TOUL;France
07130;TOULAUD;France
33210;TOULENNE;France
08430;TOULIGNY;France
02250;TOULIS ET ATTENCOURT;France
83000;TOULON;France
83100;TOULON;France
51130;TOULON LA MONTAGNE;France
03400;TOULON SUR ALLIER;France
71320;TOULON SUR ARROUX;France
12200;TOULONJAC;France
66350;TOULOUGES;France
31000;TOULOUSE;France
31100;TOULOUSE;France
31200;TOULOUSE;France
31300;TOULOUSE;France
31400;TOULOUSE;France
31500;TOULOUSE;France
31998;TOULOUSE ARMEES;France
39230;TOULOUSE LE CHATEAU;France
40250;TOULOUZETTE;France
23600;TOULX STE CROIX;France
14800;TOUQUES;France
61550;TOUQUETTES;France
77131;TOUQUIN;France
46330;TOUR DE FAURE;France
14400;TOUR EN BESSIN;France
41250;TOUR EN SOLOGNE;France
41190;TOURAILLES;France
55130;TOURAILLES SOUS BOIS;France
34120;TOURBES;France
08400;TOURCELLES CHAUMONT;France
29140;TOURCH;France
59200;TOURCOING;France
32230;TOURDUN;France
06830;TOURETTE DU CHATEAU;France
14800;TOURGEVILLE;France
50110;TOURLAVILLE;France
47210;TOURLIAC;France
60240;TOURLY;France
59551;TOURMIGNIES;France
39800;TOURMONT;France
61160;TOURNAI SUR DIVE;France
32420;TOURNAN;France
77220;TOURNAN EN BRIE;France
25680;TOURNANS;France
08800;TOURNAVAUX;France
65190;TOURNAY;France
14310;TOURNAY SUR ODON;France
14220;TOURNEBU;France
32380;TOURNECOUPE;France
27180;TOURNEDOS BOIS HUBERT;France
27100;TOURNEDOS SUR SEINE;France
25340;TOURNEDOZ;France
31170;TOURNEFEUILLE;France
06710;TOURNEFORT;France
62890;TOURNEHEM SUR LA HEM;France
12250;TOURNEMIRE;France
15310;TOURNEMIRE;France
08090;TOURNES;France
27930;TOURNEVILLE;France
15700;TOURNIAC;France
14330;TOURNIERES;France
11220;TOURNISSAN;France
45310;TOURNOISIS;France
73460;TOURNON;France
47370;TOURNON D AGENAIS;France
36220;TOURNON ST MARTIN;France
37290;TOURNON ST PIERRE;France
07300;TOURNON SUR RHONE;France
65220;TOURNOUS DARRE;France
65330;TOURNOUS DEVANT;France
71700;TOURNUS;France
27510;TOURNY;France
61190;TOUROUVRE;France
11200;TOUROUZELLE;France
11300;TOURREILLES;France
32390;TOURRENQUETS;France
06690;TOURRETTE LEVENS;France
83440;TOURRETTES;France
06140;TOURRETTES SUR LOUP;France
16560;TOURRIERS;France
37000;TOURS;France
37100;TOURS;France
37200;TOURS;France
73790;TOURS EN SAVOIE;France
80210;TOURS EN VIMEU;France
51150;TOURS SUR MARNE;France
63590;TOURS SUR MEYMONT;France
79100;TOURTENAY;France
08130;TOURTERON;France
24390;TOURTOIRAC;France
83690;TOURTOUR;France
09230;TOURTOUSE;France
47380;TOURTRES;France
09500;TOURTROL;France
83170;TOURVES;France
14130;TOURVILLE EN AUGE;France
27370;TOURVILLE LA CAMPAGNE;France
76630;TOURVILLE LA CHAPELLE;France
76410;TOURVILLE LA RIVIERE;France
76400;TOURVILLE LES IFS;France
76550;TOURVILLE SUR ARQUES;France
14210;TOURVILLE SUR ODON;France
27500;TOURVILLE SUR PONT AUDEMER;France
50200;TOURVILLE SUR SIENNE;France
28390;TOURY;France
58300;TOURY LURCY;France
58240;TOURY SUR JOUR;France
63320;TOURZEL RONZIERES;France
76400;TOUSSAINT;France
69780;TOUSSIEU;France
01600;TOUSSIEUX;France
77123;TOUSSON;France
78117;TOUSSUS LE NOBLE;France
27500;TOUTAINVILLE;France
71350;TOUTENANT;France
80560;TOUTENCOURT;France
31460;TOUTENS;France
49360;TOUTLEMONDE;France
21460;TOUTRY;France
16360;TOUVERAC;France
27290;TOUVILLE SUR MONTFORT;France
44650;TOUVOIS;France
16600;TOUVRE;France
16120;TOUZAC;France
46700;TOUZAC;France
20270;TOX;France
19170;TOY VIAM;France
14310;TRACY BOCAGE;France
60170;TRACY LE MONT;France
60170;TRACY LE VAL;France
58150;TRACY SUR LOIRE;France
14117;TRACY SUR MER;France
69860;TRADES;France
67310;TRAENHEIM;France
57580;TRAGNY;France
10400;TRAINEL;France
45470;TRAINOU;France
70190;TRAITIEFONTAINE;France
73170;TRAIZE;France
63380;TRALAIGUES;France
20250;TRALONCA;France
22640;TRAMAIN;France
71520;TRAMAYES;France
71520;TRAMBLY;France
62310;TRAMECOURT;France
51170;TRAMERY;France
65170;TRAMEZAIGUES;France
38300;TRAMOLE;France
54115;TRAMONT EMY;France
54115;TRAMONT LASSUS;France
54115;TRAMONT ST ANDRE;France
01390;TRAMOYES;France
88350;TRAMPOT;France
10290;TRANCAULT;France
28310;TRANCRAINVILLE;France
72650;TRANGE;France
10140;TRANNES;France
88300;TRANQUEVILLE GRAUX;France
35610;TRANS;France
53160;TRANS;France
83720;TRANS EN PROVENCE;France
44440;TRANS SUR ERDRE;France
36230;TRANZAULT;France
78190;TRAPPES;France
11160;TRASSANEL;France
68210;TRAUBACH LE BAS;France
68210;TRAUBACH LE HAUT;France
11160;TRAUSSE;France
84850;TRAVAILLAN;France
02800;TRAVECY;France
32450;TRAVERSERES;France
70360;TRAVES;France
20240;TRAVO;France
79240;TRAYES;France
56140;TREAL;France
50340;TREAUVILLE;France
29217;TREBABU;France
03240;TREBAN;France
81190;TREBAN;France
81340;TREBAS;France
22980;TREBEDAN;France
11800;TREBES;France
22560;TREBEURDEN;France
65200;TREBONS;France
31110;TREBONS DE LUCHON;France
31290;TREBONS SUR LA GRASSE;France
29100;TREBOUL;France
22340;TREBRIVAN;France
22510;TREBRY;France
21130;TRECLUN;France
51130;TRECON;France
22510;TREDANIEL;France
22220;TREDARZEC;France
22250;TREDIAS;France
56250;TREDION;France
22300;TREDREZ;France
22310;TREDUDER;France
02490;TREFCON;France
39300;TREFFAY;France
35380;TREFFENDEL;France
29730;TREFFIAGAT;France
44170;TREFFIEUX;France
56250;TREFFLEAN;France
38650;TREFFORT;France
01370;TREFFORT CUISIAT;France
22340;TREFFRIN;France
29440;TREFLAOUENAN;France
29800;TREFLEVENEZ;France
29430;TREFLEZ;France
51210;TREFOLS;France
22630;TREFUMEL;France
29260;TREGARANTEC;France
29560;TREGARVAN;France
22730;TREGASTEL;France
22540;TREGLAMUS;France
29870;TREGLONOU;France
22400;TREGOMAR;France
22590;TREGOMEUR;France
22650;TREGON;France
22200;TREGONNEAU;France
29970;TREGOUREZ;France
22420;TREGROM;France
29720;TREGUENNEC;France
22950;TREGUEUX;France
22290;TREGUIDEL;France
22220;TREGUIER;France
29910;TREGUNC;France
41800;TREHET;France
56430;TREHORENTEUC;France
19260;TREIGNAC;France
03380;TREIGNAT;France
89520;TREIGNY;France
11510;TREILLES;France
45490;TREILLES EN GATINAIS;France
44119;TREILLIERES;France
09140;TREIN D USTOU;France
52000;TREIX;France
85600;TREIZE SEPTIERS;France
85590;TREIZE VENTS;France
82110;TREJOULS;France
48340;TRELANS;France
49800;TRELAZE;France
22660;TRELEVERN;France
42130;TRELINS;France
24750;TRELISSAC;France
22100;TRELIVAN;France
50660;TRELLY;France
59132;TRELON;France
02850;TRELOU SUR MARNE;France
29800;TREMAOUEZAN;France
22110;TREMARGAT;France
76640;TREMAUVILLE;France
35460;TREMBLAY;France
93290;TREMBLAY EN FRANCE;France
28170;TREMBLAY LES VILLAGES;France
54385;TREMBLECOURT;France
08110;TREMBLOIS LES CARIGNAN;France
08150;TREMBLOIS LES ROCROI;France
35270;TREMEHEUC;France
22310;TREMEL;France
22590;TREMELOIR;France
49340;TREMENTINES;France
29120;TREMEOC;France
22490;TREMEREUC;France
57300;TREMERY;France
22250;TREMEUR;France
22290;TREMEVEN;France
29300;TREMEVEN;France
52110;TREMILLY;France
38710;TREMINIS;France
70400;TREMOINS;France
24510;TREMOLAT;France
47140;TREMONS;France
49310;TREMONT;France
61390;TREMONT;France
55000;TREMONT SUR SAULX;France
88240;TREMONZEY;France
22230;TREMOREL;France
15270;TREMOUILLE;France
63810;TREMOUILLE ST LOUP;France
12290;TREMOUILLES;France
09700;TREMOULET;France
22440;TREMUSON;France
39570;TRENAL;France
40630;TRENSACQ;France
47140;TRENTELS;France
22340;TREOGAN;France
29720;TREOGAT;France
28500;TREON;France
29290;TREOUERGAT;France
51380;TREPAIL;France
62780;TREPIED;France
25620;TREPOT;France
14690;TREPREL;France
38460;TREPT;France
55160;TRESAUVAUX;France
35320;TRESBOEUF;France
44420;TRESCALAN;France
62147;TRESCAULT;France
26410;TRESCHENU CREYERS;France
05700;TRESCLEOUX;France
70190;TRESILLEY;France
51140;TRESLON;France
58240;TRESNAY;France
46090;TRESPOUX RASSIELS;France
30330;TRESQUES;France
22100;TRESSAINT;France
34230;TRESSAN;France
25680;TRESSANDANS;France
57710;TRESSANGE;France
35720;TRESSE;France
66300;TRESSERRE;France
73100;TRESSERVE;France
33370;TRESSES;France
22290;TRESSIGNAUX;France
59152;TRESSIN;France
72440;TRESSON;France
03220;TRETEAU;France
13530;TRETS;France
80300;TREUX;France
77710;TREUZY LEVELAY;France
04270;TREVANS;France
22600;TREVE;France
90400;TREVENANS;France
22410;TREVENEUC;France
55130;TREVERAY;France
22290;TREVEREC;France
35190;TREVERIEN;France
30750;TREVES;France
69420;TREVES;France
49350;TREVES CUNAULT;France
70230;TREVEY;France
81190;TREVIEN;France
14710;TREVIERES;France
73100;TREVIGNIN;France
66130;TREVILLACH;France
11400;TREVILLE;France
25470;TREVILLERS;France
89420;TREVILLY;France
03460;TREVOL;France
22660;TREVOU TREGUIGNEC;France
01600;TREVOUX;France
22100;TREVRON;France
22140;TREZELAN;France
03220;TREZELLES;France
22450;TREZENY;France
11230;TREZIERS;France
29440;TREZILIDE;France
63520;TREZIOUX;France
16200;TRIAC LAUTRAIT;France
85580;TRIAIZE;France
55250;TRIAUCOURT EN ARGONNE;France
50620;TRIBEHOU;France
89430;TRICHEY;France
60420;TRICOT;France
60590;TRIE CHATEAU;France
60590;TRIE LA VILLE;France
65220;TRIE SUR BAISE;France
78510;TRIEL SUR SEINE;France
67220;TRIEMBACH AU VAL;France
54750;TRIEUX;France
83840;TRIGANCE;France
22490;TRIGAVOU;France
44570;TRIGNAC;France
51140;TRIGNY;France
45220;TRIGUERES;France
77450;TRILBARDOU;France
66220;TRILLA;France
77470;TRILPORT;France
67470;TRIMBACH;France
35190;TRIMER;France
45410;TRINAY;France
26750;TRIORS;France
41240;TRIPLEVILLE;France
76170;TRIQUERVILLE;France
27500;TRIQUEVILLE;France
59125;TRITH ST LEGER;France
57114;TRITTELING;France
57385;TRITTELING REDLACH;France
71520;TRIVY;France
15400;TRIZAC;France
17250;TRIZAY;France
28400;TRIZAY COUTRETOT ST SERGE;France
28800;TRIZAY LES BONNEVAL;France
14670;TROARN;France
19230;TROCHE;France
21310;TROCHERES;France
77440;TROCY EN MULTIEN;France
02460;TROESNES;France
22450;TROGUERY;France
37220;TROGUES;France
23230;TROIS FONDS;France
51340;TROIS FONTAINES L ABBAYE;France
14210;TROIS MONTS;France
16730;TROIS PALIS;France
51500;TROIS PUITS;France
58260;TROIS VEVRES;France
64470;TROIS VILLES;France
52600;TROISCHAMPS;France
57870;TROISFONTAINES;France
52130;TROISFONTAINES LA VILLE;France
50420;TROISGOTS;France
60112;TROISSEREUX;France
51700;TROISSY;France
62130;TROISVAUX;France
59980;TROISVILLES;France
70150;TROMAREY;France
57320;TROMBORN;France
32230;TRONCENS;France
52260;TRONCHOY;France
80640;TRONCHOY;France
89700;TRONCHOY;France
71440;TRONCHY;France
54570;TRONDES;France
03240;TRONGET;France
58400;TRONSANGES;France
54800;TRONVILLE;France
55310;TRONVILLE EN BARROIS;France
41800;TROO;France
60350;TROSLY BREUIL;France
02300;TROSLY LOIRE;France
10700;TROUAN LE GRAND;France
10700;TROUANS;France
65370;TROUBAT;France
21170;TROUHANS;France
21440;TROUHAUT;France
66300;TROUILLAS;France
65140;TROULEY LABARTHE;France
60120;TROUSSENCOURT;France
55190;TROUSSEY;France
60390;TROUSSURES;France
25680;TROUVANS;France
76210;TROUVILLE;France
27680;TROUVILLE LA HAULE;France
14360;TROUVILLE SUR MER;France
18570;TROUY;France
09500;TROYE D ARIEGE;France
10000;TROYES;France
55300;TROYON;France
67370;TRUCHTERSHEIM;France
02860;TRUCY;France
58460;TRUCY L ORGUEILLEUX;France
89460;TRUCY SUR YONNE;France
21250;TRUGNY;France
26460;TRUINAS;France
60800;TRUMILLY;France
61160;TRUN;France
14490;TRUNGY;France
14500;TRUTTEMER LE GRAND;France
14500;TRUTTEMER LE PETIT;France
37320;TRUYES;France
62630;TUBERSENT;France
11350;TUCHAN;France
54640;TUCQUEGNIEUX;France
19120;TUDEILS;France
32190;TUDELLE;France
72160;TUFFE;France
17130;TUGERAS ST MAURICE;France
02640;TUGNY ET PONT;France
26790;TULETTE;France
19000;TULLE;France
38210;TULLINS;France
80530;TULLY;France
02120;TUPIGNY;France
69420;TUPIN ET SEMONS;France
21540;TURCEY;France
68230;TURCKHEIM;France
19500;TURENNE;France
16350;TURGON;France
10210;TURGY;France
89570;TURNY;France
49730;TURQUANT;France
57560;TURQUESTEIN BLANCRUPT;France
50480;TURQUEVILLE;France
76280;TURRETOT;France
04250;TURRIERS;France
24620;TURSAC;France
16140;TUSSON;France
65150;TUZAGUET;France
16700;TUZIE;France
67350;UBERACH;France
88130;UBEXY;France
04240;UBRAYE;France
20133;UCCIANI;France
07200;UCEL;France
40090;UCHACQ ET PARENTIS;France
30620;UCHAUD;France
84100;UCHAUX;France
09800;UCHENTEIN;France
71700;UCHIZY;France
71190;UCHON;France
57270;UCKANGE;France
68210;UEBERKUMEN;France
68580;UEBERSTRASS;France
68510;UFFHEIM;France
68700;UFFHOLTZ;France
73400;UGINE;France
65300;UGLAS;France
65140;UGNOUAS;France
54870;UGNY;France
80400;UGNY L EQUIPEE;France
02300;UGNY LE GAY;France
55140;UGNY SUR MEUSE;France
64220;UHART CIZE;France
64120;UHART MIXE;France
67350;UHLWILLER;France
67350;UHRWILLER;France
79150;ULCOT;France
60730;ULLY ST GEORGES;France
28700;UMPEAU;France
09250;UNAC;France
21350;UNCEY LE FRANC;France
51170;UNCHAIR;France
68190;UNGERSHEIM;France
42210;UNIAS;France
10140;UNIENVILLE;France
42240;UNIEUX;France
28160;UNVERRE;France
09100;UNZENT;France
05300;UPAIX;France
26120;UPIE;France
66760;UR;France
31260;URAU;France
20128;URBALACONE;France
66500;URBANYA;France
67220;URBEIS;France
68121;URBES;France
42310;URBISE;France
03360;URCAY;France
02000;URCEL;France
90800;URCEREY;France
36160;URCIERS;France
64990;URCUIT;France
21220;URCY;France
32500;URDENS;France
64370;URDES;France
64490;URDOS;France
64430;UREPEL;France
40320;URGONS;France
32110;URGOSSE;France
38410;URIAGE;France
88220;URIMENIL;France
67280;URMATT;France
64160;UROST;France
61200;UROU ET CRENNES;France
64122;URRUGNE;France
09310;URS;France
68320;URSCHENHEIM;France
64240;URT;France
20218;URTACA;France
25470;URTIERE;France
54112;URUFFE;France
24480;URVAL;France
10200;URVILLE;France
14190;URVILLE;France
50700;URVILLE;France
88140;URVILLE;France
50460;URVILLE NACQUEVILLE;France
02690;URVILLERS;France
77760;URY;France
58130;URZY;France
95450;US;France
07510;USCLADES ET RIEUTORD;France
34230;USCLAS D HERAULT;France
34700;USCLAS DU BOSC;France
74910;USINENS;France
19270;USSAC;France
09400;USSAT;France
79210;USSEAU;France
86230;USSEAU;France
15300;USSEL;France
19200;USSEL;France
46240;USSEL;France
03140;USSEL D ALLIER;France
63490;USSON;France
86350;USSON DU POITOU;France
42550;USSON EN FOREZ;France
14420;USSY;France
77260;USSY SUR MARNE;France
64480;USTARITZ;France
09140;USTOU;France
06450;UTELLE;France
67150;UTTENHEIM;France
67110;UTTENHOFFEN;France
67330;UTTWILLER;France
04400;UVERNET FOURS;France
71130;UXEAU;France
88390;UXEGNEY;France
39130;UXELLES;France
59229;UXEM;France
65400;UZ;France
40170;UZA;France
64370;UZAN;France
18190;UZAY LE VENON;France
46310;UZECH;France
64230;UZEIN;France
22460;UZEL;France
25340;UZELLE;France
88220;UZEMAIN;France
07110;UZER;France
65200;UZER;France
19140;UZERCHE;France
30700;UZES;France
33730;UZESTE;France
64110;UZOS;France
72500;VAAS;France
81330;VABRE;France
12240;VABRE TIZAC;France
15100;VABRES;France
30460;VABRES;France
12400;VABRES L ABBAYE;France
20270;VACAJA;France
55100;VACHERAUVILLE;France
04110;VACHERES;France
26150;VACHERES EN QUINT;France
74360;VACHERESSE;France
28210;VACHERESSES LES BASSES;France
14210;VACOGNES NEUILLY;France
55190;VACON;France
80370;VACQUERIE;France
62270;VACQUERIE LE BOUCQ;France
62140;VACQUERIETTE ERQUIERES;France
54540;VACQUEVILLE;France
84190;VACQUEYRAS;France
34270;VACQUIERES;France
31340;VACQUIERS;France
39600;VADANS;France
70140;VADANS;France
55220;VADELAINCOURT;France
51400;VADENAY;France
02120;VADENCOURT;France
80560;VADENCOURT;France
55200;VADONVILLE;France
07150;VAGNAS;France
88120;VAGNEY;France
57660;VAHL EBERSING;France
57670;VAHL LES BENESTROFF;France
57380;VAHL LES FAULQUEMONT;France
53480;VAIGES;France
34320;VAILHAN;France
34570;VAILHAUQUES;France
12200;VAILHOURLES;France
46240;VAILLAC;France
52160;VAILLANT;France
10150;VAILLY;France
74470;VAILLY;France
02370;VAILLY SUR AISNE;France
18260;VAILLY SUR SAULDRE;France
50300;VAINS;France
85150;VAIRE;France
25220;VAIRE ARCIER;France
25220;VAIRE LE PETIT;France
80800;VAIRE SOUS CORBIE;France
77360;VAIRES SUR MARNE;France
84110;VAISON LA ROMAINE;France
82800;VAISSAC;France
70180;VAITE;France
25150;VAIVRE;France
70000;VAIVRE ET MONTOILLE;France
10220;VAL D AUZON;France
39160;VAL D EPY;France
73150;VAL D ISERE;France
35450;VAL D IZE;France
55000;VAL D ORNAIN;France
10290;VAL D ORVIN;France
57260;VAL DE BRIDE;France
04320;VAL DE CHALVAGNE;France
74150;VAL DE FIER;France
76380;VAL DE LA HAYE;France
89580;VAL DE MERCY;France
52140;VAL DE MEUSE;France
27100;VAL DE REUIL;France
25640;VAL DE ROULANS;France
76890;VAL DE SAANE;France
51360;VAL DE VESLE;France
51340;VAL DE VIERE;France
51130;VAL DES MARAIS;France
05100;VAL DES PRES;France
78650;VAL DES QUATRE PIGNONS;France
54480;VAL ET CHATILLON;France
26310;VAL MARAVEL;France
10200;VAL PERDU;France
94460;VAL POMPADOUR;France
21121;VAL SUZON;France
73440;VAL THORENS;France
13830;VALABRE;France
12330;VALADY;France
27300;VALAILLES;France
88170;VALAINCOURT;France
41120;VALAIRE;France
49670;VALANJOU;France
26230;VALAURIE;France
04250;VALAVOIRE;France
70140;VALAY;France
63610;VALBELEIX;France
04200;VALBELLE;France
06470;VALBERG;France
55300;VALBOIS;France
38740;VALBONNAIS;France
06560;VALBONNE;France
31510;VALCABRERE;France
50760;VALCANVILLE;France
66340;VALCEBOLLERE;France
63600;VALCIVIERES;France
52100;VALCOURT;France
25800;VALDAHON;France
60790;VALDAMPIERRE;France
06420;VALDEBLORE;France
52120;VALDELANCOURT;France
81350;VALDERIES;France
06750;VALDEROURE;France
68210;VALDIEU;France
68210;VALDIEU LUTRAN;France
86300;VALDIVIENNE;France
90300;VALDOIE;France
26310;VALDROME;France
81090;VALDURENQUE;France
42110;VALEILLE;France
82150;VALEILLES;France
01140;VALEINS;France
39300;VALEMPOULIERES;France
36600;VALENCAY;France
16460;VALENCE;France
26000;VALENCE;France
82400;VALENCE;France
81340;VALENCE D ALBIGEOIS;France
77830;VALENCE EN BRIE;France
32310;VALENCE SUR BAISE;France
59300;VALENCIENNES;France
38540;VALENCIN;France
38730;VALENCOGNE;France
72320;VALENNES;France
04210;VALENSOLE;France
25700;VALENTIGNEY;France
25480;VALENTIN;France
31800;VALENTINE;France
94460;VALENTON;France
34130;VALERGUES;France
04200;VALERNES;France
60130;VALESCOURT;France
15400;VALETTE;France
24310;VALEUIL;France
33340;VALEYRAC;France
73210;VALEZAN;France
67210;VALFF;France
39200;VALFIN LES ST CLAUDE;France
39240;VALFIN SUR VALOUSE;France
34270;VALFLAUNES;France
42320;VALFLEURY;France
61250;VALFRAMBERT;France
88270;VALFROICOURT;France
07110;VALGORGE;France
54370;VALHEY;France
62550;VALHUON;France
19200;VALIERGUES;France
03330;VALIGNAT;France
03360;VALIGNY;France
80210;VALINES;France
38740;VALJOUFFREY;France
15170;VALJOUZE;France
30300;VALLABREGUES;France
30700;VALLABRIX;France
89580;VALLAN;France
95810;VALLANGOUJARD;France
79270;VALLANS;France
10170;VALLANT ST GEORGES;France
06220;VALLAURIS;France
20234;VALLE D ALESANI;France
20229;VALLE D OREZZA;France
20221;VALLE DI CAMPOLORO;France
20167;VALLE DI MEZZANA;France
20235;VALLE DI ROSTINO;France
20273;VALLECALLE;France
31290;VALLEGUE;France
74520;VALLEIRY;France
18190;VALLENAY;France
10500;VALLENTIGNY;France
57340;VALLERANGE;France
30580;VALLERARGUES;France
30570;VALLERAUGUE;France
37190;VALLERES;France
52130;VALLERET;France
24190;VALLEREUIL;France
70000;VALLEROIS LE BOIS;France
70000;VALLEROIS LORIOZ;France
25870;VALLEROY;France
52500;VALLEROY;France
54910;VALLEROY;France
88270;VALLEROY AUX SAULES;France
88800;VALLEROY LE SEC;France
89150;VALLERY;France
57870;VALLERYSTHAL;France
31570;VALLESVILLES;France
17130;VALLET;France
44330;VALLET;France
27350;VALLETOT;France
20259;VALLICA;France
23120;VALLIERE;France
10210;VALLIERES;France
74150;VALLIERES;France
41400;VALLIERES LES GRANDES;France
30210;VALLIGUIERES;France
76190;VALLIQUERVILLE;France
73450;VALLOIRE;France
54830;VALLOIS;France
03190;VALLON EN SULLY;France
07150;VALLON PONT D ARC;France
72540;VALLON SUR GEE;France
74660;VALLORCINE;France
05290;VALLOUISE;France
66320;VALMANYA;France
34800;VALMASCLE;France
73450;VALMEINIER;France
57970;VALMESTROFF;France
11580;VALMIGERE;France
95760;VALMONDOIS;France
57730;VALMONT;France
76540;VALMONT;France
57220;VALMUNSTER;France
51800;VALMY;France
50700;VALOGNES;France
24290;VALOJOULX;France
25190;VALONNE;France
25190;VALOREILLE;France
26110;VALOUSE;France
46800;VALPRIONDE;France
43210;VALPRIVAS;France
91720;VALPUISEAUX;France
34350;VALRAS PLAGE;France
84600;VALREAS;France
34290;VALROS;France
20290;VALROSE;France
46090;VALROUFIE;France
09500;VALS;France
52160;VALS DES TILLES;France
43230;VALS LE CHASTEL;France
07600;VALS LES BAINS;France
43750;VALS PRES LE PUY;France
04150;VALSAINTES;France
14340;VALSEME;France
05130;VALSERRES;France
69170;VALSONNE;France
15300;VALUEJOLS;France
07400;VALVIGNERES;France
63580;VALZ SOUS CHATEAUNEUF;France
12220;VALZERGUES;France
51330;VANAULT LE CHATEL;France
51340;VANAULT LES DAMES;France
79120;VANCAIS;France
72310;VANCE;France
25580;VANCLANS;France
01660;VANDEINS;France
54890;VANDELAINVILLE;France
70190;VANDELANS;France
54115;VANDELEVILLE;France
60490;VANDELICOURT;France
58290;VANDENESSE;France
21320;VANDENESSE EN AUXOIS;France
51140;VANDEUIL;France
51700;VANDIERES;France
54121;VANDIERES;France
54500;VANDOEUVRE LES NANCY;France
25230;VANDONCOURT;France
17700;VANDRE;France
27380;VANDRIMARE;France
08400;VANDY;France
10210;VANLAY;France
21400;VANNAIRE;France
70130;VANNE;France
57340;VANNECOURT;France
27210;VANNECROCQ;France
56000;VANNES;France
54112;VANNES LE CHATEL;France
45510;VANNES SUR COSSON;France
39300;VANNOZ;France
07690;VANOSC;France
57070;VANTOUX;France
70700;VANTOUX ET LONGEVELLE;France
21380;VANTOUX LES DIJON;France
92170;VANVES;France
21400;VANVEY;France
77370;VANVILLE;France
24600;VANXAINS;France
57070;VANY;France
17500;VANZAC;France
79120;VANZAY;France
74270;VANZY;France
81140;VAOUR;France
38470;VARACIEUX;France
44370;VARADES;France
83670;VARAGES;France
24360;VARAIGNES;France
46260;VARAIRE;France
17400;VARAIZE;France
01160;VARAMBON;France
21110;VARANGES;France
54110;VARANGEVILLE;France
14390;VARAVILLE;France
38760;VARCES ALLIERES ET RISSET;France
23300;VAREILLES;France
71800;VAREILLES;France
89760;VAREILLES;France
82330;VAREN;France
76119;VARENGEVILLE SUR MER;France
50250;VARENGUEBEC;France
71110;VARENNE L ARCONCE;France
71600;VARENNE ST GERMAIN;France
71270;VARENNE SUR LE DOUBS;France
24150;VARENNES;France
31450;VARENNES;France
37600;VARENNES;France
80560;VARENNES;France
82370;VARENNES;France
86110;VARENNES;France
89144;VARENNES;France
45290;VARENNES CHANGY;France
55270;VARENNES EN ARGONNE;France
91480;VARENNES JARCY;France
71240;VARENNES LE GRAND;France
71000;VARENNES LES MACON;France
58400;VARENNES LES NARCY;France
71800;VARENNES SOUS DUN;France
43270;VARENNES ST HONORAT;France
71480;VARENNES ST SAUVEUR;France
03150;VARENNES SUR ALLIER;France
52400;VARENNES SUR AMANCE;France
36210;VARENNES SUR FOUZON;France
49730;VARENNES SUR LOIRE;France
63720;VARENNES SUR MORGE;France
77130;VARENNES SUR SEINE;France
03220;VARENNES SUR TECHE;France
63500;VARENNES SUR USSON;France
58640;VARENNES VAUZELLES;France
47400;VARES;France
60400;VARESNES;France
39270;VARESSIA;France
19240;VARETZ;France
09120;VARILHES;France
60890;VARINFROY;France
02190;VARISCOURT;France
28140;VARIZE;France
57220;VARIZE;France
88450;VARMONZEY;France
55300;VARNEVILLE;France
76890;VARNEVILLE BRETTEVILLE;France
55000;VARNEY;France
70240;VAROGNE;France
21490;VAROIS ET CHAIGNOT;France
50330;VAROUVILLE;France
49400;VARRAINS;France
77910;VARREDDES;France
05560;VARS;France
16330;VARS;France
70600;VARS;France
19130;VARS SUR ROSEIX;France
57880;VARSBERG;France
17460;VARZAY;France
58210;VARZY;France
27910;VASCOEUIL;France
79340;VASLES;France
14600;VASOUY;France
57560;VASPERVILLER;France
63910;VASSEL;France
18110;VASSELAY;France
38890;VASSELIN;France
02290;VASSENS;France
02220;VASSENY;France
26420;VASSIEUX EN VERCORS;France
51320;VASSIMONT ET CHAPELAINE;France
55800;VASSINCOURT;France
02160;VASSOGNE;France
76890;VASSONVILLE;France
14410;VASSY;France
89420;VASSY;France
50440;VASTEVILLE;France
36150;VATAN;France
54122;VATHIMENIL;France
76270;VATIERVILLE;France
38470;VATILIEU;France
57580;VATIMONT;France
51320;VATRY;France
76110;VATTETOT SOUS BEAUMONT;France
76111;VATTETOT SUR MER;France
27430;VATTEVILLE;France
76940;VATTEVILLE LA RUE;France
14490;VAUBADON;France
71800;VAUBAN;France
55250;VAUBECOURT;France
88500;VAUBEXY;France
53300;VAUCE;France
14400;VAUCELLES;France
02000;VAUCELLES ET BEFFECOURT;France
25360;VAUCHAMPS;France
51210;VAUCHAMPS;France
10190;VAUCHASSIS;France
60400;VAUCHELLES;France
80560;VAUCHELLES LES AUTHIE;France
80620;VAUCHELLES LES DOMART;France
80132;VAUCHELLES LES QUESNOY;France
21340;VAUCHIGNON;France
10140;VAUCHONVILLIERS;France
70170;VAUCHOUX;France
49320;VAUCHRETIEN;France
51480;VAUCIENNES;France
60117;VAUCIENNES;France
58140;VAUCLAIX;France
51300;VAUCLERC;France
25380;VAUCLUSE;France
25380;VAUCLUSOTTE;France
10240;VAUCOGNE;France
70120;VAUCONCOURT NERVEZAIN;France
55140;VAUCOULEURS;France
54370;VAUCOURT;France
77580;VAUCOURTOIS;France
92420;VAUCRESSON;France
60240;VAUDANCOURT;France
71120;VAUDEBARRIER;France
49260;VAUDELNAY;France
14170;VAUDELOGES;France
51380;VAUDEMANGES;France
54330;VAUDEMONT;France
10260;VAUDES;France
51600;VAUDESINCOURT;France
02320;VAUDESSON;France
89320;VAUDEURS;France
07410;VAUDEVANT;France
54740;VAUDEVILLE;France
88000;VAUDEVILLE;France
55130;VAUDEVILLE LE HAUT;France
95500;VAUDHERLAND;France
54740;VAUDIGNY;France
55230;VAUDONCOURT;France
57220;VAUDONCOURT;France
88140;VAUDONCOURT;France
77141;VAUDOY EN BRIE;France
57320;VAUDRECHING;France
52150;VAUDRECOURT;France
52330;VAUDREMONT;France
31250;VAUDREUILLE;France
50310;VAUDREVILLE;France
39380;VAUDREY;France
62131;VAUDRICOURT;France
80230;VAUDRICOURT;France
50490;VAUDRIMESNIL;France
62380;VAUDRINGHEM;France
25360;VAUDRIVILLERS;France
14500;VAUDRY;France
13009;VAUFREGE;France
25190;VAUFREY;France
84160;VAUGINES;France
69670;VAUGNERAY;France
91640;VAUGRIGNEUSE;France
91430;VAUHALLAN;France
38114;VAUJANY;France
93410;VAUJOURS;France
49150;VAULANDRY;France
38410;VAULNAVEYS LE BAS;France
38410;VAULNAVEYS LE HAUT;France
87140;VAULRY;France
89200;VAULT DE LUGNY;France
62390;VAULX;France
74150;VAULX;France
69120;VAULX EN VELIN;France
38090;VAULX MILIEU;France
62159;VAULX VRAUCOURT;France
03220;VAUMAS;France
04200;VAUMEILH;France
60117;VAUMOISE;France
89320;VAUMORT;France
24800;VAUNAC;France
26400;VAUNAVEYS LA ROCHETTE;France
61130;VAUNOISE;France
28240;VAUPILLON;France
10700;VAUPOISSON;France
55270;VAUQUOIS;France
95490;VAUREAL;France
12220;VAUREILLES;France
79420;VAUSSEROUX;France
79420;VAUTEBIS;France
90150;VAUTHIERMONT;France
53500;VAUTORTE;France
13126;VAUVENARGUES;France
30600;VAUVERT;France
14800;VAUVILLE;France
50440;VAUVILLE;France
70210;VAUVILLERS;France
80131;VAUVILLERS;France
03190;VAUX;France
31540;VAUX;France
57130;VAUX;France
86700;VAUX;France
89290;VAUX;France
02110;VAUX ANDIGNY;France
08130;VAUX CHAMPAGNE;France
55400;VAUX DEVANT DAMLOUP;France
80260;VAUX EN AMIENOIS;France
69460;VAUX EN BEAUJOLAIS;France
01150;VAUX EN BUGEY;France
08240;VAUX EN DIEULET;France
71460;VAUX EN PRE;France
02590;VAUX EN VERMANDOIS;France
25160;VAUX ET CHANTEGRUE;France
52400;VAUX LA DOUCE;France
55500;VAUX LA GRANDE;France
55500;VAUX LA PETITE;France
16320;VAUX LAVALETTE;France
70700;VAUX LE MONCELOT;France
77000;VAUX LE PENIL;France
08250;VAUX LES MOURON;France
08210;VAUX LES MOUZON;France
55300;VAUX LES PALAMEIX;France
25770;VAUX LES PRES;France
08220;VAUX LES RUBIGNY;France
39360;VAUX LES ST CLAUDE;France
80140;VAUX MARQUENNEVILLE;France
08270;VAUX MONTREUIL;France
16170;VAUX ROUILLAC;France
21440;VAUX SAULES;France
52190;VAUX SOUS AUBIGNY;France
14400;VAUX SUR AURE;France
52130;VAUX SUR BLAISE;France
27120;VAUX SUR EURE;France
77710;VAUX SUR LUNAIN;France
17640;VAUX SUR MER;France
39800;VAUX SUR POLIGNY;France
27250;VAUX SUR RISLE;France
78740;VAUX SUR SEINE;France
14400;VAUX SUR SEULLES;France
80800;VAUX SUR SOMME;France
52300;VAUX SUR ST URBAIN;France
86220;VAUX SUR VIENNE;France
08150;VAUX VILLAINE;France
54400;VAUX WARNIMONT;France
02320;VAUXAILLON;France
52200;VAUXBONS;France
02200;VAUXBUIN;France
02160;VAUXCERE;France
69820;VAUXRENARD;France
02200;VAUXREZIS;France
02220;VAUXTIN;France
55000;VAVINCOURT;France
51300;VAVRAY LE GRAND;France
51300;VAVRAY LE PETIT;France
54120;VAXAINVILLE;France
88330;VAXONCOURT;France
57170;VAXY;France
44170;VAY;France
09110;VAYCHIS;France
46230;VAYLATS;France
46110;VAYRAC;France
33870;VAYRES;France
87600;VAYRES;France
91820;VAYRES SUR ESSONNE;France
43320;VAZEILLES LIMANDRE;France
43580;VAZEILLES PRES SAUGUES;France
82220;VAZERAC;France
03450;VEAUCE;France
42340;VEAUCHE;France
42340;VEAUCHETTE;France
18300;VEAUGUES;France
26600;VEAUNES;France
76190;VEAUVILLE LES BAONS;France
76560;VEAUVILLE LES QUELLES;France
09310;VEBRE;France
15240;VEBRET;France
48400;VEBRON;France
57370;VECKERSVILLER;France
57920;VECKRING;France
88200;VECOUX;France
80800;VECQUEMONT;France
52300;VECQUEVILLE;France
84270;VEDENE;France
15100;VEDRINES ST LOUP;France
55000;VEEL;France
19120;VEGENNES;France
54450;VEHO;France
37250;VEIGNE;France
74140;VEIGY FONCENEX;France
81500;VEILHES;France
41230;VEILLEINS;France
21360;VEILLY;France
69650;VEISSIEUX;France
19260;VEIX;France
54840;VELAINE EN HAYE;France
54280;VELAINE SOUS AMANCE;France
55500;VELAINES;France
38620;VELANNE;France
21370;VELARS SUR OUCHE;France
13880;VELAUX;France
60510;VELENNES;France
80160;VELENNES;France
70100;VELESMES ECHEVANNE;France
25410;VELESMES ESSARTS;France
70100;VELET;France
34220;VELIEUX;France
24230;VELINES;France
78140;VELIZY VILLACOUBLAY;France
70000;VELLE LE CHATEL;France
54290;VELLE SUR MOSELLE;France
86230;VELLECHES;France
70110;VELLECHEVREUX ET COURBENANS;France
70700;VELLECLAIRE;France
70000;VELLEFAUX;France
70700;VELLEFREY ET VELLEFRANGE;France
70240;VELLEFRIE;France
70000;VELLEGUINDRY ET LEVRECEY;France
70240;VELLEMINFROY;France
70700;VELLEMOZ;France
84740;VELLERON;France
25430;VELLEROT LES BELVOIR;France
25530;VELLEROT LES VERCEL;France
36330;VELLES;France
52500;VELLES;France
90100;VELLESCOT;France
25430;VELLEVANS;France
70130;VELLEXON QUEUTREY ET VAUDEY;France
70700;VELLOREILLE LES CHOYE;France
85770;VELLUIRE;France
21350;VELOGNY;France
20230;VELONE ORNETO;France
70300;VELORCEY;France
55600;VELOSNES;France
88270;VELOTTE ET TATIGNECOURT;France
62124;VELU;France
57220;VELVING;France
51130;VELYE;France
15590;VELZIC;France
95470;VEMARS;France
27940;VENABLES;France
20231;VENACO;France
85190;VENANSAULT;France
06450;VENANSON;France
21150;VENAREY LES LAUMES;France
19360;VENARSAL;France
03190;VENAS;France
84210;VENASQUE;France
06140;VENCE;France
34740;VENDARGUES;France
03110;VENDAT;France
33930;VENDAYS MONTALIVET;France
59218;VENDEGIES AU BOIS;France
59213;VENDEGIES SUR ECAILLON;France
35140;VENDEL;France
02490;VENDELLES;France
34230;VENDEMIAN;France
71120;VENDENESSE LES CHAROLLES;France
71130;VENDENESSE SUR ARROUX;France
67550;VENDENHEIM;France
14250;VENDES;France
02800;VENDEUIL;France
60120;VENDEUIL CAPLY;France
14170;VENDEUVRE;France
86380;VENDEUVRE DU POITOU;France
10140;VENDEUVRE SUR BARSE;France
59175;VENDEVILLE;France
02420;VENDHUILE;France
02540;VENDIERES;France
62880;VENDIN LE VIEIL;France
62232;VENDIN LES BETHUNE;France
31460;VENDINE;France
36500;VENDOEUVRES;France
24320;VENDOIRE;France
41100;VENDOME;France
42590;VENDRANGES;France
85250;VENDRENNES;France
34350;VENDRES;France
08160;VENDRESSE;France
02160;VENDRESSE BEAULNE;France
77440;VENDREST;France
30200;VENEJAN;France
13770;VENELLES;France
17100;VENERAND;France
70100;VENERE;France
38460;VENERIEU;France
02510;VENEROLLES;France
31810;VENERQUE;France
81440;VENES;France
18190;VENESMES;France
76730;VENESTANVILLE;France
60200;VENETTE;France
77250;VENEUX LES SABLONS;France
54540;VENEY;France
50150;VENGEONS;France
25870;VENISE;France
70500;VENISEY;France
69200;VENISSIEUX;France
02200;VENIZEL;France
89210;VENIZY;France
25640;VENNANS;France
45760;VENNECY;France
25390;VENNES;France
54830;VENNEZEY;France
27110;VENON;France
38610;VENON;France
38520;VENOSC;France
89230;VENOUSE;France
89290;VENOY;France
33590;VENSAC;France
63260;VENSAT;France
13122;VENTABREN;France
05300;VENTAVON;France
51140;VENTELAY;France
09120;VENTENAC;France
11610;VENTENAC CABARDES;France
11120;VENTENAC EN MINERVOIS;France
05130;VENTEROL;France
26110;VENTEROL;France
76680;VENTES ST REMY;France
43170;VENTEUGES;France
51480;VENTEUIL;France
73200;VENTHON;France
20240;VENTISERI;France
16460;VENTOUSE;France
88310;VENTRON;France
20215;VENZOLASCA;France
50450;VER;France
28630;VER LES CHARTRES;France
60950;VER SUR LAUNETTE;France
14114;VER SUR MER;France
33240;VERAC;France
42520;VERANNE;France
34400;VERARGUES;France
11580;VERAZA;France
60410;VERBERIE;France
52000;VERBIESLES;France
25530;VERCEL VILLEDIEU LE CAMP;France
59227;VERCHAIN MAUGRE;France
74440;VERCHAIX;France
70230;VERCHAMP;France
26340;VERCHENY;France
62310;VERCHIN;France
62560;VERCHOCQ;France
39190;VERCIA;France
26510;VERCLAUSE;France
26170;VERCOIRAN;France
80120;VERCOURT;France
04140;VERDACHES;France
81110;VERDALLE;France
33490;VERDELAIS;France
77510;VERDELOT;France
54450;VERDENAL;France
60112;VERDEREL LES SAUQUEUSE;France
60140;VERDERONNE;France
41240;VERDES;France
20229;VERDESE;France
64400;VERDETS;France
18300;VERDIGNY;France
16140;VERDILLE;France
02400;VERDILLY;France
24520;VERDON;France
51210;VERDON;France
21330;VERDONNET;France
09310;VERDUN;France
55100;VERDUN;France
11400;VERDUN EN LAURAGAIS;France
82600;VERDUN SUR GARONNE;France
71350;VERDUN SUR LE DOUBS;France
18600;VEREAUX;France
73330;VEREL DE MONTBEL;France
73230;VEREL PRAGONDRAN;France
37270;VERETZ;France
70180;VEREUX;France
31590;VERFEIL;France
82330;VERFEIL SUR SEYE;France
30630;VERFEUIL;France
57260;VERGAVILLE;France
35680;VERGEAL;France
86110;VERGER SUR DIVE;France
17300;VERGEROUX;France
39570;VERGES;France
76280;VERGETOT;France
43320;VERGEZAC;France
30310;VERGEZE;France
63330;VERGHEAS;France
80270;VERGIES;France
89600;VERGIGNY;France
20224;VERGIO;France
71960;VERGISSON;France
17330;VERGNE;France
32720;VERGOIGNAN;France
50240;VERGONCEY;France
43360;VERGONGHEON;France
49420;VERGONNES;France
04170;VERGONS;France
25110;VERGRANNE;France
24380;VERGT;France
24540;VERGT DE BIRON;France
39160;VERIA;France
83630;VERIGNON;France
28190;VERIGNY;France
42410;VERIN;France
17540;VERINES;France
71440;VERISSEY;France
71260;VERIZET;France
01270;VERJON;France
71590;VERJUX;France
70400;VERLANS;France
82230;VERLHAC TESCOU;France
89330;VERLIN;France
62830;VERLINCTHUN;France
59237;VERLINGHEM;France
32400;VERLUS;France
02490;VERMAND;France
80320;VERMANDOVILLERS;France
62980;VERMELLES;France
89270;VERMENTON;France
25150;VERMONDANS;France
49220;VERN D ANJOU;France
35770;VERN SUR SEICHE;France
18210;VERNAIS;France
69390;VERNAISON;France
09000;VERNAJOUL;France
51330;VERNANCOURT;France
49390;VERNANTES;France
39570;VERNANTOIS;France
38460;VERNAS;France
43270;VERNASSAL;France
09250;VERNAUX;France
69430;VERNAY;France
25110;VERNE;France
13116;VERNEGUES;France
23170;VERNEIGES;France
72360;VERNEIL LE CHETIF;France
03190;VERNEIX;France
31810;VERNET;France
63580;VERNET LA VARENNE;France
66820;VERNET LES BAINS;France
63470;VERNEUGHEOL;France
16310;VERNEUIL;France
18210;VERNEUIL;France
51700;VERNEUIL;France
58300;VERNEUIL;France
03500;VERNEUIL EN BOURBONNAIS;France
60550;VERNEUIL EN HALATTE;France
55600;VERNEUIL GRAND;France
77390;VERNEUIL L ETANG;France
37120;VERNEUIL LE CHATEAU;France
87360;VERNEUIL MOUSTIERS;France
55600;VERNEUIL PETIT;France
02380;VERNEUIL SOUS COUCY;France
27130;VERNEUIL SUR AVRE;France
36400;VERNEUIL SUR IGNERAIE;France
37600;VERNEUIL SUR INDRE;France
78480;VERNEUIL SUR SEINE;France
02000;VERNEUIL SUR SERRE;France
87430;VERNEUIL SUR VIENNE;France
27390;VERNEUSSES;France
57130;VERNEVILLE;France
72170;VERNIE;France
25580;VERNIERFONTAINE;France
63210;VERNINES;France
09340;VERNIOLLE;France
38150;VERNIOZ;France
50370;VERNIX;France
49390;VERNOIL;France
25190;VERNOIS LE FOL;France
25430;VERNOIS LES BELVOIR;France
21260;VERNOIS LES VESVRES;France
70500;VERNOIS SUR MANCE;France
15160;VERNOLS;France
07260;VERNON;France
27200;VERNON;France
86340;VERNON;France
10200;VERNONVILLIERS;France
07430;VERNOSC LES ANNONAY;France
21120;VERNOT;France
41230;VERNOU EN SOLOGNE;France
77670;VERNOU LA CELLE SUR SEINE;France
37210;VERNOU SUR BRENNE;France
28500;VERNOUILLET;France
78540;VERNOUILLET;France
01560;VERNOUX;France
79240;VERNOUX EN GATINE;France
07240;VERNOUX EN VIVARAIS;France
79170;VERNOUX SUR BOUTONNE;France
89150;VERNOY;France
03390;VERNUSSE;France
57420;VERNY;France
20172;VERO;France
89510;VERON;France
26340;VERONNE;France
21260;VERONNES;France
21260;VERONNES LES PETITES;France
71220;VEROSVRES;France
08240;VERPEL;France
80700;VERPILLIERES;France
10360;VERPILLIERES SUR OURCE;France
13670;VERQUIERES;France
62113;VERQUIGNEUL;France
62131;VERQUIN;France
73460;VERRENS ARVEY;France
57350;VERRERIE SOPHIE;France
34220;VERRERIES DE MOUSSANS;France
21540;VERREY SOUS DREE;France
21690;VERREY SOUS SALMAISE;France
10240;VERRICOURT;France
49400;VERRIE;France
08390;VERRIERES;France
10390;VERRIERES;France
12520;VERRIERES;France
16130;VERRIERES;France
51800;VERRIERES;France
61110;VERRIERES;France
63320;VERRIERES;France
86410;VERRIERES;France
25300;VERRIERES DE JOUX;France
25580;VERRIERES DU GROSBOIS;France
42600;VERRIERES EN FOREZ;France
91370;VERRIERES LE BUISSON;France
79370;VERRINES SOUS CELLES;France
86420;VERRUE;France
79310;VERRUYES;France
46090;VERS;France
71240;VERS;France
74160;VERS;France
39300;VERS EN MONTAGNE;France
30210;VERS PONT DU GARD;France
39230;VERS SOUS SELLIERES;France
26560;VERS SUR MEOUGE;France
80480;VERS SUR SELLES;France
78000;VERSAILLES;France
01330;VERSAILLEUX;France
14700;VERSAINVILLE;France
71110;VERSAUGUES;France
52250;VERSEILLES LE BAS;France
52250;VERSEILLES LE HAUT;France
02800;VERSIGNY;France
60440;VERSIGNY;France
12400;VERSOLS ET LAPEYRE;France
14790;VERSON;France
01210;VERSONNEX;France
74150;VERSONNEX;France
40420;VERT;France
78930;VERT;France
28500;VERT EN DROUAIS;France
91810;VERT LE GRAND;France
91710;VERT LE PETIT;France
77240;VERT ST DENIS;France
51130;VERT TOULON;France
59730;VERTAIN;France
63910;VERTAIZON;France
39130;VERTAMBOZ;France
21330;VERTAULT;France
24320;VERTEILLAC;France
47260;VERTEUIL D AGENAIS;France
16510;VERTEUIL SUR CHARENTE;France
73170;VERTHEMEX;France
33180;VERTHEUIL;France
89260;VERTILLY;France
63480;VERTOLAYE;France
62180;VERTON;France
44120;VERTOU;France
38390;VERTRIEU;France
51130;VERTUS;France
55200;VERTUZEY;France
16330;VERVANT;France
17400;VERVANT;France
88600;VERVEZELLE;France
02140;VERVINS;France
55270;VERY;France
71960;VERZE;France
11250;VERZEILLE;France
51360;VERZENAY;France
51380;VERZY;France
52700;VESAIGNES SOUS LAFAUCHE;France
52800;VESAIGNES SUR MARNE;France
01170;VESANCY;France
26220;VESC;France
90200;VESCEMONT;France
57370;VESCHEIM;France
39240;VESCLES;France
01560;VESCOURS;France
20215;VESCOVATO;France
18360;VESDUN;France
51240;VESIGNEUL SUR MARNE;France
01570;VESINES;France
02350;VESLES ET CAUMONT;France
02840;VESLUD;France
27870;VESLY;France
50430;VESLY;France
70000;VESOUL;France
07200;VESSEAUX;France
50170;VESSEY;France
30600;VESTRIC ET CANDIAC;France
21350;VESVRES;France
52190;VESVRES SOUS CHALANCEY;France
95510;VETHEUIL;France
74100;VETRAZ MONTHOUX;France
90300;VETRIGNE;France
36600;VEUIL;France
02810;VEUILLY LA POTERIE;France
76980;VEULES LES ROSES;France
76450;VEULETTES SUR MER;France
38113;VEUREY VOROIZE;France
41150;VEUVES;France
21360;VEUVEY SUR OUCHE;France
21520;VEUXHAULLES SUR AUBE;France
39570;VEVY;France
88110;VEXAINCOURT;France
05400;VEYNES;France
87520;VEYRAC;France
07000;VEYRAS;France
63960;VEYRE MONTON;France
12720;VEYREAU;France
74290;VEYRIER DU LAC;France
15350;VEYRIERES;France
19200;VEYRIERES;France
24370;VEYRIGNAC;France
24250;VEYRINES DE DOMME;France
24380;VEYRINES DE VERGT;France
38630;VEYRINS THUELLIN;France
38460;VEYSSILIEU;France
01100;VEYZIAT;France
60117;VEZ;France
15130;VEZAC;France
24220;VEZAC;France
89700;VEZANNES;France
02290;VEZAPONIN;France
15160;VEZE;France
89450;VEZELAY;France
54330;VEZELISE;France
90400;VEZELOIS;France
15130;VEZELS ROUSSY;France
30360;VEZENOBRES;France
38510;VEZERONCE CURTIN;France
70130;VEZET;France
43390;VEZEZOUX;France
86120;VEZIERES;France
27700;VEZILLON;France
02130;VEZILLY;France
35132;VEZIN LE COQUET;France
89700;VEZINNES;France
49340;VEZINS;France
50540;VEZINS;France
12780;VEZINS DE LEVEZOU;France
72600;VEZOT;France
20242;VEZZANI;France
28150;VIABON;France
44860;VIAIS;France
12250;VIALA DU PAS DE JAUX;France
12490;VIALA DU TARN;France
48220;VIALAS;France
64330;VIALER;France
19170;VIAM;France
81530;VIANE;France
21430;VIANGES;France
47230;VIANNE;France
10380;VIAPRES LE GRAND;France
10380;VIAPRES LE PETIT;France
95270;VIARMES;France
34450;VIAS;France
46100;VIAZAC;France
57670;VIBERSVILLER;France
76760;VIBEUF;France
16120;VIBRAC;France
17130;VIBRAC;France
72320;VIBRAYE;France
21140;VIC DE CHASSENAY;France
21360;VIC DES PRES;France
65500;VIC EN BIGORRE;France
32190;VIC FEZENSAC;France
34110;VIC LA GARDIOLE;France
63270;VIC LE COMTE;France
30260;VIC LE FESQ;France
21390;VIC SOUS THIL;France
02290;VIC SUR AISNE;France
15800;VIC SUR CERE;France
57630;VIC SUR SEILLE;France
09220;VICDESSOS;France
63340;VICHEL;France
02210;VICHEL NANTEUIL;France
28420;VICHERES;France
88170;VICHEREY;France
03200;VICHY;France
20160;VICO;France
03450;VICQ;France
52400;VICQ;France
59970;VICQ;France
78490;VICQ;France
40380;VICQ D AURIBAT;France
36400;VICQ EXEMPLET;France
87260;VICQ SUR BREUILH;France
86260;VICQ SUR GARTEMPE;France
36600;VICQ SUR NAHON;France
14170;VICQUES;France
14430;VICTOT PONTFOL;France
61360;VIDAI;France
46260;VIDAILLAC;France
23250;VIDAILLAT;France
83550;VIDAUBAN;France
50630;VIDECOSVILLE;France
87600;VIDEIX;France
91890;VIDELLES;France
65220;VIDOU;France
50810;VIDOUVILLE;France
65700;VIDOUZE;France
60360;VIEFVILLERS;France
62770;VIEIL HESDIN;France
62240;VIEIL MOUTIER;France
43100;VIEILLE BRIOUDE;France
62136;VIEILLE CHAPELLE;France
62162;VIEILLE EGLISE;France
78125;VIEILLE EGLISE EN YVELINES;France
31320;VIEILLE TOULOUSE;France
45260;VIEILLES MAISONS SUR JOUDRY;France
15500;VIEILLESPESSE;France
15120;VIEILLEVIE;France
31290;VIEILLEVIGNE;France
44116;VIEILLEVIGNE;France
25870;VIEILLEY;France
21540;VIEILMOULIN;France
02160;VIEL ARCY;France
08270;VIEL ST REMY;France
10430;VIELAINES;France
32400;VIELLA;France
65120;VIELLA;France
65360;VIELLE ADOUR;France
65170;VIELLE AURE;France
65240;VIELLE LOURON;France
40240;VIELLE SOUBIRAN;France
40560;VIELLE ST GIRONS;France
40320;VIELLE TURSAN;France
64170;VIELLENAVE D ARTHEZ;France
64190;VIELLENAVE DE NAVARRENX;France
64270;VIELLENAVE SUR BIDOUZE;France
64150;VIELLESEGURE;France
58150;VIELMANAY;France
81570;VIELMUR SUR AGOUT;France
43490;VIELPRAT;France
02540;VIELS MAISONS;France
21270;VIELVERGE;France
79200;VIENNAY;France
38200;VIENNE;France
95510;VIENNE EN ARTHIES;France
14400;VIENNE EN BESSIN;France
45510;VIENNE EN VAL;France
51800;VIENNE LA VILLE;France
51800;VIENNE LE CHATEAU;France
84750;VIENS;France
88430;VIENVILLE;France
65400;VIER BORDES;France
23170;VIERSAT;France
28700;VIERVILLE;France
50480;VIERVILLE;France
14710;VIERVILLE SUR MER;France
18100;VIERZON;France
02210;VIERZY;France
59271;VIESLY;France
14410;VIESSOIX;France
25340;VIETHOREY;France
01260;VIEU;France
01430;VIEU D IZENAVE;France
74600;VIEUGY;France
03430;VIEURE;France
34390;VIEUSSAN;France
28120;VIEUVICQ;France
53120;VIEUVY;France
14930;VIEUX;France
81140;VIEUX;France
59232;VIEUX BERQUIN;France
40480;VIEUX BOUCAU LES BAINS;France
14130;VIEUX BOURG;France
35540;VIEUX BOURG;France
77370;VIEUX CHAMPAGNE;France
25600;VIEUX CHARMONT;France
21460;VIEUX CHATEAU;France
59690;VIEUX CONDE;France
68480;VIEUX FERRETTE;France
14270;VIEUX FUME;France
08190;VIEUX LES ASFELD;France
57119;VIEUX LIXHEIM;France
77320;VIEUX MAISONS;France
76750;VIEUX MANOIR;France
24340;VIEUX MAREUIL;France
59138;VIEUX MESNIL;France
60350;VIEUX MOULIN;France
88210;VIEUX MOULIN;France
52200;VIEUX MOULINS;France
14140;VIEUX PONT;France
61150;VIEUX PONT;France
27680;VIEUX PORT;France
59600;VIEUX RENG;France
76390;VIEUX ROUEN SUR BRESLE;France
16350;VIEUX RUFFEC;France
68800;VIEUX THANN;France
35610;VIEUX VIEL;France
27600;VIEUX VILLEZ;France
35490;VIEUX VY SUR COUESNON;France
65230;VIEUZOS;France
21310;VIEVIGNE;France
52310;VIEVILLE;France
54470;VIEVILLE EN HAYE;France
55210;VIEVILLE SOUS LES COTES;France
21230;VIEVY;France
41290;VIEVY LE RAYE;France
65120;VIEY;France
38450;VIF;France
02540;VIFFORT;France
19410;VIGEOIS;France
65100;VIGER;France
23140;VIGEVILLE;France
20110;VIGGIANELLO;France
45600;VIGLAIN;France
80650;VIGNACOURT;France
20290;VIGNALE;France
14700;VIGNATS;France
31480;VIGNAUX;France
65170;VIGNEC;France
77450;VIGNELY;France
60162;VIGNEMONT;France
64410;VIGNES;France
89420;VIGNES;France
52700;VIGNES LA COTE;France
55600;VIGNEUL SOUS MONTMEDY;France
54360;VIGNEULLES;France
55210;VIGNEULLES LES HATTONCHATEL;France
44360;VIGNEUX DE BRETAGNE;France
02340;VIGNEUX HOCQUET;France
91270;VIGNEUX SUR SEINE;France
11330;VIGNEVIEILLE;France
38890;VIGNIEU;France
35630;VIGNOC;France
58190;VIGNOL;France
21200;VIGNOLES;France
16300;VIGNOLLES;France
19130;VIGNOLS;France
33330;VIGNONET;France
52320;VIGNORY;France
55200;VIGNOT;France
18110;VIGNOUX SOUS LES AIX;France
18500;VIGNOUX SUR BARANGEON;France
57420;VIGNY;France
95450;VIGNY;France
71160;VIGNY LES PARAY;France
36160;VIGOULANT;France
31320;VIGOULET AUZIL;France
36170;VIGOUX;France
82500;VIGUERON;France
57640;VIGY;France
49310;VIHIERS;France
36160;VIJON;France
77540;VILBERT;France
54700;VILCEY SUR TREY;France
22980;VILDE GUINGALAN;France
35120;VILDE LA MARINE;France
16220;VILHONNEUR;France
04200;VILHOSC;France
91100;VILLABE;France
18800;VILLABON;France
24120;VILLAC;France
10600;VILLACERF;France
54290;VILLACOURT;France
10290;VILLADIN;France
70110;VILLAFANS;France
68128;VILLAGE NEUF;France
21450;VILLAINES EN DUESMOIS;France
72600;VILLAINES LA CARELLE;France
72400;VILLAINES LA GONAIS;France
53700;VILLAINES LA JUHEL;France
21500;VILLAINES LES PREVOTES;France
37190;VILLAINES LES ROCHERS;France
95570;VILLAINES SOUS BOIS;France
72150;VILLAINES SOUS LUCE;France
72270;VILLAINES SOUS MALICORNE;France
76280;VILLAINVILLE;France
11090;VILLALBE;France
27240;VILLALET;France
11600;VILLALIER;France
45310;VILLAMBLAIN;France
24140;VILLAMBLARD;France
35420;VILLAMEE;France
28200;VILLAMPUY;France
54260;VILLANCY;France
33730;VILLANDRAUT;France
37510;VILLANDRY;France
11600;VILLANIERE;France
20167;VILLANOVA;France
58370;VILLAPOURCON;France
05480;VILLAR D ARENE;France
11220;VILLAR EN VAL;France
05800;VILLAR LOUBIERE;France
11250;VILLAR ST ANSELME;France
05100;VILLAR ST PANCRACE;France
23800;VILLARD;France
74420;VILLARD;France
38190;VILLARD BONNOT;France
73800;VILLARD D HERY;France
38250;VILLARD DE LANS;France
73390;VILLARD LEGER;France
38520;VILLARD NOTRE DAME;France
38114;VILLARD RECULAS;France
38520;VILLARD REYMOND;France
73110;VILLARD SALLET;France
38119;VILLARD ST CHRISTOPHE;France
39200;VILLARD ST SAUVEUR;France
39200;VILLARD SUR BIENNE;France
73270;VILLARD SUR DORON;France
11580;VILLARDEBELLE;France
11600;VILLARDONNEL;France
39260;VILLARDS D HERIA;France
73300;VILLAREMBERT;France
70110;VILLARGENT;France
21210;VILLARGOIX;France
73300;VILLARGONDRAN;France
31380;VILLARIES;France
73600;VILLARLURIN;France
73500;VILLARODIN BOURGET;France
73640;VILLAROGER;France
73110;VILLAROUX;France
78280;VILLAROY;France
24530;VILLARS;France
28150;VILLARS;France
42390;VILLARS;France
84400;VILLARS;France
04640;VILLARS COLMARS;France
52120;VILLARS EN AZOIS;France
17260;VILLARS EN PONS;France
21140;VILLARS ET VILLENOTTE;France
21700;VILLARS FONTAINE;France
70500;VILLARS LE PAUTEL;France
90100;VILLARS LE SEC;France
25310;VILLARS LES BLAMONT;France
17770;VILLARS LES BOIS;France
01330;VILLARS LES DOMBES;France
52160;VILLARS MONTROYER;France
52160;VILLARS SANTENOGE;France
25190;VILLARS SOUS DAMPJOUX;France
25150;VILLARS SOUS ECOT;France
25410;VILLARS ST GEORGES;France
52400;VILLARS ST MARCELLIN;France
06710;VILLARS SUR VAR;France
11600;VILLARZEL CABARDES;France
11300;VILLARZEL DU RAZES;France
11150;VILLASAVARY;France
31860;VILLATE;France
31620;VILLAUDRIC;France
11420;VILLAUTOU;France
41800;VILLAVARD;France
74370;VILLAZ;France
60400;VILLE;France
67220;VILLE;France
54620;VILLE AU MONTOIS;France
54380;VILLE AU VAL;France
92410;VILLE D AVRAY;France
55260;VILLE DEVANT BELRAIN;France
55150;VILLE DEVANT CHAUMONT;France
20279;VILLE DI PARASO;France
20200;VILLE DI PIETRABUGNO;France
51390;VILLE DOMMANGE;France
25650;VILLE DU PONT;France
52130;VILLE EN BLAISOIS;France
74250;VILLE EN SALLAZ;France
51500;VILLE EN SELVE;France
51170;VILLE EN TARDENOIS;France
54210;VILLE EN VERMOIS;France
55160;VILLE EN WOEVRE;France
54730;VILLE HOUDLEMONT;France
55200;VILLE ISSEY;France
74100;VILLE LA GRAND;France
58270;VILLE LANGY;France
80420;VILLE LE MARCLET;France
02220;VILLE SAVOYE;France
38150;VILLE SOUS ANJOU;France
10310;VILLE SOUS LA FERTE;France
77130;VILLE ST JACQUES;France
80300;VILLE SUR ANCRE;France
10110;VILLE SUR ARCE;France
55120;VILLE SUR COUSANCES;France
88270;VILLE SUR ILLON;France
69640;VILLE SUR JARNIOUX;France
08440;VILLE SUR LUMES;France
08310;VILLE SUR RETOURNE;France
55000;VILLE SUR SAULX;France
10200;VILLE SUR TERRE;France
51800;VILLE SUR TOURBE;France
54800;VILLE SUR YRON;France
28150;VILLEAU;France
61310;VILLEBADIN;France
41000;VILLEBAROU;France
50410;VILLEBAUDON;France
11250;VILLEBAZY;France
77710;VILLEBEON;France
49400;VILLEBERNIER;France
21350;VILLEBERNY;France
21700;VILLEBICHOT;France
89720;VILLEBLEVIN;France
01150;VILLEBOIS;France
16320;VILLEBOIS LAVALETTE;France
05700;VILLEBOIS LES PINS;France
28190;VILLEBON;France
91140;VILLEBON SUR YVETTE;France
89150;VILLEBOUGIS;France
37370;VILLEBOURG;France
41270;VILLEBOUT;France
47380;VILLEBRAMAR;France
03310;VILLEBRET;France
82370;VILLEBRUMIER;France
18160;VILLECELIN;France
77250;VILLECERF;France
54890;VILLECEY SUR MAD;France
39320;VILLECHANTRIA;France
41310;VILLECHAUVE;France
69770;VILLECHENEVE;France
10410;VILLECHETIF;France
89320;VILLECHETIVE;France
50140;VILLECHIEN;France
89300;VILLECIEN;France
55600;VILLECLOYE;France
12580;VILLECOMTAL;France
32730;VILLECOMTAL SUR ARROS;France
21120;VILLECOMTE;France
91580;VILLECONIN;France
80190;VILLECOURT;France
94440;VILLECRESNES;France
83690;VILLECROZE;France
11200;VILLEDAIGNE;France
15100;VILLEDIEU;France
21330;VILLEDIEU;France
84110;VILLEDIEU;France
49450;VILLEDIEU LA BLOUERE;France
41800;VILLEDIEU LE CHATEAU;France
61160;VILLEDIEU LES BAILLEUL;France
50800;VILLEDIEU LES POELES;France
36320;VILLEDIEU SUR INDRE;France
37460;VILLEDOMAIN;France
37110;VILLEDOMER;France
17230;VILLEDOUX;France
11800;VILLEDUBERT;France
16240;VILLEFAGNAN;France
89240;VILLEFARGEAU;France
87190;VILLEFAVARD;France
21350;VILLEFERRY;France
11570;VILLEFLOURE;France
79170;VILLEFOLLET;France
38090;VILLEFONTAINE;France
11230;VILLEFORT;France
48800;VILLEFORT;France
32420;VILLEFRANCHE;France
89120;VILLEFRANCHE;France
81430;VILLEFRANCHE D ALBIGEOIS;France
03430;VILLEFRANCHE D ALLIER;France
66500;VILLEFRANCHE DE CONFLENT;France
31290;VILLEFRANCHE DE LAURAGAIS;France
24610;VILLEFRANCHE DE LONCHAT;France
12430;VILLEFRANCHE DE PANAT;France
12200;VILLEFRANCHE DE ROUERGUE;France
24550;VILLEFRANCHE DU PERIGORD;France
47160;VILLEFRANCHE DU QUEYRAN;France
26560;VILLEFRANCHE LE CHATEAU;France
41200;VILLEFRANCHE SUR CHER;France
06230;VILLEFRANCHE SUR MER;France
69400;VILLEFRANCHE SUR SAONE;France
41330;VILLEFRANCOEUR;France
70700;VILLEFRANCON;France
64990;VILLEFRANQUE;France
65700;VILLEFRANQUE;France
77970;VILLEGAGNON;France
11600;VILLEGAILHENC;France
16700;VILLEGATS;France
27120;VILLEGATS;France
71620;VILLEGAUDIN;France
18260;VILLEGENON;France
11600;VILLEGLY;France
36110;VILLEGONGIS;France
33141;VILLEGOUGE;France
36500;VILLEGOUIN;France
77560;VILLEGRUIS;France
52190;VILLEGUSIEN LE LAC;France
10220;VILLEHARDOUIN;France
41200;VILLEHERVIERS;France
16140;VILLEJESUS;France
16560;VILLEJOUBERT;France
94800;VILLEJUIF;France
91140;VILLEJUST;France
84530;VILLELAURE;France
37460;VILLELOIN COULANGE;France
65260;VILLELONGUE;France
11300;VILLELONGUE D AUDE;France
66410;VILLELONGUE DE LA SALANQUE;France
66740;VILLELONGUE DELS MONTS;France
10350;VILLELOUP;France
82130;VILLEMADE;France
11310;VILLEMAGNE;France
34600;VILLEMAGNE L ARGENTIERE;France
79110;VILLEMAIN;France
45700;VILLEMANDEUR;France
89140;VILLEMANOCHE;France
41100;VILLEMARDY;France
77710;VILLEMARECHAL;France
77470;VILLEMAREUIL;France
31340;VILLEMATIER;France
10190;VILLEMAUR SUR VANNE;France
65220;VILLEMBITS;France
60650;VILLEMBRAY;France
77250;VILLEMER;France
89113;VILLEMER;France
10800;VILLEMEREUIL;France
52160;VILLEMERVRY;France
28210;VILLEMEUX SUR EURE;France
38460;VILLEMOIRIEU;France
10160;VILLEMOIRON EN OTHE;France
49370;VILLEMOISAN;France
91360;VILLEMOISSON SUR ORGE;France
66300;VILLEMOLAQUE;France
93250;VILLEMOMBLE;France
42155;VILLEMONTAIS;France
02210;VILLEMONTOIRE;France
10110;VILLEMORIEN;France
17470;VILLEMORIN;France
52160;VILLEMORON;France
86310;VILLEMORT;France
01270;VILLEMOTIER;France
11620;VILLEMOUSTAUSSOU;France
45270;VILLEMOUTIERS;France
10260;VILLEMOYENNE;France
65230;VILLEMUR;France
31340;VILLEMUR SUR TARN;France
45600;VILLEMURLIN;France
04110;VILLEMUS;France
10370;VILLENAUXE LA GRANDE;France
77480;VILLENAUXE LA PETITE;France
40110;VILLENAVE;France
33140;VILLENAVE D ORNON;France
33550;VILLENAVE DE RIONS;France
65500;VILLENAVE PRES BEARN;France
65500;VILLENAVE PRES MARSAC;France
89140;VILLENAVOTTE;France
01480;VILLENEUVE;France
04180;VILLENEUVE;France
09800;VILLENEUVE;France
12260;VILLENEUVE;France
33710;VILLENEUVE;France
63340;VILLENEUVE;France
10130;VILLENEUVE AU CHEMIN;France
43380;VILLENEUVE D ALLIER;France
25270;VILLENEUVE D AMONT;France
59491;VILLENEUVE D ASCQ;France
59493;VILLENEUVE D ASCQ;France
59650;VILLENEUVE D ASCQ;France
39600;VILLENEUVE D AVAL;France
06470;VILLENEUVE D ENTRAUNES;France
09300;VILLENEUVE D OLMES;France
07170;VILLENEUVE DE BERG;France
47120;VILLENEUVE DE DURAS;France
66180;VILLENEUVE DE LA RAHO;France
38440;VILLENEUVE DE MARC;France
40190;VILLENEUVE DE MARSAN;France
47170;VILLENEUVE DE MEZIN;France
31800;VILLENEUVE DE RIVIERE;France
66760;VILLENEUVE DES ESCALDES;France
09000;VILLENEUVE DU BOSC;France
09130;VILLENEUVE DU LATOU;France
09100;VILLENEUVE DU PAREAGE;France
71390;VILLENEUVE EN MONTAGNE;France
41290;VILLENEUVE FROUVILLE;France
89190;VILLENEUVE L ARCHEVEQUE;France
11400;VILLENEUVE LA COMPTAL;France
17330;VILLENEUVE LA COMTESSE;France
89150;VILLENEUVE LA DONDAGRE;France
92390;VILLENEUVE LA GARENNE;France
89340;VILLENEUVE LA GUYARD;France
51310;VILLENEUVE LA LIONNE;France
66610;VILLENEUVE LA RIVIERE;France
77174;VILLENEUVE LE COMTE;France
94290;VILLENEUVE LE ROI;France
31580;VILLENEUVE LECUSSAN;France
30400;VILLENEUVE LES AVIGNON;France
34420;VILLENEUVE LES BEZIERS;France
77154;VILLENEUVE LES BORDES;France
31620;VILLENEUVE LES BOULOC;France
63310;VILLENEUVE LES CERFS;France
39240;VILLENEUVE LES CHARNOD;France
11360;VILLENEUVE LES CORBIERES;France
89350;VILLENEUVE LES GENETS;France
81500;VILLENEUVE LES LAVAUR;France
34750;VILLENEUVE LES MAGUELONE;France
11290;VILLENEUVE LES MONTREAL;France
60175;VILLENEUVE LES SABLONS;France
17000;VILLENEUVE LES SALINES;France
06270;VILLENEUVE LOUBET;France
11160;VILLENEUVE MINERVOIS;France
51130;VILLENEUVE RENNEVILLE CHEVIGNY;France
21140;VILLENEUVE SOUS CHARIGNY;France
77230;VILLENEUVE SOUS DAMMARTIN;France
39570;VILLENEUVE SOUS PYMONT;France
77174;VILLENEUVE ST DENIS;France
94190;VILLENEUVE ST GEORGES;France
02200;VILLENEUVE ST GERMAIN;France
28150;VILLENEUVE ST NICOLAS;France
89230;VILLENEUVE ST SALVES;France
51120;VILLENEUVE ST VISTRE VILLEVOTTE;France
03460;VILLENEUVE SUR ALLIER;France
91580;VILLENEUVE SUR AUVERS;France
77510;VILLENEUVE SUR BELLOT;France
18400;VILLENEUVE SUR CHER;France
45310;VILLENEUVE SUR CONIE;France
02130;VILLENEUVE SUR FERE;France
47300;VILLENEUVE SUR LOT;France
60410;VILLENEUVE SUR VERBERIE;France
81130;VILLENEUVE SUR VERE;France
89500;VILLENEUVE SUR YONNE;France
31270;VILLENEUVE TOLOSANE;France
34800;VILLENEUVETTE;France
78670;VILLENNES SUR SEINE;France
17330;VILLENOUVELLE;France
31290;VILLENOUVELLE;France
77124;VILLENOY;France
36600;VILLENTROIS;France
41220;VILLENY;France
53250;VILLEPAIL;France
77270;VILLEPARISIS;France
70000;VILLEPAROIS;France
10450;VILLEPART;France
26510;VILLEPERDRIX;France
37260;VILLEPERDUE;France
89140;VILLEPERROT;France
11150;VILLEPINTE;France
93420;VILLEPINTE;France
41310;VILLEPORCHER;France
44110;VILLEPOT;France
78450;VILLEPREUX;France
76490;VILLEQUIER;France
02300;VILLEQUIER AUMONT;France
18800;VILLEQUIERS;France
57340;VILLER;France
41100;VILLERABLE;France
91190;VILLERAS;France
41000;VILLERBON;France
47210;VILLEREAL;France
45170;VILLEREAU;France
59530;VILLEREAU;France
42300;VILLEREST;France
02420;VILLERET;France
10330;VILLERET;France
01250;VILLEREVERSURE;France
41240;VILLERMAIN;France
41100;VILLEROMAIN;France
95380;VILLERON;France
11330;VILLEROUGE TERMENES;France
77410;VILLEROY;France
80140;VILLEROY;France
89100;VILLEROY;France
55190;VILLEROY SUR MEHOLLE;France
42460;VILLERS;France
88500;VILLERS;France
02130;VILLERS AGRON AIGUIZY;France
51500;VILLERS ALLERAND;France
62144;VILLERS AU BOIS;France
62450;VILLERS AU FLOS;France
59234;VILLERS AU TERTRE;France
51130;VILLERS AUX BOIS;France
80110;VILLERS AUX ERABLES;France
51500;VILLERS AUX NOEUDS;France
55800;VILLERS AUX VENTS;France
14310;VILLERS BOCAGE;France
80260;VILLERS BOCAGE;France
70190;VILLERS BOUTON;France
80380;VILLERS BRETONNEUX;France
62690;VILLERS BRULIN;France
25170;VILLERS BUZON;France
80140;VILLERS CAMPSART;France
14420;VILLERS CANIVET;France
80200;VILLERS CARBONNEL;France
08140;VILLERS CERNAY;France
62690;VILLERS CHATEL;France
70700;VILLERS CHEMIN ET MONT LE;France
70700;VILLERS CHEMIN MONT LES ETRELLES;France
25530;VILLERS CHIEF;France
02600;VILLERS COTTERETS;France
55110;VILLERS DEVANT DUN;France
08190;VILLERS DEVANT LE THOUR;France
08210;VILLERS DEVANT MOUZON;France
76360;VILLERS ECALLES;France
51800;VILLERS EN ARGONNE;France
95510;VILLERS EN ARTHIES;France
59188;VILLERS EN CAUCHIES;France
54380;VILLERS EN HAYE;France
61550;VILLERS EN OUCHE;France
02160;VILLERS EN PRAYERES;France
27420;VILLERS EN VEXIN;France
39600;VILLERS FARLAY;France
80112;VILLERS FAUCON;France
51220;VILLERS FRANQUEUX;France
25640;VILLERS GRELOT;France
59297;VILLERS GUISLAIN;France
02600;VILLERS HELON;France
62390;VILLERS L HOPITAL;France
54870;VILLERS LA CHEVRE;France
25510;VILLERS LA COMBE;France
21700;VILLERS LA FAYE;France
54920;VILLERS LA MONTAGNE;France
70110;VILLERS LA VILLE;France
51510;VILLERS LE CHATEAU;France
25130;VILLERS LE LAC;France
54260;VILLERS LE ROND;France
02240;VILLERS LE SEC;France
51250;VILLERS LE SEC;France
55500;VILLERS LE SEC;France
70000;VILLERS LE SEC;France
08430;VILLERS LE TILLEUL;France
08430;VILLERS LE TOURNEUR;France
39120;VILLERS LES BOIS;France
62182;VILLERS LES CAGNICOURT;France
02120;VILLERS LES GUISE;France
70300;VILLERS LES LUXEUIL;France
55150;VILLERS LES MANGIENNES;France
54760;VILLERS LES MOIVRONS;France
54600;VILLERS LES NANCY;France
36250;VILLERS LES ORMES;France
21130;VILLERS LES POTS;France
80700;VILLERS LES ROYE;France
51380;VILLERS MARMERY;France
59142;VILLERS OUTREAUX;France
70190;VILLERS PATER;France
21400;VILLERS PATRAS;France
59231;VILLERS PLOUICH;France
59530;VILLERS POL;France
39120;VILLERS ROBERT;France
21130;VILLERS ROTIN;France
08000;VILLERS SEMEUSE;France
62127;VILLERS SIR SIMON;France
59600;VILLERS SIRE NICOLE;France
80690;VILLERS SOUS AILLY;France
25270;VILLERS SOUS CHALAMONT;France
51700;VILLERS SOUS CHATILLON;France
76340;VILLERS SOUS FOUCARMONT;France
25620;VILLERS SOUS MONTROND;France
55160;VILLERS SOUS PAREID;France
54700;VILLERS SOUS PRENY;France
60340;VILLERS SOUS ST LEU;France
60650;VILLERS ST BARTHELEMY;France
02590;VILLERS ST CHRISTOPHE;France
60810;VILLERS ST FRAMBOURG;France
60620;VILLERS ST GENEST;France
25110;VILLERS ST MARTIN;France
60870;VILLERS ST PAUL;France
60134;VILLERS ST SEPULCRE;France
57530;VILLERS STONCOURT;France
60650;VILLERS SUR AUCHY;France
80120;VILLERS SUR AUTHIE;France
08350;VILLERS SUR BAR;France
60860;VILLERS SUR BONNIERES;France
60150;VILLERS SUR COUDUN;France
02130;VILLERS SUR FERE;France
08430;VILLERS SUR LE MONT;France
27940;VILLERS SUR LE ROULE;France
14640;VILLERS SUR MER;France
55220;VILLERS SUR MEUSE;France
57340;VILLERS SUR NIED;France
70170;VILLERS SUR PORT;France
70400;VILLERS SUR SAULNOT;France
60590;VILLERS SUR TRIE;France
80500;VILLERS TOURNELLE;France
70120;VILLERS VAUDEY;France
60380;VILLERS VERMONT;France
60120;VILLERS VICOMTE;France
39800;VILLERSERINE;France
70110;VILLERSEXEL;France
54190;VILLERUPT;France
14113;VILLERVILLE;France
10320;VILLERY;France
01200;VILLES;France
84570;VILLES SUR AUZON;France
60640;VILLESELVE;France
51130;VILLESENEUX;France
46090;VILLESEQUE;France
11360;VILLESEQUE DES CORBIERES;France
11170;VILLESEQUELANDE;France
11150;VILLESISCLE;France
34360;VILLESPASSANS;France
11170;VILLESPY;France
93430;VILLETANEUSE;France
34400;VILLETELLE;France
89140;VILLETHIERRY;France
47400;VILLETON;France
24600;VILLETOUREIX;France
11220;VILLETRITOULS;France
41100;VILLETRUN;France
54260;VILLETTE;France
73210;VILLETTE;France
78930;VILLETTE;France
38280;VILLETTE D ANTHON;France
38200;VILLETTE DE VIENNE;France
39600;VILLETTE LES ARBOIS;France
39100;VILLETTE LES DOLE;France
01320;VILLETTE SUR AIN;France
10700;VILLETTE SUR AUBE;France
27110;VILLETTES;France
69100;VILLEURBANNE;France
89330;VILLEVALLIER;France
77410;VILLEVAUDE;France
51270;VILLEVENARD;France
49140;VILLEVEQUE;France
34560;VILLEVEYRAC;France
04320;VILLEVIEILLE;France
30250;VILLEVIEILLE;France
39140;VILLEVIEUX;France
07690;VILLEVOCANCE;France
45700;VILLEVOQUES;France
41500;VILLEXANTON;France
17500;VILLEXAVIER;France
54840;VILLEY LE SEC;France
54200;VILLEY ST ETIENNE;France
21120;VILLEY SUR TILLE;France
27950;VILLEZ SOUS BAILLEUL;France
27110;VILLEZ SUR LE NEUBOURG;France
91940;VILLEZIERS;France
69910;VILLIE MORGON;France
36290;VILLIERS;France
86190;VILLIERS;France
95840;VILLIERS ADAM;France
37330;VILLIERS AU BOUIN;France
52130;VILLIERS AUX BOIS;France
52110;VILLIERS AUX CHENES;France
51260;VILLIERS AUX CORNEILLES;France
53170;VILLIERS CHARLEMAGNE;France
17510;VILLIERS COUTURE;France
77190;VILLIERS EN BIERE;France
79360;VILLIERS EN BOIS;France
27640;VILLIERS EN DESOEUVRE;France
52100;VILLIERS EN LIEU;France
21430;VILLIERS EN MORVAN;France
79160;VILLIERS EN PLAINE;France
50680;VILLIERS FOSSARD;France
10700;VILLIERS HERBISSE;France
91190;VILLIERS LE BACLE;France
95400;VILLIERS LE BEL;France
10210;VILLIERS LE BOIS;France
21400;VILLIERS LE DUC;France
78770;VILLIERS LE MAHIEU;France
28130;VILLIERS LE MORHIER;France
50240;VILLIERS LE PRE;France
16240;VILLIERS LE ROUX;France
14480;VILLIERS LE SEC;France
52000;VILLIERS LE SEC;France
58210;VILLIERS LE SEC;France
95720;VILLIERS LE SEC;France
52190;VILLIERS LES APREY;France
89160;VILLIERS LES HAUTS;France
89760;VILLIERS LOUIS;France
77760;VILLIERS SOUS GREZ;France
61400;VILLIERS SOUS MORTAGNE;France
10210;VILLIERS SOUS PRASLIN;France
89130;VILLIERS ST BENOIT;France
02310;VILLIERS ST DENIS;France
78640;VILLIERS ST FREDERIC;France
77560;VILLIERS ST GEORGES;France
28800;VILLIERS ST ORIEN;France
79170;VILLIERS SUR CHIZE;France
41100;VILLIERS SUR LOIR;France
52320;VILLIERS SUR MARNE;France
94350;VILLIERS SUR MARNE;France
77580;VILLIERS SUR MORIN;France
91700;VILLIERS SUR ORGE;France
77114;VILLIERS SUR SEINE;France
52210;VILLIERS SUR SUIZE;France
89110;VILLIERS SUR THOLON;France
58500;VILLIERS SUR YONNE;France
89360;VILLIERS VINEUX;France
41100;VILLIERSFAUX;France
01800;VILLIEU LOYES MOLLON;France
57550;VILLING;France
16230;VILLOGNON;France
89740;VILLON;France
88150;VILLONCOURT;France
14610;VILLONS LES BUISSONS;France
45190;VILLORCEAU;France
63380;VILLOSANGES;France
60390;VILLOTRAN;France
88320;VILLOTTE;France
55250;VILLOTTE DEVANT LOUPPY;France
21690;VILLOTTE ST SEINE;France
55260;VILLOTTE SUR AIRE;France
21400;VILLOTTE SUR OURCE;France
88350;VILLOUXEL;France
77480;VILLUIS;France
08370;VILLY;France
89800;VILLY;France
14310;VILLY BOCAGE;France
21350;VILLY EN AUXOIS;France
10140;VILLY EN TRODES;France
76260;VILLY LE BAS;France
10800;VILLY LE BOIS;France
74350;VILLY LE BOUVERET;France
10800;VILLY LE MARECHAL;France
21250;VILLY LE MOUTIER;France
74350;VILLY LE PELLOUX;France
14700;VILLY LEZ FALAISE;France
70240;VILORY;France
55110;VILOSNES HARAUMONT;France
57370;VILSBERG;France
53160;VIMARCE;France
12310;VIMENET;France
88600;VIMENIL;France
73160;VIMINES;France
14370;VIMONT;France
45700;VIMORY;France
61120;VIMOUTIERS;France
77520;VIMPELLES;France
62580;VIMY;France
77230;VINANTES;France
11110;VINASSAN;France
17510;VINAX;France
38470;VINAY;France
51530;VINAY;France
66320;VINCA;France
39190;VINCELLES;France
51700;VINCELLES;France
71500;VINCELLES;France
89290;VINCELLES;France
89290;VINCELOTTES;France
94300;VINCENNES;France
39230;VINCENT;France
88450;VINCEY;France
62310;VINCLY;France
95280;VINCOURT;France
77139;VINCY MANOEUVRE;France
02340;VINCY REUIL ET MAGNY;France
71110;VINDECY;France
50250;VINDEFONTAINE;France
16430;VINDELLE;France
51120;VINDEY;France
81170;VINDRAC ALAYRAC;France
10700;VINETS;France
36110;VINEUIL;France
41350;VINEUIL;France
60500;VINEUIL ST FIRMIN;France
07110;VINEZAC;France
66600;VINGRAU;France
61250;VINGT HANAPS;France
76540;VINNEMERVILLE;France
89140;VINNEUF;France
18300;VINON;France
83560;VINON SUR VERDON;France
83170;VINS SUR CARAMY;France
26110;VINSOBRES;France
63350;VINZELLES;France
71680;VINZELLES;France
74500;VINZIER;France
07340;VINZIEUX;France
88170;VIOCOURT;France
64130;VIODOS ABENSE DE BAS;France
62138;VIOLAINES;France
42780;VIOLAY;France
84150;VIOLES;France
52600;VIOLOT;France
34380;VIOLS EN LAVAL;France
34380;VIOLS LE FORT;France
88260;VIOMENIL;France
07610;VION;France
72300;VION;France
73310;VIONS;France
57130;VIONVILLE;France
32300;VIOZAN;France
03370;VIPLAIX;France
09120;VIRA;France
66220;VIRA;France
81640;VIRAC;France
50690;VIRANDEVILLE;France
15300;VIRARGUES;France
47200;VIRAZEIL;France
14500;VIRE;France
71260;VIRE;France
72350;VIRE EN CHAMPAGNE;France
46700;VIRE SUR LOT;France
89160;VIREAUX;France
54290;VIRECOURT;France
33720;VIRELADE;France
39240;VIREMONT;France
08320;VIREUX MOLHAIN;France
08320;VIREUX WALLERAND;France
50600;VIREY;France
70150;VIREY;France
71530;VIREY LE GRAND;France
10260;VIREY SOUS BAR;France
51800;VIRGINY;France
01440;VIRIAT;France
42140;VIRICELLES;France
38730;VIRIEU;France
01510;VIRIEU LE GRAND;France
01260;VIRIEU LE PETIT;France
42140;VIRIGNEUX;France
01300;VIRIGNIN;France
38980;VIRIVILLE;France
63330;VIRLET;France
57340;VIRMING;France
78220;VIROFLAY;France
17260;VIROLLET;France
80150;VIRONCHAUX;France
27400;VIRONVAY;France
33240;VIRSAC;France
17290;VIRSON;France
76110;VIRVILLE;France
39360;VIRY;France
71120;VIRY;France
74580;VIRY;France
91170;VIRY CHATILLON;France
02300;VIRY NOUREUIL;France
62156;VIS EN ARTOIS;France
84820;VISAN;France
63250;VISCOMTAT;France
65120;VISCOS;France
21500;VISERNY;France
65200;VISKER;France
80140;VISMES AU VAL;France
70300;VISONCOURT;France
43300;VISSAC;France
43300;VISSAC AUTEYRAC;France
30770;VISSEC;France
35130;VISSEICHE;France
81220;VITERBE;France
54123;VITERNE;France
27110;VITOT;France
15220;VITRAC;France
24200;VITRAC;France
63410;VITRAC;France
12420;VITRAC EN VIADENE;France
16310;VITRAC ST VINCENT;France
19800;VITRAC SUR MONTANE;France
61300;VITRAI SOUS LAIGLE;France
03360;VITRAY;France
28360;VITRAY EN BEAUCE;France
28270;VITRAY SOUS BREZOLLES;France
35500;VITRE;France
79370;VITRE;France
39350;VITREUX;France
54330;VITREY;France
70500;VITREY SUR MANCE;France
54300;VITRIMONT;France
05110;VITROLLES;France
13127;VITROLLES;France
84240;VITROLLES;France
45530;VITRY AUX LOGES;France
62490;VITRY EN ARTOIS;France
71600;VITRY EN CHAROLLAIS;France
52160;VITRY EN MONTAGNE;France
51300;VITRY EN PERTHOIS;France
51240;VITRY LA VILLE;France
58420;VITRY LACHE;France
10110;VITRY LE CROISE;France
51300;VITRY LE FRANCOIS;France
71250;VITRY LES CLUNY;France
52800;VITRY LES NOGENT;France
71140;VITRY SUR LOIRE;France
57185;VITRY SUR ORNE;France
94400;VITRY SUR SEINE;France
55150;VITTARVILLE;France
21350;VITTEAUX;France
76450;VITTEFLEUR;France
88800;VITTEL;France
57670;VITTERSBOURG;France
57580;VITTONCOURT;France
54700;VITTONVILLE;France
80150;VITZ SUR AUTHIE;France
74250;VIUZ EN SALLAZ;France
74540;VIUZ LA CHIESAZ;France
02870;VIVAISE;France
42310;VIVANS;France
20219;VIVARIO;France
64450;VIVEN;France
63840;VIVEROLS;France
66490;VIVES;France
52160;VIVEY;France
08440;VIVIER AU COURT;France
02600;VIVIERES;France
07220;VIVIERS;France
57590;VIVIERS;France
89700;VIVIERS;France
73420;VIVIERS DU LAC;France
53270;VIVIERS EN CHARNIE;France
88260;VIVIERS LE GRAS;France
81500;VIVIERS LES LAVAUR;France
81290;VIVIERS LES MONTAGNES;France
88500;VIVIERS LES OFFROICOURT;France
10110;VIVIERS SUR ARTAUT;France
54260;VIVIERS SUR CHIERS;France
09500;VIVIES;France
12110;VIVIEZ;France
16120;VIVILLE;France
72170;VIVOIN;France
86370;VIVONNE;France
49680;VIVY;France
21400;VIX;France
85770;VIX;France
38220;VIZILLE;France
65120;VIZOS;France
20219;VIZZAVONA;France
07690;VOCANCE;France
63500;VODABLE;France
68420;VOEGTLINSHOFFEN;France
57320;VOELFLING LES BOUZONVILLE;France
67430;VOELLERDINGEN;France
16400;VOEUIL ET GIGET;France
68600;VOGELGRUN;France
73420;VOGLANS;France
07200;VOGUE;France
02140;VOHARIES;France
55190;VOID VACON;France
10200;VOIGNY;France
51800;VOILEMONT;France
25110;VOILLANS;France
52130;VOILLECOMTE;France
57580;VOIMHAUT;France
54134;VOINEMONT;France
63620;VOINGT;France
77540;VOINSLES;France
51130;VOIPREUX;France
25580;VOIRES;France
38500;VOIRON;France
27520;VOISCREVILLE;France
28700;VOISE;France
77950;VOISENON;France
52400;VOISEY;France
52200;VOISINES;France
89260;VOISINES;France
78960;VOISINS LE BRETONNEUX;France
38620;VOISSANT;France
17400;VOISSAY;France
39210;VOITEUR;France
72210;VOIVRES LES LE MANS;France
59470;VOLCKERINCKHOVE;France
71600;VOLESVRES;France
68600;VOLGELSHEIM;France
89710;VOLGRE;France
67290;VOLKSBERG;France
63120;VOLLORE MONTAGNE;France
63120;VOLLORE VILLE;France
57220;VOLMERANGE LES BOULAY;France
57330;VOLMERANGE LES MINES;France
57720;VOLMUNSTER;France
21190;VOLNAY;France
72440;VOLNAY;France
01460;VOLOGNAT;France
70180;VOLON;France
04290;VOLONNE;France
20290;VOLPAJOLA;France
57940;VOLSTROFF;France
26470;VOLVENT;France
63530;VOLVIC;France
04130;VOLX;France
88700;VOMECOURT;France
88500;VOMECOURT SUR MADON;France
52500;VONCOURT;France
08400;VONCQ;France
21270;VONGES;France
01350;VONGNES;France
74200;VONGY;France
01540;VONNAS;France
70190;VORAY SUR L OGNON;France
38340;VOREPPE;France
43800;VOREY;France
02860;VORGES;France
25320;VORGES LES PINS;France
18340;VORLY;France
18130;VORNAY;France
12160;VORS;France
39240;VOSBLES;France
21700;VOSNE ROMANEE;France
10130;VOSNON;France
37240;VOU;France
51260;VOUARCES;France
51240;VOUCIENNES;France
21230;VOUDENAY;France
10150;VOUE;France
52320;VOUECOURT;France
02700;VOUEL;France
70500;VOUGECOURT;France
21640;VOUGEOT;France
39260;VOUGLANS;France
10210;VOUGREY;France
42720;VOUGY;France
74130;VOUGY;France
16330;VOUHARTE;France
17700;VOUHE;France
79310;VOUHE;France
70200;VOUHENANS;France
79230;VOUILLE;France
86190;VOUILLE;France
85450;VOUILLE LES MARAIS;France
51340;VOUILLERS;France
36100;VOUILLON;France
14230;VOUILLY;France
25420;VOUJEAUCOURT;France
21290;VOULAINES LES TEMPLIERS;France
77580;VOULANGIS;France
86400;VOULEME;France
16250;VOULGEZAC;France
86700;VOULON;France
02140;VOULPAIX;France
79150;VOULTEGON;France
77560;VOULTON;France
77940;VOULX;France
86580;VOUNEUIL SOUS BIARD;France
86210;VOUNEUIL SUR VIENNE;France
38210;VOUREY;France
69390;VOURLES;France
03140;VOUSSAC;France
89270;VOUTENAY SUR CURE;France
19130;VOUTEZAC;France
16220;VOUTHON;France
55130;VOUTHON BAS;France
55130;VOUTHON HAUT;France
53600;VOUTRE;France
85120;VOUVANT;France
01200;VOUVRAY;France
37210;VOUVRAY;France
72160;VOUVRAY SUR HUISNE;France
72500;VOUVRAY SUR LOIR;France
88170;VOUXEY;France
86170;VOUZAILLES;France
16410;VOUZAN;France
18330;VOUZERON;France
08400;VOUZIERS;France
41600;VOUZON;France
51130;VOUZY;France
28150;VOVES;France
74350;VOVRAY EN BORNES;France
02250;VOYENNE;France
80400;VOYENNES;France
57560;VOYER;France
80240;VRAIGNES EN VERMANDOIS;France
80640;VRAIGNES LES HORNOY;France
52310;VRAINCOURT;France
27370;VRAIVILLE;France
50330;VRASVILLE;France
51150;VRAUX;France
88140;VRECOURT;France
59870;VRED;France
70150;VREGILLE;France
02880;VREGNY;France
80170;VRELY;France
57640;VREMY;France
39700;VRIANGE;France
08330;VRIGNE AUX BOIS;France
08350;VRIGNE MEUSE;France
45300;VRIGNY;France
51390;VRIGNY;France
61570;VRIGNY;France
49440;VRITZ;France
08400;VRIZY;France
60112;VROCOURT;France
51330;VROIL;France
80120;VRON;France
54330;VRONCOURT;France
52240;VRONCOURT LA COTE;France
88500;VROVILLE;France
57640;VRY;France
44640;VUE;France
25840;VUILLAFANS;France
25300;VUILLECIN;France
02880;VUILLERY;France
10160;VULAINES;France
77160;VULAINES LES PROVINS;France
77870;VULAINES SUR SEINE;France
74520;VULBENS;France
57420;VULMONT;France
39360;VULVOZ;France
70130;VY LE FERROUX;France
70230;VY LES FILAIN;France
70200;VY LES LURE;France
70120;VY LES RUPT;France
70400;VYANS LE VAL;France
25430;VYT LES BELVOIR;France
