02220;MAAST ET VIOLAINE;France
52500;MAATZ;France
42300;MABLY;France
33460;MACAU;France
64240;MACAYE;France
61500;MACE;France
10300;MACEY;France
50170;MACEY;France
08310;MACHAULT;France
77133;MACHAULT;France
85190;MACHE;France
44270;MACHECOUL;France
02350;MACHECOURT;France
60150;MACHEMONT;France
57730;MACHEREN;France
42114;MACHEZAL;France
80150;MACHIEL;France
74140;MACHILLY;France
10320;MACHY;France
80150;MACHY;France
20248;MACINAGGIO;France
67390;MACKENHEIM;France
67430;MACKWILLER;France
42520;MACLAS;France
51210;MACLAUNAY;France
02470;MACOGNY;France
71870;MACON;France
52300;MACONCOURT;France
88170;MACONCOURT;France
21320;MACONGE;France
39570;MACORNAY;France
73210;MACOT LA PLAGNE;France
17490;MACQUEVILLE;France
02120;MACQUIGNY;France
47360;MADAILLAN;France
88270;MADECOURT;France
88450;MADEGNEY;France
15210;MADIC;France
09100;MADIERE;France
33670;MADIRAC;France
65700;MADIRAN;France
88270;MADONNE ET LAMEREY;France
19470;MADRANGES;France
53250;MADRE;France
63340;MADRIAT;France
22340;MAEL CARHAIX;France
22160;MAEL PESTIVIEN;France
67700;MAENNOLSHEIM;France
95560;MAFFLIERS;France
51800;MAFFRECOURT;France
06520;MAGAGNOSC;France
34480;MAGALAS;France
51530;MAGENTA;France
40140;MAGESCQ;France
74300;MAGLAND;France
87380;MAGNAC BOURG;France
87190;MAGNAC LAVAL;France
16320;MAGNAC LAVALETTE VILLARS;France
16600;MAGNAC SUR TOUVRE;France
32110;MAGNAN;France
10110;MAGNANT;France
78200;MAGNANVILLE;France
32380;MAGNAS;France
23260;MAGNAT L ETRANGE;France
79460;MAGNE;France
86160;MAGNE;France
03260;MAGNET;France
51170;MAGNEUX;France
52130;MAGNEUX;France
42600;MAGNEUX HAUTE RIVE;France
50260;MAGNEVILLE;France
10240;MAGNICOURT;France
62127;MAGNICOURT EN COMTE;France
62270;MAGNICOURT SUR CANCHE;France
21230;MAGNIEN;France
54129;MAGNIERES;France
01300;MAGNIEU;France
70300;MAGNIVRAY;France
70800;MAGNONCOURT;France
28120;MAGNY;France
68210;MAGNY;France
89200;MAGNY;France
25360;MAGNY CHATELARD;France
58470;MAGNY COURS;France
70200;MAGNY DANIGON;France
14400;MAGNY EN BESSIN;France
95420;MAGNY EN VEXIN;France
10140;MAGNY FOUCHARD;France
70200;MAGNY JOBERT;France
14270;MAGNY LA CAMPAGNE;France
02420;MAGNY LA FOSSE;France
21140;MAGNY LA VILLE;France
21450;MAGNY LAMBERT;France
61600;MAGNY LE DESERT;France
14270;MAGNY LE FREULE;France
77700;MAGNY LE HONGRE;France
21170;MAGNY LES AUBIGNY;France
78114;MAGNY LES HAMEAUX;France
70500;MAGNY LES JUSSEY;France
21700;MAGNY LES VILLERS;France
58800;MAGNY LORMES;France
21130;MAGNY MONTARLOT;France
21310;MAGNY ST MEDARD;France
21110;MAGNY SUR TILLE;France
70200;MAGNY VERNOIS;France
22480;MAGOAR;France
11300;MAGRIE;France
81220;MAGRIN;France
68510;MAGSTATT LE BAS;France
68510;MAGSTATT LE HAUT;France
29790;MAHALON;France
61380;MAHERU;France
25120;MAICHE;France
54700;MAIDIERES;France
32310;MAIGNAUT TAUZIA;France
72210;MAIGNE;France
60420;MAIGNELAY MONTIGNY;France
11120;MAILHAC;France
87160;MAILHAC SUR BENAIZE;France
81130;MAILHOC;France
31310;MAILHOLAS;France
13910;MAILLANE;France
40120;MAILLAS;France
01430;MAILLAT;France
37800;MAILLE;France
85420;MAILLE;France
86190;MAILLE;France
28170;MAILLEBOIS;France
40120;MAILLERES;France
70240;MAILLERONCOURT CHARETTE;France
70210;MAILLERONCOURT ST PANCRAS;France
03190;MAILLET;France
36340;MAILLET;France
70000;MAILLEY ET CHAZELOT;France
85420;MAILLEZAIS;France
89100;MAILLOT;France
71340;MAILLY;France
51500;MAILLY CHAMPAGNE;France
89270;MAILLY LA VILLE;France
10230;MAILLY LE CAMP;France
89660;MAILLY LE CHATEAU;France
80560;MAILLY MAILLET;France
80110;MAILLY RAINEVAL;France
54610;MAILLY SUR SEILLE;France
60600;MAIMBEVILLE;France
08220;MAINBRESSON;France
08220;MAINBRESSY;France
78720;MAINCOURT SUR YVETTE;France
77950;MAINCY;France
16230;MAINE DE BOIXE;France
16250;MAINFONDS;France
59233;MAING;France
27150;MAINNEVILLE;France
23700;MAINSAT;France
62870;MAINTENAY;France
28130;MAINTENON;France
28270;MAINTERNE;France
54150;MAINVILLE;France
91210;MAINVILLE;France
57380;MAINVILLERS;France
28300;MAINVILLIERS;France
45330;MAINVILLIERS;France
16200;MAINXE;France
16380;MAINZAC;France
86270;MAIRE;France
79190;MAIRE LEVESCAULT;France
59600;MAIRIEUX;France
08140;MAIRY;France
54150;MAIRY MAINVILLE;France
51240;MAIRY SUR MARNE;France
44690;MAISDON SUR SEVRE;France
21400;MAISEY LE DUC;France
25290;MAISIERES NOTRE DAME;France
80220;MAISNIERES;France
62130;MAISNIL;France
62620;MAISNIL LES RUITZ;France
39260;MAISOD;France
10140;MAISON DES CHAMPS;France
23800;MAISON FEYNE;France
61110;MAISON MAUGIS;France
80150;MAISON PONTHIEU;France
80135;MAISON ROLAND;France
77370;MAISON ROUGE;France
62310;MAISONCELLE;France
08450;MAISONCELLE ET VILLERS;France
60112;MAISONCELLE ST PIERRE;France
60480;MAISONCELLE TUILERIE;France
52240;MAISONCELLES;France
72440;MAISONCELLES;France
53170;MAISONCELLES DU MAINE;France
77580;MAISONCELLES EN BRIE;France
77570;MAISONCELLES EN GATINAIS;France
14500;MAISONCELLES LA JOURDAN;France
14310;MAISONCELLES PELVEY;France
14210;MAISONCELLES SUR AJON;France
18170;MAISONNAIS;France
87440;MAISONNAIS SUR TARDOIRE;France
79500;MAISONNAY;France
86170;MAISONNEUVE;France
23150;MAISONNISSES;France
11330;MAISONS;France
14400;MAISONS;France
28700;MAISONS;France
94700;MAISONS ALFORT;France
25650;MAISONS DU BOIS LIEVREMONT;France
51300;MAISONS EN CHAMPAGNE;France
78600;MAISONS LAFFITTE;France
10210;MAISONS LES CHAOURCE;France
10200;MAISONS LES SOULAINES;France
67220;MAISONSGOUTTE;France
79600;MAISONTIERS;France
91720;MAISSE;France
02490;MAISSEMY;France
14450;MAISY;France
54370;MAIXE;France
55160;MAIZERAY;France
57530;MAIZEROY;France
57530;MAIZERY;France
14210;MAIZET;France
55300;MAIZEY;France
80370;MAIZICOURT;France
14190;MAIZIERES;France
52300;MAIZIERES;France
54550;MAIZIERES;France
58150;MAIZIERES;France
62127;MAIZIERES;France
70190;MAIZIERES;France
10510;MAIZIERES LA GRANDE PAROISSE;France
10500;MAIZIERES LES BRIENNE;France
57280;MAIZIERES LES METZ;France
57810;MAIZIERES LES VIC;France
52500;MAIZIERES SUR AMANCE;France
42750;MAIZILLY;France
02160;MAIZY;France
04270;MAJASTRES;France
32730;MALABAT;France
01340;MALAFRETAZ;France
21410;MALAIN;France
88140;MALAINCOURT;France
52150;MALAINCOURT SUR MEUSE;France
92240;MALAKOFF;France
55270;MALANCOURT;France
57860;MALANCOURT LA MONTAGNE;France
08370;MALANDRY;France
39700;MALANGE;France
25330;MALANS;France
70140;MALANS;France
56220;MALANSAC;France
07140;MALARCE SUR LA THINES;France
26780;MALATAVERNE;France
84340;MALAUCENE;France
57590;MALAUCOURT SUR SEILLE;France
55200;MALAUMONT;France
76770;MALAUNAY;France
82200;MALAUSE;France
64410;MALAUSSANNE;France
06710;MALAUSSENE;France
63200;MALAUZAT;France
54560;MALAVILLERS;France
71460;MALAY;France
89100;MALAY LE GRAND;France
89100;MALAY LE PETIT;France
15230;MALBO;France
07140;MALBOSC;France
70200;MALBOUHANS;France
48270;MALBOUZON;France
25620;MALBRANS;France
25160;MALBUISSON;France
61260;MALE;France
09500;MALEGOUDE;France
84570;MALEMORT DU COMTAT;France
19360;MALEMORT SUR CORREZE;France
45330;MALESHERBES;France
56140;MALESTROIT;France
61290;MALETABLE;France
12350;MALEVILLE;France
56300;MALGUENAC;France
36340;MALICORNAY;France
03600;MALICORNE;France
89120;MALICORNE;France
72270;MALICORNE SUR SARTHE;France
21230;MALIGNY;France
89800;MALIGNY;France
04350;MALIJAI;France
59127;MALINCOURT;France
63510;MALINTRAT;France
26120;MALISSARD;France
16120;MALLAVILLE;France
04230;MALLEFOUGASSE AUGES;France
54670;MALLELOY;France
04510;MALLEMOISSON;France
13370;MALLEMORT;France
09120;MALLEON;France
23260;MALLERET;France
23600;MALLERET BOUSSAC;France
39190;MALLEREY;France
38470;MALLEVAL;France
42520;MALLEVAL;France
76450;MALLEVILLE LES GRES;France
27800;MALLEVILLE SUR LE BEC;France
85590;MALLIEVRE;France
57480;MALLING;France
14350;MALLOUE;France
68550;MALMERSPACH;France
08450;MALMY;France
51800;MALMY;France
77184;MALNOUE;France
59240;MALO LES BAINS;France
30450;MALONS ET ELZE;France
27300;MALOUY;France
80250;MALPART;France
25160;MALPAS;France
11300;MALRAS;France
43800;MALREVERS;France
57640;MALROY;France
71140;MALTAT;France
14930;MALTOT;France
23220;MALVAL;France
43210;MALVALETTE;France
11600;MALVES EN MINERVOIS;France
31510;MALVEZIE;France
43160;MALVIERES;France
11300;MALVIES;France
44260;MALVILLE;France
70120;MALVILLERS;France
54220;MALZEVILLE;France
02120;MALZY;France
25150;MAMBOUHANS;France
72600;MAMERS;France
62120;MAMETZ;France
80300;MAMETZ;France
54470;MAMEY;France
25620;MAMIROLLE;France
26160;MANAS;France
32170;MANAS BASTANOUS;France
24620;MANAURIE;France
54150;MANCE;France
25250;MANCENANS;France
25120;MANCENANS LIZERNE;France
71240;MANCEY;France
45300;MANCHECOURT;France
32370;MANCIET;France
54790;MANCIEULLES;France
31360;MANCIOUX;France
51530;MANCY;France
24560;MANDACOU;France
30120;MANDAGOUT;France
15590;MANDAILLES ST JULIEN;France
06210;MANDELIEU LA NAPOULE;France
57480;MANDEREN;France
25350;MANDEURE;France
27370;MANDEVILLE;France
14710;MANDEVILLE EN BESSIN;France
88650;MANDRAY;France
27130;MANDRES;France
54470;MANDRES AUX QUATRE TOURS;France
55290;MANDRES EN BARROIS;France
52800;MANDRES LA COTE;France
94520;MANDRES LES ROSES;France
88800;MANDRES SUR VAIR;France
70400;MANDREVILLARS;France
30129;MANDUEL;France
04300;MANE;France
31260;MANE;France
76133;MANEGLISE;France
76590;MANEHOUVILLE;France
32140;MANENT MONTANE;France
14340;MANERBE;France
55150;MANGIENNES;France
63270;MANGLIEU;France
54290;MANGONVILLE;France
12160;MANHAC;France
55160;MANHEULLES;France
57590;MANHOUE;France
02300;MANICAMP;France
80190;MANICOURT;France
74230;MANIGOD;France
62810;MANIN;France
62650;MANINGHEM;France
62250;MANINGHEN HENNE;France
76400;MANIQUERVILLE;France
21430;MANLAY;France
76460;MANNEVILLE ES PLAINS;France
76110;MANNEVILLE LA GOUPIL;France
14130;MANNEVILLE LA PIPARD;France
27210;MANNEVILLE LA RAOULT;France
27500;MANNEVILLE SUR RISLE;France
76290;MANNEVILLETTE;France
40410;MANO;France
52700;MANOIS;France
57100;MANOM;France
54210;MANONCOURT EN VERMOIS;France
54385;MANONCOURT EN WOEVRE;France
54610;MANONCOURT SUR SEILLE;France
54385;MANONVILLE;France
54300;MANONVILLER;France
04100;MANOSQUE;France
16500;MANOT;France
28240;MANOU;France
08400;MANRE;France
19520;MANSAC;France
65140;MANSAN;France
23400;MANSAT LA COURRIERE;France
32120;MANSEMPUY;France
32310;MANSENCOME;France
09500;MANSES;France
72510;MANSIGNE;France
16230;MANSLE;France
20245;MANSO;France
63122;MANSON;France
82120;MANSONVILLE;France
68210;MANSPACH;France
40700;MANT;France
22450;MANTALLOT;France
01560;MANTENAY MONTLIN;France
78200;MANTES LA JOLIE;France
78711;MANTES LA VILLE;France
66360;MANTET;France
05400;MANTEYER;France
37240;MANTHELAN;France
27240;MANTHELON;France
26210;MANTHES;France
61350;MANTILLY;France
70100;MANTOCHE;France
39230;MANTRY;France
14117;MANVIEUX;France
57380;MANY;France
24110;MANZAC SUR VERN;France
63410;MANZAT;France
01570;MANZIAT;France
11090;MAQUENS;France
52260;MARAC;France
88130;MARAINVILLE SUR MADON;France
54300;MARAINVILLER;France
27680;MARAIS VERNIER;France
32190;MARAMBAT;France
21270;MARANDEUIL;France
57535;MARANGE SILVANGE;France
57690;MARANGE ZONDRANGE;France
39270;MARANGEA;France
17230;MARANS;France
49500;MARANS;France
33230;MARANSIN;France
62170;MARANT;France
52370;MARANVILLE;France
08460;MARANWEZ;France
70110;MARAST;France
63480;MARAT;France
20123;MARATO;France
52310;MARAULT;France
34370;MARAUSSAN;France
32120;MARAVAT;France
41320;MARAY;France
10160;MARAYE EN OTHE;France
54820;MARBACHE;France
59440;MARBAIX;France
27110;MARBEUF;France
52320;MARBEVILLE;France
55300;MARBOTTE;France
28200;MARBOUE;France
01851;MARBOZ;France
08260;MARBY;France
19150;MARC LA TOUR;France
18170;MARCAIS;France
37500;MARCAY;France
86370;MARCAY;France
49140;MARCE;France
37160;MARCE SUR ESVES;France
61570;MARCEI;France
80720;MARCELCAVE;France
74250;MARCELLAZ;France
74150;MARCELLAZ ALBANAIS;France
21350;MARCELLOIS;France
47200;MARCELLUS;France
33620;MARCENAIS;France
03260;MARCENAT;France
15190;MARCENAT;France
21330;MARCENAY;France
42140;MARCENOD;France
50300;MARCEY LES GREVES;France
61290;MARCHAINVILLE;France
02350;MARCHAIS;France
89120;MARCHAIS BETON;France
02540;MARCHAIS EN BRIE;France
15270;MARCHAL;France
01680;MARCHAMP;France
69430;MARCHAMPT;France
15400;MARCHASTEL;France
48260;MARCHASTEL;France
25640;MARCHAUX;France
80700;MARCHE ALLOUARDE;France
80200;MARCHELEPOT;France
61170;MARCHEMAISONS;France
77230;MARCHEMORET;France
41370;MARCHENOIR;France
33380;MARCHEPRIME;France
26300;MARCHES;France
21430;MARCHESEUIL;France
50190;MARCHESIEUX;France
28120;MARCHEVILLE;France
80150;MARCHEVILLE;France
55160;MARCHEVILLE EN WOEVRE;France
28410;MARCHEZAIS;France
59870;MARCHIENNES;France
32230;MARCIAC;France
38350;MARCIEU;France
73470;MARCIEUX;France
71110;MARCIGNY;France
21390;MARCIGNY SOUS THIL;France
46160;MARCILHAC SUR CELE;France
33860;MARCILLAC;France
19320;MARCILLAC LA CROISILLE;France
19500;MARCILLAC LA CROZE;France
16140;MARCILLAC LANVILLE;France
24200;MARCILLAC ST QUENTIN;France
12330;MARCILLAC VALLON;France
63440;MARCILLAT;France
03420;MARCILLAT EN COMBRAILLE;France
53440;MARCILLE LA VILLE;France
35560;MARCILLE RAOUL;France
35240;MARCILLE ROBERT;France
38260;MARCILLOLES;France
50220;MARCILLY;France
77139;MARCILLY;France
69380;MARCILLY D AZERGUES;France
52360;MARCILLY EN BASSIGNY;France
41100;MARCILLY EN BEAUCE;France
41210;MARCILLY EN GAULT;France
45240;MARCILLY EN VILLETTE;France
27320;MARCILLY LA CAMPAGNE;France
71120;MARCILLY LA GUEURCE;France
42130;MARCILLY LE CHATEL;France
10290;MARCILLY LE HAYER;France
71390;MARCILLY LES BUXY;France
21350;MARCILLY LES VITTEAUX;France
21320;MARCILLY OGNY;France
27810;MARCILLY SUR EURE;France
37330;MARCILLY SUR MAULNE;France
51260;MARCILLY SUR SEINE;France
21120;MARCILLY SUR TILLE;France
37800;MARCILLY SUR VIENNE;France
62730;MARCK;France
67390;MARCKOLSHEIM;France
42210;MARCLOPT;France
59159;MARCOING;France
15220;MARCOLES;France
38270;MARCOLLIN;France
07190;MARCOLS LES EAUX;France
72340;MARCON;France
62140;MARCONNE;France
62140;MARCONNELLE;France
11120;MARCORIGNAN;France
30200;MARCOULE;France
91460;MARCOUSSIS;France
04420;MARCOUX;France
42130;MARCOUX;France
08250;MARCQ;France
78770;MARCQ;France
59700;MARCQ EN BAROEUL;France
59252;MARCQ EN OSTREVENT;France
02720;MARCY;France
58210;MARCY;France
69480;MARCY;France
69280;MARCY L ETOILE;France
02250;MARCY SOUS MARLE;France
51530;MARDEUIL;France
45430;MARDIE;France
61230;MARDILLY;France
52200;MARDOR;France
69240;MARDORE;France
59279;MARDYCK;France
45300;MAREAU AUX BOIS;France
45370;MAREAU AUX PRES;France
72540;MAREIL EN CHAMPAGNE;France
95850;MAREIL EN FRANCE;France
78490;MAREIL LE GUYON;France
78750;MAREIL MARLY;France
72200;MAREIL SUR LOIR;France
78124;MAREIL SUR MAULDRE;France
52700;MAREILLES;France
62990;MARENLA;France
17320;MARENNES;France
69970;MARENNES;France
72170;MARESCHE;France
59990;MARESCHES;France
62990;MARESQUEL ECQUEMICOURT;France
62550;MAREST;France
02300;MAREST DAMPCOURT;France
60490;MAREST SUR MATZ;France
32490;MARESTAING;France
80500;MARESTMONTIERS;France
62630;MARESVILLE;France
59238;MARETZ;France
63340;MAREUGHEOL;France
16170;MAREUIL;France
24340;MAREUIL;France
80132;MAREUIL CAUBERT;France
51270;MAREUIL EN BRIE;France
02130;MAREUIL EN DOLE;France
60490;MAREUIL LA MOTTE;France
51700;MAREUIL LE PORT;France
77100;MAREUIL LES MEAUX;France
18290;MAREUIL SUR ARNON;France
51160;MAREUIL SUR AY;France
41110;MAREUIL SUR CHER;France
85320;MAREUIL SUR LAY DISSAIS;France
60890;MAREUIL SUR OURCQ;France
88320;MAREY;France
21700;MAREY LES FUSSEY;France
21120;MAREY SUR TILLE;France
51170;MARFAUX;France
02140;MARFONTAINE;France
01800;MARFOZ;France
33460;MARGAUX;France
74200;MARGENCEL;France
95580;MARGENCY;France
19200;MARGERIDES;France
42560;MARGERIE CHANTAGRET;France
51290;MARGERIE HANCOURT;France
26260;MARGES;France
70600;MARGILLEY;France
02880;MARGIVAL;France
08370;MARGNY;France
51210;MARGNY;France
60310;MARGNY AUX CERISES;France
60280;MARGNY LES COMPIEGNE;France
60490;MARGNY SUR MATZ;France
28400;MARGON;France
34320;MARGON;France
32290;MARGOUET MEYMES;France
50410;MARGUERAY;France
30320;MARGUERITTES;France
33220;MARGUERON;France
32150;MARGUESTAU;France
08370;MARGUT;France
08270;MARGY;France
07160;MARIAC;France
04420;MARIAUD;France
80360;MARICOURT;France
06420;MARIE;France
57600;MARIENAU;France
67500;MARIENTHAL;France
57420;MARIEULLES;France
80560;MARIEUX;France
39240;MARIGNA SUR VALOUSE;France
17800;MARIGNAC;France
31440;MARIGNAC;France
82500;MARIGNAC;France
26150;MARIGNAC EN DIOIS;France
31430;MARIGNAC LASCLARES;France
31220;MARIGNAC LASPEYRES;France
20141;MARIGNANA;France
13700;MARIGNANE;France
49330;MARIGNE;France
72220;MARIGNE LAILLE;France
53200;MARIGNE PEUTON;France
74970;MARIGNIER;France
01300;MARIGNIEU;France
03210;MARIGNY;France
39130;MARIGNY;France
50570;MARIGNY;France
51230;MARIGNY;France
71690;MARIGNY;France
79360;MARIGNY;France
86380;MARIGNY BRIZAY;France
86370;MARIGNY CHEMEREAU;France
02810;MARIGNY EN ORXOIS;France
58140;MARIGNY L EGLISE;France
21150;MARIGNY LE CAHOUET;France
10350;MARIGNY LE CHATEL;France
21200;MARIGNY LES REULLEE;France
45760;MARIGNY LES USAGES;France
37120;MARIGNY MARMANDE;France
74150;MARIGNY ST MARCEL;France
58800;MARIGNY SUR YONNE;France
16110;MARILLAC LE FRANC;France
85240;MARILLET;France
33430;MARIMBAULT;France
57670;MARIMONT LES BENESTROFF;France
74200;MARIN;France
95640;MARINES;France
42140;MARINGES;France
63350;MARINGUES;France
03270;MARIOL;France
33690;MARIONS;France
71220;MARIZY;France
02470;MARIZY ST MARD;France
02470;MARIZY STE GENEVIEVE;France
68610;MARKSTEIN;France
02250;MARLE;France
08290;MARLEMONT;France
67520;MARLENHEIM;France
74210;MARLENS;France
80590;MARLERS;France
77610;MARLES EN BRIE;France
62540;MARLES LES MINES;France
62170;MARLES SUR CANCHE;France
42660;MARLHES;France
31550;MARLIAC;France
21110;MARLIENS;France
01240;MARLIEUX;France
74270;MARLIOZ;France
57155;MARLY;France
59770;MARLY;France
02120;MARLY GOMONT;France
95670;MARLY LA VILLE;France
78160;MARLY LE ROI;France
71760;MARLY SOUS ISSY;France
71420;MARLY SUR ARROUX;France
18500;MARMAGNE;France
21500;MARMAGNE;France
71710;MARMAGNE;France
47200;MARMANDE;France
15250;MARMANHAC;France
89420;MARMEAUX;France
52120;MARMESSE;France
46250;MARMINIAC;France
47220;MARMONT PACHAS;France
61240;MARMOUILLE;France
67440;MARMOUTIER;France
24220;MARNAC;France
69240;MARNAND;France
38980;MARNANS;France
81170;MARNAVES;France
70150;MARNAY;France
71240;MARNAY;France
86160;MARNAY;France
52800;MARNAY SUR MARNE;France
10400;MARNAY SUR SEINE;France
74460;MARNAZ;France
61550;MARNEFER;France
79600;MARNES;France
92430;MARNES LA COQUETTE;France
39270;MARNEZIA;France
12540;MARNHAGUES ET LATOUR;France
39110;MARNOZ;France
62161;MAROEUIL;France
59550;MAROILLES;France
14100;MAROLLES;France
41330;MAROLLES;France
51300;MAROLLES;France
60890;MAROLLES;France
91150;MAROLLES EN BEAUCE;France
77120;MAROLLES EN BRIE;France
94440;MAROLLES EN BRIE;France
91630;MAROLLES EN HUREPOIX;France
10110;MAROLLES LES BAILLY;France
72260;MAROLLES LES BRAULTS;France
28400;MAROLLES LES BUIS;France
72120;MAROLLES LES ST CALAIS;France
10130;MAROLLES SOUS LIGNIERES;France
77130;MAROLLES SUR SEINE;France
72600;MAROLLETTE;France
42560;MAROLS;France
76150;MAROMME;France
36120;MARON;France
54230;MARON;France
88270;MARONCOURT;France
22400;MAROUE;France
39290;MARPAIN;France
40330;MARPAPS;France
59164;MARPENT;France
35220;MARPIRE;France
80240;MARQUAIX;France
24620;MARQUAY;France
62127;MARQUAY;France
31390;MARQUEFAVE;France
60490;MARQUEGLISE;France
11410;MARQUEIN;France
65350;MARQUERIE;France
76390;MARQUES;France
59252;MARQUETTE EN OSTREVANT;France
59520;MARQUETTE LEZ LILLE;France
08390;MARQUIGNY;France
59274;MARQUILLIES;France
62860;MARQUION;France
62250;MARQUISE;France
80700;MARQUIVILLERS;France
66320;MARQUIXANES;France
37370;MARRAY;France
55100;MARRE;France
07320;MARS;France
30120;MARS;France
42750;MARS;France
54800;MARS LA TOUR;France
08400;MARS SOUS BOURCQ;France
58240;MARS SUR ALLIER;France
11140;MARSA;France
16570;MARSAC;France
23210;MARSAC;France
65500;MARSAC;France
82120;MARSAC;France
63940;MARSAC EN LIVRADOIS;France
44170;MARSAC SUR DON;France
24430;MARSAC SUR L ISLE;France
45300;MARSAINVILLIERS;France
17700;MARSAIS;France
85570;MARSAIS STE RADEGONDE;France
57630;MARSAL;France
81430;MARSAL;France
24540;MARSALES;France
32270;MARSAN;France
24750;MARSANEIX;France
51260;MARSANGIS;France
89500;MARSANGY;France
21160;MARSANNAY LA COTE;France
21380;MARSANNAY LE BOIS;France
26740;MARSANNE;France
33620;MARSAS;France
65200;MARSAS;France
63200;MARSAT;France
26260;MARSAZ;France
32170;MARSEILLAN;France
34340;MARSEILLAN;France
65350;MARSEILLAN;France
34340;MARSEILLAN PLAGE;France
13000;MARSEILLE;France
13010;MARSEILLE;France
13011;MARSEILLE;France
13012;MARSEILLE;France
13013;MARSEILLE;France
13014;MARSEILLE;France
13015;MARSEILLE;France
13016;MARSEILLE;France
13001;MARSEILLE;France
13002;MARSEILLE;France
13003;MARSEILLE;France
13004;MARSEILLE;France
13005;MARSEILLE;France
13006;MARSEILLE;France
13007;MARSEILLE;France
13008;MARSEILLE;France
13009;MARSEILLE;France
60690;MARSEILLE EN BEAUVAISIS;France
18320;MARSEILLES LES AUBIGNY;France
11800;MARSEILLETTE;France
34590;MARSILLARGUES;France
17137;MARSILLY;France
57530;MARSILLY;France
78540;MARSINVAL;France
32700;MARSOLAN;France
51240;MARSON;France
55190;MARSON SUR BARBOURE;France
01340;MARSONNAS;France
31260;MARSOULAS;France
65400;MARSOUS;France
57700;MARSPICH;France
81150;MARSSAC SUR TARN;France
27150;MARTAGNY;France
71700;MARTAILLY LES BRANCION;France
80140;MARTAINNEVILLE;France
14220;MARTAINVILLE;France
27210;MARTAINVILLE;France
76116;MARTAINVILLE EPREVILLE;France
86330;MARTAIZE;France
46600;MARTEL;France
74480;MARTEL DE JANVILLE;France
54330;MARTHEMONT;France
57340;MARTHILLE;France
73400;MARTHOD;France
16380;MARTHON;France
12200;MARTIEL;France
39260;MARTIGNA;France
30360;MARTIGNARGUES;France
33127;MARTIGNAS SUR JALLE;France
01810;MARTIGNAT;France
49540;MARTIGNE BRIAND;France
35640;MARTIGNE FERCHAUD;France
53470;MARTIGNE SUR MAYENNE;France
02500;MARTIGNY;France
50600;MARTIGNY;France
76880;MARTIGNY;France
02860;MARTIGNY COURPIERRE;France
71220;MARTIGNY LE COMTE;France
88320;MARTIGNY LES BAINS;France
88300;MARTIGNY LES GERBONVAUX;France
14700;MARTIGNY SUR L ANTE;France
13500;MARTIGUES;France
33650;MARTILLAC;France
76370;MARTIN EGLISE;France
54380;MARTINCOURT;France
60112;MARTINCOURT;France
55700;MARTINCOURT SUR MEUSE;France
85150;MARTINET;France
62450;MARTINPUICH;France
50690;MARTINVAST;France
88410;MARTINVELLE;France
31230;MARTISSERRE;France
36220;MARTIZAY;France
27340;MARTOT;France
14740;MARTRAGNY;France
33760;MARTRES;France
31210;MARTRES DE RIVIERE;France
63720;MARTRES SUR MORGE;France
31220;MARTRES TOLOSANE;France
12550;MARTRIN;France
21320;MARTROIS;France
30350;MARUEJOLS LES GARDON;France
87440;MARVAL;France
08400;MARVAUX VIEUX;France
48100;MARVEJOLS;France
25250;MARVELISE;France
55600;MARVILLE;France
28170;MARVILLE LES BOIS;France
28500;MARVILLE MOUTIERS BRULE;France
71690;MARY;France
77440;MARY SUR MARNE;France
56130;MARZAN;France
81500;MARZENS;France
58180;MARZY;France
13103;MAS BLANC DES ALPILLES;France
11380;MAS CABARDES;France
32700;MAS D AUVIGNON;France
48190;MAS D ORCIERES;France
48800;MAS DE LA BARQUE;France
34380;MAS DE LONDRES;France
11570;MAS DES COURS;France
82600;MAS GRENIER;France
11400;MAS SAINTES PUELLES;France
48210;MAS ST CHELY;France
13104;MAS THIBERT;France
23400;MASBARAUD MERIGNAT;France
64330;MASCARAAS HARON;France
32230;MASCARAS;France
65190;MASCARAS;France
31460;MASCARVILLE;France
46350;MASCLAT;France
68290;MASEVAUX;France
64300;MASLACQ;France
87130;MASLEON;France
41250;MASLIVES;France
59241;MASNIERES;France
59176;MASNY;France
64120;MASPARRAUTE;France
64350;MASPIE LALONQUERE JUILLACQ;France
47370;MASQUIERES;France
31310;MASSABRAC;France
11330;MASSAC;France
17490;MASSAC;France
81500;MASSAC SERAN;France
81110;MASSAGUEL;France
79150;MASSAIS;France
81250;MASSALS;France
30350;MASSANES;France
89440;MASSANGIS;France
09320;MASSAT;France
18120;MASSAY;France
33690;MASSEILLES;France
47140;MASSELS;France
44290;MASSERAC;France
19510;MASSERET;France
32140;MASSEUBE;France
15500;MASSIAC;France
38620;MASSIEU;France
01600;MASSIEUX;France
51800;MASSIGES;France
16310;MASSIGNAC;France
01300;MASSIGNIEU DE RIVES;France
30140;MASSILLARGUES ATTUECH;France
71250;MASSILLY;France
21400;MASSINGY;France
74150;MASSINGY;France
21140;MASSINGY LES SEMUR;France
21350;MASSINGY LES VITTEAUX;France
86170;MASSOGNES;France
06710;MASSOINS;France
74140;MASSONGY;France
47140;MASSOULES;France
33790;MASSUGAS;France
71250;MASSY;France
76270;MASSY;France
91300;MASSY;France
59172;MASTAING;France
01580;MATAFELON GRANGES;France
66210;MATEMALE;France
17160;MATHA;France
10500;MATHAUX;France
25700;MATHAY;France
49140;MATHEFLON;France
39600;MATHENAY;France
14920;MATHIEU;France
52300;MATHONS;France
76680;MATHONVILLE;France
51300;MATIGNICOURT GONCOURT;France
22550;MATIGNON;France
80400;MATIGNY;France
51510;MATOUGUES;France
71520;MATOUR;France
20270;MATRA;France
62310;MATRINGHEM;France
88500;MATTAINCOURT;France
54830;MATTEXEY;France
08110;MATTON ET CLEMENCY;France
67510;MATTSTALL;France
67150;MATZENHEIM;France
38300;MAUBEC;France
82500;MAUBEC;France
84660;MAUBEC;France
08260;MAUBERT FONTAINE;France
59600;MAUBEUGE;France
65700;MAUBOURGUET;France
91730;MAUCHAMPS;France
76680;MAUCOMBLE;France
64160;MAUCOR;France
60640;MAUCOURT;France
80170;MAUCOURT;France
55400;MAUCOURT SUR ORNE;France
95420;MAUDETOUR EN VEXIN;France
34130;MAUGUIO;France
52140;MAULAIN;France
79100;MAULAIS;France
55500;MAULAN;France
86200;MAULAY;France
59158;MAULDE;France
78580;MAULE;France
79700;MAULEON;France
65370;MAULEON BAROUSSE;France
32240;MAULEON D ARMAGNAC;France
64130;MAULEON LICHARRE;France
60480;MAULERS;France
78550;MAULETTE;France
49360;MAULEVRIER;France
76490;MAULEVRIER STE GERTRUDE;France
32400;MAULICHERES;France
44540;MAUMUSSON;France
82120;MAUMUSSON;France
32400;MAUMUSSON LAGUIAN;France
76530;MAUNY;France
10320;MAUPAS;France
21430;MAUPAS;France
32240;MAUPAS;France
77120;MAUPERTHUIS;France
50410;MAUPERTUIS;France
50330;MAUPERTUS SUR MER;France
86460;MAUPREVOIR;France
76440;MAUQUENCHY;France
31220;MAURAN;France
64460;MAURE;France
35330;MAURE DE BRETAGNE;France
78780;MAURECOURT;France
77990;MAUREGARD;France
02820;MAUREGNY EN HAYE;France
34370;MAUREILHAN;France
66480;MAUREILLAS LAS ILLAS;France
31290;MAUREMONT;France
24140;MAURENS;France
31540;MAURENS;France
32200;MAURENS;France
81470;MAURENS SCOPONT;France
78310;MAUREPAS;France
80360;MAUREPAS;France
31190;MAURESSAC;France
30350;MAURESSARGUES;France
31460;MAUREVILLE;France
15200;MAURIAC;France
33540;MAURIAC;France
40320;MAURIES;France
15110;MAURINES;France
59980;MAUROIS;France
56430;MAURON;France
32380;MAUROUX;France
46700;MAUROUX;France
40270;MAURRIN;France
15600;MAURS;France
51340;MAURUPT LE MONTOIS;France
66460;MAURY;France
20259;MAUSOLEO;France
19250;MAUSSAC;France
13520;MAUSSANE LES ALPILLES;France
13520;MAUSSANNE LES ALPILLES;France
70230;MAUSSANS;France
23190;MAUTES;France
55190;MAUVAGES;France
31190;MAUVAISIN;France
07300;MAUVES;France
61400;MAUVES SUR HUISNE;France
44470;MAUVES SUR LOIRE;France
31230;MAUVEZIN;France
32120;MAUVEZIN;France
65130;MAUVEZIN;France
40240;MAUVEZIN D ARMAGNAC;France
09160;MAUVEZIN DE PRAT;France
09230;MAUVEZIN DE STE CROIX;France
47200;MAUVEZIN SUR GUPIE;France
36370;MAUVIERES;France
21510;MAUVILLY;France
58290;MAUX;France
31410;MAUZAC;France
24150;MAUZAC ET GRAND CASTANG;France
79210;MAUZE SUR LE MIGNON;France
79100;MAUZE THOUARSAIS;France
24260;MAUZENS ET MIREMONT;France
63160;MAUZUN;France
41500;MAVES;France
21190;MAVILLY MANDELOT;France
35380;MAXENT;France
54320;MAXEVILLE;France
54320;MAXEVILLE CHAMPLEBOEUF;France
88630;MAXEY SUR MEUSE;France
55140;MAXEY SUR VAISE;France
74500;MAXILLY SUR LEMAN;France
21270;MAXILLY SUR SAONE;France
46090;MAXOU;France
57660;MAXSTADT;France
77145;MAY EN MULTIEN;France
14320;MAY SUR ORNE;France
24420;MAYAC;France
53100;MAYENNE;France
72360;MAYET;France
40250;MAYLIS;France
39190;MAYNAL;France
02800;MAYOT;France
46200;MAYRAC;France
12390;MAYRAN;France
31110;MAYREGNE;France
07330;MAYRES;France
63220;MAYRES;France
38350;MAYRES SAVEL;France
11420;MAYREVILLE;France
46500;MAYRINHAC LENTOUR;France
11220;MAYRONNES;France
60660;MAYSEL;France
76700;MAYVILLE;France
81200;MAZAMET;France
84380;MAZAN;France
07510;MAZAN L ABBAYE;France
41100;MAZANGE;France
83136;MAZAUGUES;France
63230;MAZAYE;France
49630;MAZE;France
23150;MAZEIRAT;France
88150;MAZELEY;France
17400;MAZERAY;France
09270;MAZERES;France
33210;MAZERES;France
65660;MAZERES DE NESTE;France
64110;MAZERES LEZONS;France
31260;MAZERES SUR SALAT;France
03800;MAZERIER;France
08430;MAZERNY;France
16310;MAZEROLLES;France
17800;MAZEROLLES;France
40090;MAZEROLLES;France
64230;MAZEROLLES;France
65220;MAZEROLLES;France
86320;MAZEROLLES;France
11240;MAZEROLLES DU RAZES;France
25170;MAZEROLLES LE SALIN;France
54280;MAZERULLES;France
43520;MAZET ST VOY;France
86110;MAZEUIL;France
43230;MAZEYRAT AUROUZE;France
43300;MAZEYRAT D ALLIER;France
24550;MAZEYROLLES;France
16270;MAZIERES;France
37130;MAZIERES DE TOURAINE;France
79310;MAZIERES EN GATINE;France
49280;MAZIERES EN MAUGES;France
47210;MAZIERES NARESSE;France
79500;MAZIERES SUR BERONNE;France
71250;MAZILLE;France
62670;MAZINGARBE;France
62120;MAZINGHEM;France
59360;MAZINGHIEN;France
33390;MAZION;France
03420;MAZIRAT;France
88500;MAZIROT;France
63420;MAZOIRES;France
65250;MAZOUAU;France
11140;MAZUBY;France
20212;MAZZOLA;France
04240;MEAILLES;France
15200;MEALLET;France
23360;MEASNES;France
28240;MEAUCE;France
38112;MEAUDRE;France
03360;MEAULNE;France
80810;MEAULTE;France
50500;MEAUTIS;France
77100;MEAUX;France
69550;MEAUX LA MONTAGNE;France
82290;MEAUZAC;France
35450;MECE;France
46150;MECHMONT;France
57245;MECLEUVES;France
59570;MECQUIGNIES;France
55300;MECRIN;France
51210;MECRINGES;France
78670;MEDAN;France
61570;MEDAVY;France
63220;MEDEYROLLES;France
25250;MEDIERE;France
16210;MEDILLAC;France
17600;MEDIS;France
88140;MEDONVILLE;France
35360;MEDREAC;France
53400;MEE;France
40990;MEES;France
57220;MEGANGE;France
74120;MEGEVE;France
74490;MEGEVETTE;France
22270;MEGRIT;France
80170;MEHARICOURT;France
64120;MEHARIN;France
41140;MEHERS;France
54360;MEHONCOURT;France
61410;MEHOUDIN;France
18500;MEHUN SUR YEVRE;France
49700;MEIGNE;France
49490;MEIGNE LE VICOMTE;France
77520;MEIGNEUX;France
80590;MEIGNEUX;France
29790;MEILARS;France
87800;MEILHAC;France
32420;MEILHAN;France
40400;MEILHAN;France
47180;MEILHAN SUR GARONNE;France
19510;MEILHARDS;France
63320;MEILHAUD;France
35270;MEILLAC;France
18200;MEILLANT;France
03500;MEILLARD;France
77320;MEILLERAY;France
74500;MEILLERIE;France
03210;MEILLERS;France
08700;MEILLIER FONTAINE;France
64510;MEILLON;France
01370;MEILLONNAS;France
21320;MEILLY SUR ROUVRES;France
57960;MEISENTHAL;France
67210;MEISTRATZHEIM;France
30430;MEJANNES LE CLAP;France
30340;MEJANNES LES ALES;France
20112;MELA;France
12360;MELAGUES;France
76170;MELAMARE;France
04380;MELAN;France
49120;MELAY;France
52400;MELAY;France
71340;MELAY;France
70110;MELECEY;France
35520;MELESSE;France
29140;MELGVEN;France
60150;MELICOCQ;France
27390;MELICOURT;France
55190;MELIGNY LE GRAND;France
55190;MELIGNY LE PETIT;France
70120;MELIN;France
70210;MELINCOURT;France
70270;MELISEY;France
89430;MELISEY;France
12120;MELJAC;France
29300;MELLAC;France
35420;MELLE;France
79500;MELLE;France
71640;MELLECEY;France
79190;MELLERAN;France
72320;MELLERAY;France
53110;MELLERAY LA VALLEE;France
45220;MELLEROY;France
31440;MELLES;France
76260;MELLEVILLE;France
22110;MELLIONNEC;France
60660;MELLO;France
21190;MELOISEY;France
56310;MELRAND;France
67270;MELSHEIM;France
77000;MELUN;France
04250;MELVE;France
12400;MELVIEU;France
77171;MELZ SUR SEINE;France
70180;MEMBREY;France
41240;MEMBROLLES;France
88600;MEMENIL;France
67250;MEMMELSHOFFEN;France
89450;MENADES;France
95000;MENANDON;France
88700;MENARMONT;France
41500;MENARS;France
63560;MENAT;France
55500;MENAUCOURT;France
62310;MENCAS;France
67340;MENCHHOFFEN;France
48000;MENDE;France
64240;MENDIONDE;France
64130;MENDITTE;France
64220;MENDIVE;France
56490;MENEAC;France
84560;MENERBES;France
76220;MENERVAL;France
78200;MENERVILLE;France
21290;MENESBLE;France
80520;MENESLIES;France
24700;MENESPLET;France
27850;MENESQUEVILLE;France
21430;MENESSAIRE;France
58410;MENESTREAU;France
45240;MENESTREAU EN VILLETTE;France
15400;MENET;France
18320;MENETOU COUTURE;France
18300;MENETOU RATEL;France
18510;MENETOU SALON;France
36210;MENETOU SUR NAHON;France
18300;MENETREOL SOUS SANCERRE;France
18700;MENETREOL SUR SAULDRE;France
36150;MENETREOLS SOUS VATAN;France
71470;MENETREUIL;France
21150;MENETREUX LE PITOIS;France
63200;MENETROL;France
39210;MENETRU LE VIGNOBLE;France
39130;MENETRUX EN JOUX;France
60420;MENEVILLERS;France
26410;MENGLON;France
79340;MENIGOUTE;France
53200;MENIL;France
08310;MENIL ANNELLES;France
55260;MENIL AUX BOIS;France
88210;MENIL DE SENONES;France
88500;MENIL EN XAINTOIS;France
61250;MENIL ERREUX;France
61240;MENIL FROGER;France
61210;MENIL GONDOUIN;France
61210;MENIL HERMEI;France
61230;MENIL HUBERT EN EXMES;France
61430;MENIL HUBERT SUR ORNE;France
61210;MENIL JEAN;France
55190;MENIL LA HORGNE;France
54200;MENIL LA TOUR;France
08310;MENIL LEPINOIS;France
88700;MENIL SUR BELVITTE;France
55500;MENIL SUR SAULX;France
61210;MENIL VIN;France
27120;MENILLES;France
54200;MENILLOT;France
91540;MENNECY;France
02700;MENNESSIS;France
41320;MENNETOU SUR CHER;France
27300;MENNEVAL;France
02190;MENNEVILLE;France
62240;MENNEVILLE;France
02630;MENNEVRET;France
52240;MENNOUVEAUX;France
19190;MENOIRE;France
85700;MENOMBLET;France
90150;MENONCOURT;France
76270;MENONVAL;France
39290;MENOTEY;France
58210;MENOU;France
95810;MENOUVILLE;France
70160;MENOUX;France
38710;MENS;France
24350;MENSIGNAC;France
57320;MENSKIRCH;France
76110;MENTHEVILLE;France
74290;MENTHON ST BERNARD;France
74350;MENTHONNEX EN BORNES;France
74270;MENTHONNEX SOUS CLERMONT;France
15100;MENTIERES;France
06500;MENTON;France
62890;MENTQUE NORTBECOURT;France
95180;MENUCOURT;France
31530;MENVILLE;France
36500;MEOBECQ;France
04340;MEOLANS;France
04340;MEOLANS REVEL;France
49490;MEON;France
83136;MEOUNES LES MONTRIEUX;France
38510;MEPIEU;France
41500;MER;France
64410;MERACQ;France
53230;MERAL;France
09350;MERAS;France
62217;MERCATEL;France
09160;MERCENAC;France
21190;MERCEUIL;France
27950;MERCEY;France
25410;MERCEY LE GRAND;France
70130;MERCEY SUR SAONE;France
02200;MERCIN ET VAUX;France
62560;MERCK ST LIEVIN;France
59470;MERCKEGHEM;France
19430;MERCOEUR;France
43100;MERCOEUR;France
07200;MERCUER;France
46090;MERCUES;France
71640;MERCUREY;France
26600;MERCUROL;France
73200;MERCURY;France
09400;MERCUS GARRABET;France
09400;MERCUS GARRABET AMPLAING;France
03340;MERCY;France
89210;MERCY;France
54960;MERCY LE BAS;France
54560;MERCY LE HAUT;France
22230;MERDRIGNAC;France
78490;MERE;France
89144;MERE;France
18120;MEREAU;France
80290;MEREAUCOURT;France
80200;MEREAUCOURT;France
28120;MEREGLISE;France
80490;MERELESSART;France
32360;MERENS;France
09110;MERENS LES VALS;France
31530;MERENVIELLE;France
05700;MEREUIL;France
54850;MEREVILLE;France
91660;MEREVILLE;France
27640;MEREY;France
25660;MEREY SOUS MONTROND;France
25870;MEREY VIEILLEY;France
51220;MERFY;France
10600;MERGEY;France
20287;MERIA;France
11140;MERIAL;France
73550;MERIBEL LES ALLUES;France
62680;MERICOURT;France
78270;MERICOURT;France
80640;MERICOURT EN VIMEU;France
80113;MERICOURT L ABBE;France
80340;MERICOURT SUR SOMME;France
95630;MERIEL;France
34800;MERIFONS;France
16200;MERIGNAC;France
17210;MERIGNAC;France
33700;MERIGNAC;France
33350;MERIGNAS;France
01450;MERIGNAT;France
59710;MERIGNIES;France
36220;MERIGNY;France
09230;MERIGON;France
65200;MERILHEU;France
22230;MERILLAC;France
23420;MERINCHAL;France
84360;MERINDOL;France
26170;MERINDOL LES OLIVIERS;France
45210;MERINVILLE;France
64190;MERITEIN;France
67250;MERKWILLER PECHELBRONN;France
38620;MERLAS;France
51300;MERLAUT;France
42380;MERLE LEIGNEC;France
22460;MERLEAC;France
57800;MERLEBACH;France
82210;MERLES;France
55150;MERLES SUR LOISON;France
05170;MERLETTE;France
56700;MERLEVENEZ;France
02000;MERLIEUX ET FOUQUEROLLES;France
62155;MERLIMONT;France
19340;MERLINES;France
35330;MERNEL;France
91780;MEROBERT;France
49260;MERON;France
39270;MERONA;France
28310;MEROUVILLE;France
90400;MEROUX MOVAL;France
16100;MERPINS;France
52240;MERREY;France
10110;MERREY SUR ARCE;France
61160;MERRI;France
59270;MERRIS;France
89110;MERRY LA VALLEE;France
89560;MERRY SEC;France
89660;MERRY SUR YONNE;France
80350;MERS LES BAINS;France
36230;MERS SUR INDRE;France
57480;MERSCHWEILLER;France
70160;MERSUAY;France
57550;MERTEN;France
52110;MERTRUD;France
68210;MERTZEN;France
67580;MERTZWILLER;France
60110;MERU;France
02160;MERVAL;France
71310;MERVANS;France
85200;MERVENT;France
09600;MERVIEL;France
31320;MERVILLA;France
31330;MERVILLE;France
59660;MERVILLE;France
14810;MERVILLE FRANCEVILLE PLAGE;France
54120;MERVILLER;France
28310;MERVILLIERS;France
68500;MERXHEIM;France
73420;MERY;France
14370;MERY CORBON;France
18380;MERY ES BOIS;France
60420;MERY LA BATAILLE;France
51390;MERY PREMECY;France
18100;MERY SUR CHER;France
77730;MERY SUR MARNE;France
95540;MERY SUR OISE;France
10170;MERY SUR SEINE;France
25680;MESANDANS;France
44522;MESANGER;France
76780;MESANGUEVILLE;France
02270;MESBRECOURT RICHECOURT;France
17132;MESCHERS SUR GIRONDE;France
24240;MESCOULES;France
10170;MESGRIGNY;France
74330;MESIGNY;France
56320;MESLAN;France
41150;MESLAND;France
14220;MESLAY;France
41100;MESLAY;France
53170;MESLAY DU MAINE;France
28120;MESLAY LE GRENET;France
28360;MESLAY LE VIDAME;France
25310;MESLIERES;France
22400;MESLIN;France
25440;MESMAY;France
08270;MESMONT;France
21540;MESMONT;France
16370;MESNAC;France
85500;MESNARD LA BAROTIERE;France
39600;MESNAY;France
76270;MESNIERES EN BRAY;France
80200;MESNIL BRUNTEL;France
14380;MESNIL CLINCHAMPS;France
80620;MESNIL DOMQUEUR;France
80360;MESNIL EN ARROUAISE;France
80140;MESNIL EUDIN;France
76660;MESNIL FOLLEMPRISE;France
10700;MESNIL LA COMTESSE;France
10240;MESNIL LETTRE;France
80300;MESNIL MARTINSART;France
76440;MESNIL MAUGER;France
76570;MESNIL PANNEVILLE;France
76520;MESNIL RAOUL;France
27390;MESNIL ROUSSET;France
10220;MESNIL SELLIERES;France
55160;MESNIL SOUS LES COTES;France
27150;MESNIL SOUS VIENNE;France
80500;MESNIL ST GEORGES;France
02720;MESNIL ST LAURENT;France
10190;MESNIL ST LOUP;France
80190;MESNIL ST NICAISE;France
10140;MESNIL ST PERE;France
27650;MESNIL SUR L ESTREE;France
76910;MESNIL VAL;France
27440;MESNIL VERCLIVES;France
39130;MESNOIS;France
29420;MESPAUL;France
64370;MESPLEDE;France
03370;MESPLES;France
91150;MESPUITS;France
44420;MESQUER;France
17130;MESSAC;France
35480;MESSAC;France
86330;MESSAIS;France
21220;MESSANGES;France
40660;MESSANGES;France
45190;MESSAS;France
79120;MESSE;France
61440;MESSEI;France
54850;MESSEIN;France
63750;MESSEIX;France
86200;MESSEME;France
74140;MESSERY;France
16700;MESSEUX;France
71940;MESSEY SUR GROSNE;France
39570;MESSIA SUR SORNE;France
21380;MESSIGNY ET VANTOUX;France
69510;MESSIMY;France
01480;MESSIMY SUR SAONE;France
08110;MESSINCOURT;France
10190;MESSON;France
77410;MESSY;France
33540;MESTERRIEUX;France
19200;MESTES;France
58400;MESVES SUR LOIRE;France
71190;MESVRES;France
25370;METABIEF;France
57560;METAIRIES ST QUIRIN;France
59270;METEREN;France
84570;METHAMIS;France
80270;METIGNY;France
57370;METTING;France
37390;METTRAY;France
57000;METZ;France
57050;METZ;France
57998;METZ ARMEES;France
62124;METZ EN COUTURE;France
58190;METZ LE COMTE;France
10210;METZ ROBERT;France
74370;METZ TESSY;France
68380;METZERAL;France
57920;METZERESCHE;France
57940;METZERVISSE;France
57980;METZING;France
56890;MEUCON;France
92190;MEUDON;France
92360;MEUDON LA FORET;France
21700;MEUILLEY;France
78250;MEULAN;France
76510;MEULERS;France
71520;MEULIN;France
14290;MEULLES;France
21510;MEULSON;France
36100;MEUNET PLANCHES;France
36150;MEUNET SUR VATAN;France
45130;MEUNG SUR LOIRE;France
72170;MEURCE;France
62410;MEURCHIN;France
70300;MEURCOURT;France
52310;MEURES;France
02160;MEURIVAL;France
17120;MEURSAC;France
21200;MEURSANGES;France
21190;MEURSAULT;France
10200;MEURVILLE;France
41130;MEUSNES;France
39260;MEUSSIA;France
14960;MEUVAINES;France
52240;MEUVY;France
17500;MEUX;France
87380;MEUZAC;France
28130;MEVOISINS;France
26560;MEVOUILLON;France
01800;MEXIMIEUX;France
54135;MEXY;France
57070;MEY;France
68890;MEYENHEIM;France
38240;MEYLAN;France
47170;MEYLAN;France
19250;MEYMAC;France
30840;MEYNES;France
24220;MEYRALS;France
30410;MEYRANNES;France
13650;MEYRARGUES;France
07380;MEYRAS;France
13590;MEYREUIL;France
38300;MEYRIE;France
38440;MEYRIEU LES ETANGS;France
73170;MEYRIEUX TROUET;France
19800;MEYRIGNAC L EGLISE;France
46200;MEYRONNE;France
04540;MEYRONNES;France
48150;MEYRUEIS;France
69610;MEYS;France
19500;MEYSSAC;France
07400;MEYSSE;France
38440;MEYSSIES;France
74960;MEYTHET;France
69330;MEYZIEU;France
53600;MEZANGERS;France
34140;MEZE;France
04270;MEZEL;France
63115;MEZEL;France
81800;MEZENS;France
72270;MEZERAY;France
43800;MEZERES;France
01660;MEZERIAT;France
80600;MEZEROLLES;France
11410;MEZERVILLE;France
14270;MEZIDON CANON;France
28160;MEZIERES AU PERCHE;France
36290;MEZIERES EN BRENNE;France
28500;MEZIERES EN DROUAIS;France
45270;MEZIERES EN GATINAIS;France
80110;MEZIERES EN SANTERRE;France
27510;MEZIERES EN VEXIN;France
45370;MEZIERES LEZ CLERY;France
72240;MEZIERES SOUS LAVARDIN;France
35140;MEZIERES SUR COUESNON;France
87330;MEZIERES SUR ISSOIRE;France
02240;MEZIERES SUR OISE;France
72290;MEZIERES SUR PONTHOUIN;France
78970;MEZIERES SUR SEINE;France
07530;MEZILHAC;France
89130;MEZILLES;France
47170;MEZIN;France
90120;MEZIRE;France
40170;MEZOS;France
02650;MEZY MOULINS;France
78250;MEZY SUR SEINE;France
20167;MEZZAVIA;France
58140;MHERE;France
24450;MIALET;France
30140;MIALET;France
64410;MIALOS;France
38460;MIANGES;France
80132;MIANNAY;France
58420;MICHAUGUES;France
68700;MICHELBACH;France
68730;MICHELBACH LE BAS;France
68220;MICHELBACH LE HAUT;France
89140;MICHERY;France
88630;MIDREVAUX;France
39250;MIEGES;France
32170;MIELAN;France
70440;MIELLIN;France
28420;MIERMAIGNE;France
46500;MIERS;France
39800;MIERY;France
67580;MIETESHEIM;France
74440;MIEUSSY;France
61250;MIEUXCE;France
64800;MIFAGET;France
89580;MIGE;France
89400;MIGENNES;France
09400;MIGLOS;France
70110;MIGNAFANS;France
86550;MIGNALOUX BEAUVOIR;France
20240;MIGNATAJA;France
70400;MIGNAVILLERS;France
36800;MIGNE;France
86440;MIGNE AUXANCES;France
45490;MIGNERES;France
45490;MIGNERETTE;France
54540;MIGNEVILLE;France
28630;MIGNIERES;France
39250;MIGNOVILLARD;France
36260;MIGNY;France
17330;MIGRE;France
17770;MIGRON;France
09460;MIJANES;France
01170;MIJOUX;France
46300;MILHAC;France
24330;MILHAC D AUBEROCHE;France
24470;MILHAC DE NONTRON;France
87440;MILHAGUET;France
81170;MILHARS;France
31160;MILHAS;France
30540;MILHAUD;France
81130;MILHAVET;France
29290;MILIZAC;France
86150;MILLAC;France
59143;MILLAM;France
41200;MILLANCAY;France
66170;MILLAS;France
12100;MILLAU;France
58170;MILLAY;France
76260;MILLEBOSC;France
78940;MILLEMONT;France
80300;MILLENCOURT;France
80135;MILLENCOURT EN PONTHIEU;France
21140;MILLERY;France
54670;MILLERY;France
69390;MILLERY;France
19290;MILLEVACHES;France
50190;MILLIERES;France
52240;MILLIERES;France
59178;MILLONFOSSE;France
50600;MILLY;France
89800;MILLY;France
91490;MILLY LA FORET;France
71960;MILLY LAMARTINE;France
55110;MILLY SUR BRADON;France
60112;MILLY SUR THERAIN;France
78470;MILON LA CHAPELLE;France
40350;MIMBASTE;France
13105;MIMET;France
21230;MIMEURE;France
40200;MIMIZAN;France
51800;MINAUCOURT LE MESNIL LES HURLUS;France
44250;MINDIN;France
34210;MINERVE;France
65140;MINGOT;France
62690;MINGOVAL;France
35540;MINIAC MORVAN;France
35190;MINIAC SOUS BECHEREL;France
22220;MINIHY TREGUIER;France
54385;MINORVILLE;France
21510;MINOT;France
67270;MINVERSHEIM;France
24610;MINZAC;France
74270;MINZIER;France
81250;MIOLLES;France
20200;MIOMO;France
01390;MIONNAY;France
69780;MIONS;France
33380;MIOS;France
64450;MIOSSENS LANUSSE;France
04510;MIRABEAU;France
84120;MIRABEAU;France
07170;MIRABEL;France
82440;MIRABEL;France
26110;MIRABEL AUX BARONNIES;France
26400;MIRABEL ET BLACONS;France
32340;MIRADOUX;France
06590;MIRAMAR;France
13140;MIRAMAS;France
17150;MIRAMBEAU;France
31230;MIRAMBEAU;France
32300;MIRAMONT D ASTARAC;France
31800;MIRAMONT DE COMMINGES;France
47800;MIRAMONT DE GUYENNE;France
82190;MIRAMONT DE QUERCY;France
32390;MIRAMONT LATOUR;France
40320;MIRAMONT SENSACQ;France
32300;MIRANDE;France
81190;MIRANDOL BOURGNOUNAC;France
32350;MIRANNES;France
80300;MIRAUMONT;France
11380;MIRAVAL CABARDES;France
52320;MIRBEL;France
49330;MIRE;France
86110;MIREBEAU;France
21310;MIREBEAU SUR BEZE;France
39570;MIREBEL;France
88500;MIRECOURT;France
63730;MIREFLEURS;France
31190;MIREMONT;France
63380;MIREMONT;France
11120;MIREPEISSET;France
64800;MIREPEIX;France
09500;MIREPOIX;France
32390;MIREPOIX;France
31340;MIREPOIX SUR TARN;France
34110;MIREVAL;France
11400;MIREVAL LAURAGAIS;France
01700;MIRIBEL;France
26350;MIRIBEL;France
38450;MIRIBEL LANCHATRE;France
38380;MIRIBEL LES ECHELLES;France
26270;MIRMANDE;France
80260;MIRVAUX;France
76210;MIRVILLE;France
26310;MISCON;France
27930;MISEREY;France
25480;MISEREY SALINES;France
01600;MISERIEUX;France
80320;MISERY;France
04200;MISON;France
79100;MISSE;France
81300;MISSECLE;France
11580;MISSEGRE;France
21210;MISSERY;France
44780;MISSILLAC;France
56140;MISSIRIAC;France
40290;MISSON;France
14210;MISSY;France
02200;MISSY AUX BOIS;France
02350;MISSY LES PIERREPONT;France
02880;MISSY SUR AISNE;France
77130;MISY SUR YONNE;France
77290;MITRY MORY;France
67360;MITSCHDORF;France
78125;MITTAINVILLE;France
28190;MITTAINVILLIERS;France
67140;MITTELBERGHEIM;France
57370;MITTELBRONN;France
67206;MITTELHAUSBERGEN;France
67170;MITTELHAUSEN;France
67170;MITTELSCHAEFFOLSHEIM;France
68630;MITTELWIHR;France
57930;MITTERSHEIM;France
68380;MITTLACH;France
14170;MITTOIS;France
68470;MITZACH;France
42110;MIZERIEUX;France
38142;MIZOEN;France
50250;MOBECQ;France
20140;MOCA CROCE;France
73500;MODANE;France
84330;MODENE;France
68110;MODENHEIM;France
29350;MOELAN SUR MER;France
01280;MOENS;France
68480;MOERNACH;France
52100;MOESLAINS;France
51120;MOEURS VERDEY;France
62147;MOEUVRES;France
17780;MOEZE;France
70200;MOFFANS ET VACHERESSE;France
55400;MOGEVILLE;France
73410;MOGNARD;France
01140;MOGNENEINS;France
55800;MOGNEVILLE;France
60140;MOGNEVILLE;France
08110;MOGUES;France
56490;MOHON;France
38440;MOIDIEU DETOURBE;France
50170;MOIDREY;France
35650;MOIGNE;France
91490;MOIGNY SUR ECOLE;France
70110;MOIMAY;France
54580;MOINEVILLE;France
17500;MOINGS;France
42600;MOINGT;France
28700;MOINVILLE LA JEULIN;France
38430;MOIRANS;France
39260;MOIRANS EN MONTAGNE;France
47310;MOIRAX;France
69620;MOIRE;France
51800;MOIREMONT;France
55150;MOIREY FLABAS CREPION;France
39570;MOIRON;France
08370;MOIRY;France
58490;MOIRY;France
44520;MOISDON LA RIVIERE;France
77950;MOISENAY;France
80760;MOISLAINS;France
82200;MOISSAC;France
83630;MOISSAC BELLEVUE;France
48110;MOISSAC VALLEE FRANCAISE;France
87400;MOISSANNES;France
63190;MOISSAT;France
95570;MOISSELLES;France
39290;MOISSEY;France
38270;MOISSIEU SUR DOLON;France
78840;MOISSON;France
77550;MOISSY CRAMAYEL;France
58190;MOISSY MOULINOT;France
27320;MOISVILLE;France
41160;MOISY;France
20270;MOITA;France
21510;MOITRON;France
72170;MOITRON SUR SARTHE;France
51240;MOIVRE;France
54760;MOIVRONS;France
56230;MOLAC;France
76220;MOLAGNIES;France
02110;MOLAIN;France
39800;MOLAIN;France
39600;MOLAMBOZ;France
11420;MOLANDIER;France
31230;MOLAS;France
39500;MOLAY;France
70120;MOLAY;France
89310;MOLAY;France
28200;MOLEANS;France
15500;MOLEDES;France
65130;MOLERE;France
21330;MOLESMES;France
89560;MOLESMES;France
48110;MOLEZON;France
60220;MOLIENS;France
24480;MOLIERES;France
46120;MOLIERES;France
82220;MOLIERES;France
30120;MOLIERES CAVAILLAC;France
26150;MOLIERES GLANDAZ;France
30410;MOLIERES SUR CEZE;France
40660;MOLIETS ET MAA;France
02000;MOLINCHART;France
05350;MOLINES EN QUEYRAS;France
03510;MOLINET;France
41190;MOLINEUF;France
39360;MOLINGES;France
62330;MOLINGHEM;France
89190;MOLINONS;France
21340;MOLINOT;France
10500;MOLINS SUR AUBE;France
66500;MOLITG LES BAINS;France
70240;MOLLANS;France
26170;MOLLANS SUR OUVEZE;France
68470;MOLLAU;France
13940;MOLLEGES;France
03300;MOLLES;France
11410;MOLLEVILLE;France
80260;MOLLIENS AU BOIS;France
80540;MOLLIENS DREUIL;France
67190;MOLLKIRCH;France
01800;MOLLON;France
15500;MOLOMPIZE;France
89700;MOLOSMES;France
21120;MOLOY;France
21210;MOLPHEY;France
39250;MOLPRE;France
57670;MOLRING;France
67120;MOLSHEIM;France
20218;MOLTIFAO;France
64230;MOMAS;France
33710;MOMBRIER;France
65360;MOMERES;France
57220;MOMERSTROFF;France
67670;MOMMENHEIM;France
40700;MOMUY;France
64350;MOMY;France
08260;MON IDEE;France
20171;MONACIA D AULLENE;France
20229;MONACIA D OREZZA;France
02000;MONAMPTEUIL;France
64160;MONASSUT AUDIRACQ;France
39230;MONAY;France
33570;MONBADON;France
47290;MONBAHUS;France
47340;MONBALEN;France
32420;MONBARDON;France
24240;MONBAZILLAC;France
82170;MONBEQUI;France
32350;MONBERT;France
32130;MONBLANC;France
24240;MONBOS;France
32600;MONBRUN;France
20214;MONCALE;France
32300;MONCASSIN;France
31160;MONCAUP;France
64350;MONCAUP;France
47310;MONCAUT;France
64130;MONCAYOLLE LARRORY MENDIBIEU;France
72230;MONCE EN BELIN;France
72260;MONCE EN SAOSNOIS;France
02270;MONCEAU LE NEUF ET FAUCOUZY;France
02840;MONCEAU LE WAAST;France
02270;MONCEAU LES LEUPS;France
59620;MONCEAU ST WAAST;France
02120;MONCEAU SUR OISE;France
60940;MONCEAUX;France
61290;MONCEAUX AU PERCHE;France
14400;MONCEAUX EN BESSIN;France
60220;MONCEAUX L ABBAYE;France
58190;MONCEAUX LE COMTE;France
19400;MONCEAUX SUR DORDOGNE;France
54300;MONCEL LES LUNEVILLE;France
54280;MONCEL SUR SEILLE;France
88630;MONCEL SUR VAIR;France
51290;MONCETZ L ABBAYE;France
51470;MONCETZ LONGEVAS;France
25870;MONCEY;France
76340;MONCHAUX SORENG;France
59224;MONCHAUX SUR ECAILLON;France
59283;MONCHEAUX;France
62270;MONCHEAUX LES FREVENT;France
59234;MONCHECOURT;France
62270;MONCHEL SUR CANCHE;France
57420;MONCHEUX;France
62123;MONCHIET;France
62111;MONCHY AU BOIS;France
62127;MONCHY BRETON;France
62134;MONCHY CAYEUX;France
60113;MONCHY HUMIERES;France
80200;MONCHY LAGACHE;France
62118;MONCHY LE PREUX;France
60290;MONCHY ST ELOI;France
76260;MONCHY SUR EU;France
64330;MONCLA;France
47380;MONCLAR;France
32150;MONCLAR D ARMAGNAC;France
82230;MONCLAR DE QUERCY;France
32300;MONCLAR SUR LOSSE;France
25170;MONCLEY;France
22510;MONCONTOUR;France
86330;MONCONTOUR;France
32260;MONCORNEIL GRAZAN;France
57810;MONCOURT;France
79320;MONCOUTANT;France
47600;MONCRABEAU;France
61800;MONCY;France
31220;MONDAVEZAN;France
57300;MONDELANGE;France
51120;MONDEMENT MONTGIVROUX;France
60400;MONDESCOURT;France
35370;MONDEVERT;France
14120;MONDEVILLE;France
91590;MONDEVILLE;France
62760;MONDICOURT;France
08430;MONDIGNY;France
31350;MONDILHAN;France
86230;MONDION;France
25680;MONDON;France
31700;MONDONVILLE;France
28700;MONDONVILLE ST JEAN;France
57570;MONDORFF;France
41170;MONDOUBLEAU;France
31850;MONDOUZIL;France
84430;MONDRAGON;France
14210;MONDRAINVILLE;France
55220;MONDRECOURT;France
02500;MONDREPUIS;France
77570;MONDREVILLE;France
78980;MONDREVILLE;France
64360;MONEIN;France
31370;MONES;France
09130;MONESPLE;France
03140;MONESTIER;France
07690;MONESTIER;France
24240;MONESTIER;France
38970;MONESTIER D AMBEL;France
38650;MONESTIER DE CLERMONT;France
19340;MONESTIER MERLINES;France
19110;MONESTIER PORT DIEU;France
81640;MONESTIES;France
31560;MONESTROL;France
03500;MONETAY SUR ALLIER;France
03470;MONETAY SUR LOIRE;France
89470;MONETEAU;France
05110;MONETIER ALLEMONT;France
24130;MONFAUCON;France
65140;MONFAUCON;France
32260;MONFERRAN PLAVES;France
32490;MONFERRAN SAVES;France
47150;MONFLANQUIN;France
32120;MONFORT;France
14230;MONFREVILLE;France
47230;MONGAILLARD;France
32220;MONGAUSY;France
33190;MONGAUZY;France
40700;MONGET;France
32240;MONGUILHEM;France
47160;MONHEURT;France
72260;MONHOUDOU;France
84390;MONIEUX;France
43580;MONISTROL D ALLIER;France
43120;MONISTROL SUR LOIRE;France
32140;MONLAUR BERNET;France
65670;MONLEON MAGNOAC;France
43270;MONLET;France
32230;MONLEZUN;France
32240;MONLEZUN D ARMAGNAC;France
65670;MONLONG;France
24560;MONMADALES;France
24560;MONMARVES;France
61470;MONNAI;France
37380;MONNAIE;France
57920;MONNEREN;France
91930;MONNERVILLE;France
02470;MONNES;France
39300;MONNET LA VILLE;France
39320;MONNETAY;France
74560;MONNETIER MORNEX;France
60240;MONNEVILLE;France
39100;MONNIERES;France
44690;MONNIERES;France
30170;MONOBLET;France
32170;MONPARDIAC;France
24540;MONPAZIER;France
64350;MONPEZAT;France
24170;MONPLAISANT;France
33410;MONPRIMBLANC;France
16140;MONS;France
17160;MONS;France
30340;MONS;France
31280;MONS;France
34390;MONS;France
38280;MONS;France
63310;MONS;France
83440;MONS;France
80210;MONS BOUBERT;France
59370;MONS EN BAROEUL;France
02000;MONS EN LAONNOIS;France
77520;MONS EN MONTOIS;France
59246;MONS EN PEVELE;France
24440;MONSAC;France
24560;MONSAGUEL;France
24340;MONSEC;France
33580;MONSEGUR;France
40700;MONSEGUR;France
47150;MONSEGUR;France
64460;MONSEGUR;France
47500;MONSEMPRON LIBOS;France
85110;MONSIREIGNE;France
69860;MONSOLS;France
38122;MONSTEROUX MILIEU;France
80160;MONSURES;France
67700;MONSWILLER;France
64300;MONT;France
65510;MONT;France
71140;MONT;France
62350;MONT BERNANCHON;France
14350;MONT BERTRAND;France
74480;MONT BLANC D ASSY;France
54111;MONT BONVILLERS;France
76690;MONT CAUVAIRE;France
32140;MONT D ASTARAC;France
02390;MONT D ORIGNY;France
05600;MONT DAUPHIN;France
31510;MONT DE GALIE;France
76190;MONT DE L IF;France
38860;MONT DE LANS;France
25210;MONT DE LAVAL;France
32170;MONT DE MARRAST;France
40000;MONT DE MARSAN;France
59840;MONT DE PREMESQUES;France
25120;MONT DE VOUGNEY;France
59270;MONT DES CATS;France
55110;MONT DEVANT SASSEY;France
64330;MONT DISSE;France
35120;MONT DOL;France
58110;MONT ET MARRE;France
54170;MONT L ETROIT;France
60300;MONT L EVEQUE;France
08130;MONT LAURENT;France
70600;MONT LE FRANOIS;France
70000;MONT LE VERNOIS;France
54113;MONT LE VIGNOBLE;France
88320;MONT LES LAMARCHE;France
88300;MONT LES NEUFCHATEAU;France
71270;MONT LES SEURRE;France
66210;MONT LOUIS;France
59270;MONT NOIR;France
02220;MONT NOTRE DAME;France
61160;MONT ORMEL;France
41250;MONT PRES CHAMBORD;France
81120;MONT ROC;France
74130;MONT SAXONNEX;France
39380;MONT SOUS VAUDREY;France
76130;MONT ST AIGNAN;France
62144;MONT ST ELOI;France
02360;MONT ST JEAN;France
21320;MONT ST JEAN;France
72140;MONT ST JEAN;France
70120;MONT ST LEGER;France
02220;MONT ST MARTIN;France
08400;MONT ST MARTIN;France
38120;MONT ST MARTIN;France
54350;MONT ST MARTIN;France
02400;MONT ST PERE;France
08310;MONT ST REMY;France
89250;MONT ST SULPICE;France
71690;MONT ST VINCENT;France
51170;MONT SUR COURVILLE;France
54360;MONT SUR MEURTHE;France
39300;MONT SUR MONNET;France
55160;MONT VILLERS;France
61160;MONTABARD;France
72500;MONTABON;France
50410;MONTABOT;France
89150;MONTACHER VILLEGARDIN;France
32220;MONTADET;France
34310;MONTADY;France
09240;MONTAGAGNE;France
39160;MONTAGNA LE RECONDUIT;France
39320;MONTAGNA LE TEMPLIER;France
30350;MONTAGNAC;France
34530;MONTAGNAC;France
24210;MONTAGNAC D AUBEROCHE;France
24140;MONTAGNAC LA CREMPSE;France
04500;MONTAGNAC MONTPEZAT;France
47600;MONTAGNAC SUR AUVIGNON;France
47150;MONTAGNAC SUR LEDE;France
01250;MONTAGNAT;France
33570;MONTAGNE;France
38160;MONTAGNE;France
80540;MONTAGNE FAYEL;France
70140;MONTAGNEY;France
25680;MONTAGNEY SERVIGNEY;France
01470;MONTAGNIEU;France
38110;MONTAGNIEU;France
12360;MONTAGNOL;France
73000;MONTAGNOLE;France
42840;MONTAGNY;France
69700;MONTAGNY;France
73350;MONTAGNY;France
60240;MONTAGNY EN VEXIN;France
21200;MONTAGNY LES BEAUNE;France
71390;MONTAGNY LES BUXY;France
74600;MONTAGNY LES LANCHES;France
21250;MONTAGNY LES SEURRE;France
71500;MONTAGNY PRES LOUHANS;France
60950;MONTAGNY STE FELICITE;France
71520;MONTAGNY SUR GROSNE;France
33190;MONTAGOUDIN;France
24350;MONTAGRIER;France
82110;MONTAGUDET;France
64410;MONTAGUT;France
19300;MONTAIGNAC ST HIPPOLYTE;France
02820;MONTAIGU;France
39570;MONTAIGU;France
85600;MONTAIGU;France
82150;MONTAIGU DE QUERCY;France
50700;MONTAIGU LA BRISETTE;France
03150;MONTAIGU LE BLIN;France
50450;MONTAIGU LES BOIS;France
03130;MONTAIGUET EN FOREZ;France
63700;MONTAIGUT;France
63700;MONTAIGUT EN COMBRAILLE;France
23320;MONTAIGUT LE BLANC;France
63320;MONTAIGUT LE BLANC;France
31530;MONTAIGUT SUR SAVE;France
72120;MONTAILLE;France
73460;MONTAILLEUR;France
09110;MONTAILLOU;France
73130;MONTAIMONT;France
39210;MONTAIN;France
82100;MONTAIN;France
28150;MONTAINVILLE;France
78124;MONTAINVILLE;France
66130;MONTALBA LE CHATEAU;France
79190;MONTALEMBERT;France
78440;MONTALET LE BOIS;France
38390;MONTALIEU VERCIEU;France
82270;MONTALZAT;France
32220;MONTAMAT;France
58250;MONTAMBERT;France
46310;MONTAMEL;France
86360;MONTAMISE;France
14260;MONTAMY;France
69250;MONTANAY;France
25190;MONTANCY;France
25190;MONTANDON;France
50240;MONTANEL;France
64460;MONTANER;France
01200;MONTANGES;France
10220;MONTANGON;France
81600;MONTANS;France
58110;MONTAPAS;France
42380;MONTARCHER;France
09230;MONTARDIT;France
64121;MONTARDON;France
30700;MONTAREN ET ST MEDIERS;France
45200;MONTARGIS;France
77250;MONTARLOT;France
70600;MONTARLOT LES CHAMPLITTE;France
70190;MONTARLOT LES RIOZ;France
34570;MONTARNAUD;France
58250;MONTARON;France
47380;MONTASTRUC;France
65330;MONTASTRUC;France
82130;MONTASTRUC;France
31160;MONTASTRUC DE SALIES;France
31380;MONTASTRUC LA CONSEILLERE;France
31370;MONTASTRUC SAVES;France
60160;MONTATAIRE;France
82000;MONTAUBAN;France
35360;MONTAUBAN DE BRETAGNE;France
31110;MONTAUBAN DE LUCHON;France
80300;MONTAUBAN DE PICARDIE;France
26170;MONTAUBAN SUR L OUVEZE;France
34160;MONTAUD;France
38210;MONTAUD;France
53220;MONTAUDIN;France
26110;MONTAULIEU;France
10270;MONTAULIN;France
27400;MONTAURE;France
11410;MONTAURIOL;France
47330;MONTAURIOL;France
66300;MONTAURIOL;France
81190;MONTAURIOL;France
83440;MONTAUROUX;France
09700;MONTAUT;France
24560;MONTAUT;France
31410;MONTAUT;France
32300;MONTAUT;France
40500;MONTAUT;France
47210;MONTAUT;France
64800;MONTAUT;France
32810;MONTAUT LES CRENEAUX;France
35210;MONTAUTOUR;France
54700;MONTAUVILLE;France
59360;MONTAY;France
47500;MONTAYRAL;France
24230;MONTAZEAU;France
11190;MONTAZELS;France
21500;MONTBARD;France
82110;MONTBARLA;France
39380;MONTBARREY;France
45340;MONTBARROIS;France
82700;MONTBARTIER;France
02000;MONTBAVIN;France
12220;MONTBAZENS;France
34560;MONTBAZIN;France
37250;MONTBAZON;France
09600;MONTBEL;France
48170;MONTBEL;France
25200;MONTBELIARD;France
25210;MONTBELIARDOT;France
71260;MONTBELLET;France
25650;MONTBENOIT;France
31220;MONTBERAUD;France
31230;MONTBERNARD;France
31140;MONTBERON;France
44140;MONTBERT;France
21460;MONTBERTHAULT;France
82290;MONTBETON;France
03340;MONTBEUGNY;France
72380;MONTBIZOT;France
55270;MONTBLAINVILLE;France
04320;MONTBLANC;France
34290;MONTBLANC;France
70700;MONTBOILLON;France
28800;MONTBOISSIER;France
66110;MONTBOLO;France
38330;MONTBONNOT ST MARTIN;France
23400;MONTBOUCHER;France
26740;MONTBOUCHER SUR JABRON;France
15190;MONTBOUDIF;France
90500;MONTBOUTON;France
45230;MONTBOUY;France
16620;MONTBOYER;France
70230;MONTBOZON;France
05140;MONTBRAND;France
55140;MONTBRAS;France
50410;MONTBRAY;France
51500;MONTBRE;France
02110;MONTBREHAIN;France
26770;MONTBRISON;France
42600;MONTBRISON;France
16220;MONTBRON;France
57415;MONTBRONN;France
46160;MONTBRUN;France
48210;MONTBRUN;France
31310;MONTBRUN BOCAGE;France
11700;MONTBRUN DES CORBIERES;France
31450;MONTBRUN LAURAGAIS;France
26570;MONTBRUN LES BAINS;France
46700;MONTCABRIER;France
81500;MONTCABRIER;France
30600;MONTCALM;France
24230;MONTCARET;France
38890;MONTCARRA;France
62170;MONTCAVREL;France
38300;MONTCEAU;France
21360;MONTCEAU ET ECHARNANT;France
71300;MONTCEAU LES MINES;France
01090;MONTCEAUX;France
71110;MONTCEAUX L ETOILE;France
77470;MONTCEAUX LES MEAUX;France
77151;MONTCEAUX LES PROVINS;France
10260;MONTCEAUX LES VAUDES;France
71240;MONTCEAUX RAGNY;France
63460;MONTCEL;France
73100;MONTCEL;France
71710;MONTCENIS;France
01310;MONTCET;France
70000;MONTCEY;France
38220;MONTCHABOUD;France
42360;MONTCHAL;France
02860;MONTCHALONS;France
14350;MONTCHAMP;France
15100;MONTCHAMP;France
71210;MONTCHANIN;France
52400;MONTCHARVOT;France
50660;MONTCHATON;France
16300;MONTCHAUDE;France
14350;MONTCHAUVET;France
78790;MONTCHAUVET;France
26350;MONTCHENU;France
08250;MONTCHEUTIN;France
61170;MONTCHEVREL;France
36140;MONTCHEVRIER;France
04140;MONTCLAR;France
11250;MONTCLAR;France
12550;MONTCLAR;France
31220;MONTCLAR DE COMMINGES;France
31290;MONTCLAR LAURAGAIS;France
26400;MONTCLAR SUR GERVANNE;France
43230;MONTCLARD;France
46250;MONTCLERA;France
05700;MONTCLUS;France
30630;MONTCLUS;France
03130;MONTCOMBROUX LES MINES;France
71500;MONTCONY;France
45220;MONTCORBON;France
02340;MONTCORNET;France
08090;MONTCORNET;France
08090;MONTCORNET EN ARDENNE;France
70500;MONTCOURT;France
77140;MONTCOURT FROMONVILLE;France
71620;MONTCOY;France
45700;MONTCRESSON;France
50490;MONTCUIT;France
46800;MONTCUQ;France
39260;MONTCUSEL;France
08090;MONTCY NOTRE DAME;France
30120;MONTDARDIER;France
77320;MONTDAUPHIN;France
57670;MONTDIDIER;France
80500;MONTDIDIER;France
70210;MONTDORE;France
46230;MONTDOUMERC;France
81440;MONTDRAGON;France
81630;MONTDURAUSSE;France
20290;MONTE;France
41150;MONTEAUX;France
50310;MONTEBOURG;France
82700;MONTECH;France
25190;MONTECHEROUX;France
20214;MONTEGROSSO;France
32550;MONTEGUT;France
40190;MONTEGUT;France
65150;MONTEGUT;France
32730;MONTEGUT ARROS;France
31430;MONTEGUT BOURJAC;France
09200;MONTEGUT EN COUSERANS;France
31540;MONTEGUT LAURAGAIS;France
09120;MONTEGUT PLANTAUREL;France
32220;MONTEGUT SAVES;France
03800;MONTEIGNET SUR L ANDELOT;France
14270;MONTEILLE;France
12200;MONTEILS;France
30360;MONTEILS;France
82300;MONTEILS;France
63380;MONTEL DE GELAT;France
26760;MONTELEGER;France
26120;MONTELIER;France
26200;MONTELIMAR;France
09240;MONTELS;France
34310;MONTELS;France
81140;MONTELS;France
20214;MONTEMAGGIORE;France
16310;MONTEMBOEUF;France
57480;MONTENACH;France
53500;MONTENAY;France
17130;MONTENDRE;France
73390;MONTENDRY;France
62123;MONTENESCOURT;France
56380;MONTENEUF;France
77320;MONTENILS;France
25260;MONTENOIS;France
58700;MONTENOISON;France
54760;MONTENOY;France
60810;MONTEPILLOY;France
39700;MONTEPLAIN;France
51320;MONTEPREUX;France
56250;MONTERBLANC;France
45260;MONTEREAU;France
77130;MONTEREAU FAULT YONNE;France
77950;MONTEREAU SUR LE JARD;France
35160;MONTERFIL;France
76680;MONTEROLIER;France
56800;MONTERREIN;France
56800;MONTERTELOT;France
66200;MONTESCOT;France
02440;MONTESCOURT LIZEROLLES;France
31260;MONTESPAN;France
34320;MONTESQUIEU;France
47130;MONTESQUIEU;France
82200;MONTESQUIEU;France
09200;MONTESQUIEU AVANTES;France
66740;MONTESQUIEU DES ALBERES;France
31230;MONTESQUIEU GUITTAUT;France
31450;MONTESQUIEU LAURAGAIS;France
31310;MONTESQUIEU VOLVESTRE;France
32320;MONTESQUIOU;France
70270;MONTESSAUX;France
52500;MONTESSON;France
78360;MONTESSON;France
32390;MONTESTRUC SUR GERS;France
64300;MONTESTRUCQ;France
46210;MONTET ET BOUXAL;France
47120;MONTETON;France
84170;MONTEUX;France
77144;MONTEVRAIN;France
38770;MONTEYNARD;France
12460;MONTEZIC;France
09350;MONTFA;France
81210;MONTFA;France
38940;MONTFALCON;France
50760;MONTFARVILLE;France
02540;MONTFAUCON;France
25660;MONTFAUCON;France
30150;MONTFAUCON;France
46240;MONTFAUCON;France
49230;MONTFAUCON;France
55270;MONTFAUCON D ARGONNE;France
43290;MONTFAUCON EN VELAY;France
84140;MONTFAVET;France
93370;MONTFERMEIL;France
82270;MONTFERMIER;France
63230;MONTFERMY;France
25680;MONTFERNEY;France
11320;MONTFERRAND;France
24440;MONTFERRAND DU PERIGORD;France
26510;MONTFERRAND LA FARE;France
25320;MONTFERRAND LE CHATEAU;France
38620;MONTFERRAT;France
83131;MONTFERRAT;France
66150;MONTFERRER;France
09300;MONTFERRIER;France
34980;MONTFERRIER SUR LEZ;France
10130;MONTFEY;France
14490;MONTFIQUET;France
39320;MONTFLEUR;France
53240;MONTFLOURS;France
25650;MONTFLOVIN;France
04600;MONTFORT;France
25440;MONTFORT;France
49700;MONTFORT;France
64190;MONTFORT;France
40380;MONTFORT EN CHALOSSE;France
78490;MONTFORT L AMAURY;France
72450;MONTFORT LE GESNOIS;France
83570;MONTFORT SUR ARGENS;France
11140;MONTFORT SUR BOULZANE;France
35160;MONTFORT SUR MEU;France
27290;MONTFORT SUR RISLE;France
12380;MONTFRANC;France
30490;MONTFRIN;France
26560;MONTFROC;France
04110;MONTFURON;France
09330;MONTGAILHARD;France
11330;MONTGAILLARD;France
40500;MONTGAILLARD;France
65200;MONTGAILLARD;France
81800;MONTGAILLARD;France
82120;MONTGAILLARD;France
31260;MONTGAILLARD DE SALIES;France
31290;MONTGAILLARD LAURAGAIS;France
31350;MONTGAILLARD SUR SAVE;France
05230;MONTGARDIN;France
50250;MONTGARDON;France
61150;MONTGAROULT;France
09160;MONTGAUCH;France
61360;MONTGAUDRY;France
31410;MONTGAZIN;France
77230;MONTGE EN GOELE;France
31560;MONTGEARD;France
73130;MONTGELLAFREY;France
05100;MONTGENEVRE;France
51260;MONTGENOST;France
60420;MONTGERAIN;France
35760;MONTGERMONT;France
91230;MONTGERON;France
95650;MONTGEROULT;France
25111;MONTGESOYE;France
46150;MONTGESTY;France
81470;MONTGEY;France
19210;MONTGIBAUD;France
73220;MONTGILBERT;France
73210;MONTGIROD;France
31450;MONTGISCARD;France
36400;MONTGIVRAY;France
02600;MONTGOBERT;France
08390;MONTGON;France
50540;MONTGOTHIER;France
11240;MONTGRADAIL;France
31370;MONTGRAS;France
15190;MONTGRELEIX;France
02210;MONTGRU ST HILAIRE;France
26170;MONTGUERS;France
10300;MONTGUEUX;France
49500;MONTGUILLON;France
17270;MONTGUYON;France
28800;MONTHARVILLE;France
35420;MONTHAULT;France
11240;MONTHAUT;France
21190;MONTHELIE;France
51530;MONTHELON;France
71400;MONTHELON;France
02860;MONTHENAULT;France
52330;MONTHERIES;France
60790;MONTHERLANT;France
08800;MONTHERME;France
02400;MONTHIERS;France
01390;MONTHIEUX;France
73200;MONTHION;France
37110;MONTHODON;France
86210;MONTHOIRON;France
08400;MONTHOIS;France
39800;MONTHOLIER;France
41120;MONTHOU SUR BIEVRE;France
41400;MONTHOU SUR CHER;France
50200;MONTHUCHON;France
02330;MONTHUREL;France
88800;MONTHUREUX LE SEC;France
88410;MONTHUREUX SUR SAONE;France
77122;MONTHYON;France
20220;MONTICELLO;France
52220;MONTIER EN DER;France
10200;MONTIER EN L ISLE;France
10270;MONTIERAMEY;France
36130;MONTIERCHAUME;France
60190;MONTIERS;France
55290;MONTIERS SUR SAULX;France
32420;MONTIES;France
24290;MONTIGNAC;France
33760;MONTIGNAC;France
65690;MONTIGNAC;France
16330;MONTIGNAC CHARENTE;France
47800;MONTIGNAC DE LAUZUN;France
16390;MONTIGNAC LE COQ;France
47350;MONTIGNAC TOUPINERIE;France
30190;MONTIGNARGUES;France
16170;MONTIGNE;France
79370;MONTIGNE;France
53970;MONTIGNE LE BRILLANT;France
49430;MONTIGNE LES RAIRIES;France
49230;MONTIGNE SUR MOINE;France
14210;MONTIGNY;France
18250;MONTIGNY;France
45170;MONTIGNY;France
50540;MONTIGNY;France
54540;MONTIGNY;France
72670;MONTIGNY;France
76380;MONTIGNY;France
79380;MONTIGNY;France
58130;MONTIGNY AUX AMOGNES;France
55110;MONTIGNY DEVANT SASSEY;France
02110;MONTIGNY EN ARROUAISE;France
59225;MONTIGNY EN CAMBRESIS;France
62640;MONTIGNY EN GOHELLE;France
58120;MONTIGNY EN MORVAN;France
59182;MONTIGNY EN OSTREVENT;France
02810;MONTIGNY L ALLIER;France
89230;MONTIGNY LA RESLE;France
78180;MONTIGNY LE BRETONNEUX;France
28120;MONTIGNY LE CHARTIF;France
02250;MONTIGNY LE FRANC;France
28220;MONTIGNY LE GANNELON;France
77480;MONTIGNY LE GUESDIER;France
52140;MONTIGNY LE ROI;France
77520;MONTIGNY LENCOUP;France
02290;MONTIGNY LENGRAIN;France
39600;MONTIGNY LES ARSURES;France
70500;MONTIGNY LES CHERLIEU;France
02330;MONTIGNY LES CONDE;France
95370;MONTIGNY LES CORMEILLES;France
80370;MONTIGNY LES JONGLEURS;France
57950;MONTIGNY LES METZ;France
10130;MONTIGNY LES MONTS;France
55140;MONTIGNY LES VAUCOULEURS;France
70000;MONTIGNY LES VESOUL;France
21500;MONTIGNY MONTFORT;France
21610;MONTIGNY MORNAY VILLENEUVE VINGE;France
02250;MONTIGNY SOUS MARLE;France
21390;MONTIGNY ST BARTHELEMY;France
21140;MONTIGNY SUR ARMANCON;France
21520;MONTIGNY SUR AUBE;France
28270;MONTIGNY SUR AVRE;France
58340;MONTIGNY SUR CANNE;France
54870;MONTIGNY SUR CHIERS;France
02270;MONTIGNY SUR CRECY;France
39300;MONTIGNY SUR L AIN;France
80260;MONTIGNY SUR L HALLUE;France
77690;MONTIGNY SUR LOING;France
08170;MONTIGNY SUR MEUSE;France
08430;MONTIGNY SUR VENCE;France
51140;MONTIGNY SUR VESLE;France
49310;MONTILLIERS;France
89660;MONTILLOT;France
03000;MONTILLY;France
61100;MONTILLY SUR NOIREAU;France
17800;MONTILS;France
36230;MONTIPOURET;France
11800;MONTIRAT;France
81190;MONTIRAT;France
28240;MONTIREAU;France
32200;MONTIRON;France
25110;MONTIVERNAGE;France
76290;MONTIVILLIERS;France
11230;MONTJARDIN;France
12490;MONTJAUX;France
60240;MONTJAVOULT;France
05150;MONTJAY;France
71310;MONTJAY;France
91440;MONTJAY;France
77410;MONTJAY LA TOUR;France
16240;MONTJEAN;France
53320;MONTJEAN;France
49570;MONTJEAN SUR LOIRE;France
48500;MONTJEZIEU;France
11330;MONTJOI;France
82400;MONTJOI;France
63700;MONTJOIE;France
09200;MONTJOIE EN COUSERANS;France
25190;MONTJOIE LE CHATEAU;France
50240;MONTJOIE ST MARTIN;France
31380;MONTJOIRE;France
39270;MONTJOUVENT;France
26220;MONTJOUX;France
26230;MONTJOYER;France
04110;MONTJUSTIN;France
70110;MONTJUSTIN ET VELOTTE;France
28240;MONTLANDON;France
52600;MONTLANDON;France
11220;MONTLAUR;France
12400;MONTLAUR;France
31450;MONTLAUR;France
26310;MONTLAUR EN DIOIS;France
04230;MONTLAUX;France
46800;MONTLAUZUN;France
21210;MONTLAY EN AUXOIS;France
25500;MONTLEBON;France
11090;MONTLEGUN;France
36400;MONTLEVICQ;France
02330;MONTLEVON;France
91310;MONTLHERY;France
45340;MONTLIARD;France
17210;MONTLIEU LA GARDE;France
95680;MONTLIGNON;France
21400;MONTLIOT ET COURCELLES;France
41350;MONTLIVAULT;France
60300;MONTLOGNON;France
02340;MONTLOUE;France
28320;MONTLOUET;France
18160;MONTLOUIS;France
37270;MONTLOUIS SUR LOIRE;France
03100;MONTLUCON;France
01120;MONTLUEL;France
77940;MONTMACHOUX;France
60150;MONTMACQ;France
95360;MONTMAGNY;France
25270;MONTMAHOUX;France
21250;MONTMAIN;France
76520;MONTMAIN;France
39600;MONTMALIN;France
21270;MONTMANCON;France
03390;MONTMARAULT;France
39110;MONTMARLON;France
80430;MONTMARQUET;France
60190;MONTMARTIN;France
50620;MONTMARTIN EN GRAIGNES;France
10140;MONTMARTIN LE HAUT;France
50590;MONTMARTIN SUR MER;France
05400;MONTMAUR;France
11320;MONTMAUR;France
26150;MONTMAUR EN DIOIS;France
31350;MONTMAURIN;France
55600;MONTMEDY;France
08220;MONTMEILLANT;France
71520;MONTMELARD;France
69640;MONTMELAS ST SORLIN;France
73800;MONTMELIAN;France
01090;MONTMERLE SUR SAONE;France
61570;MONTMERREI;France
83670;MONTMEYAN;France
26120;MONTMEYRAN;France
74210;MONTMIN;France
51210;MONTMIRAIL;France
72320;MONTMIRAIL;France
26750;MONTMIRAL;France
30260;MONTMIRAT;France
39290;MONTMIREY LA VILLE;France
39290;MONTMIREY LE CHATEAU;France
16190;MONTMOREAU ST CYBARD;France
95160;MONTMORENCY;France
10330;MONTMORENCY BEAUFORT;France
86500;MONTMORILLON;France
05150;MONTMORIN;France
63160;MONTMORIN;France
39570;MONTMOROT;France
71320;MONTMORT;France
51270;MONTMORT LUCY;France
88240;MONTMOTIER;France
21290;MONTMOYEN;France
15600;MONTMURAT;France
66720;MONTNER;France
21540;MONTOILLOT;France
44550;MONTOIR DE BRETAGNE;France
41800;MONTOIRE SUR LE LOIR;France
57860;MONTOIS LA MONTAGNE;France
26800;MONTOISON;France
03150;MONTOLDRE;France
11170;MONTOLIEU;France
77320;MONTOLIVET;France
80260;MONTONVILLERS;France
03500;MONTORD;France
64470;MONTORY;France
21170;MONTOT;France
70180;MONTOT;France
52700;MONTOT SUR ROGNON;France
34310;MONTOULIERS;France
09000;MONTOULIEU;France
34190;MONTOULIEU;France
31420;MONTOULIEU ST BERNARD;France
85700;MONTOURNAIS;France
35460;MONTOURS;France
53150;MONTOURTIER;France
65250;MONTOUSSE;France
31430;MONTOUSSIN;France
57645;MONTOY FLANVILLE;France
73300;MONTPASCAL;France
34000;MONTPELLIER;France
34070;MONTPELLIER;France
34080;MONTPELLIER;France
34090;MONTPELLIER;France
17260;MONTPELLIER DE MEDILLAN;France
63260;MONTPENSIER;France
25160;MONTPERREUX;France
12210;MONTPEYROUX;France
24610;MONTPEYROUX;France
34150;MONTPEYROUX;France
63114;MONTPEYROUX;France
04500;MONTPEZAT;France
30730;MONTPEZAT;France
32220;MONTPEZAT;France
47360;MONTPEZAT;France
82270;MONTPEZAT DE QUERCY;France
07560;MONTPEZAT SOUS BAUZON;France
50210;MONTPINCHON;France
14170;MONTPINCON;France
81440;MONTPINIER;France
31380;MONTPITOL;France
55000;MONTPLONNE;France
49150;MONTPOLLIN;France
24700;MONTPON MENESTEROL;France
71470;MONTPONT EN BRESSE;France
10400;MONTPOTHIER;France
47200;MONTPOUILLAN;France
31850;MONTRABE;France
50810;MONTRABOT;France
01310;MONTRACOL;France
79140;MONTRAVERS;France
07110;MONTREAL;France
11290;MONTREAL;France
32250;MONTREAL;France
89420;MONTREAL;France
01460;MONTREAL LA CLUSE;France
26510;MONTREAL LES SOURCES;France
59227;MONTRECOURT;France
11090;MONTREDON;France
46270;MONTREDON;France
11100;MONTREDON DES CORBIERES;France
81360;MONTREDON LABESSONNIE;France
43290;MONTREGARD;France
31210;MONTREJEAU;France
44370;MONTRELAIS;France
24110;MONTREM;France
37460;MONTRESOR;France
71440;MONTRET;France
28500;MONTREUIL;France
62170;MONTREUIL;France
85200;MONTREUIL;France
93100;MONTREUIL;France
61210;MONTREUIL AU HOULME;France
02310;MONTREUIL AUX LIONS;France
49260;MONTREUIL BELLAY;France
86470;MONTREUIL BONNIN;France
35210;MONTREUIL DES LANDES;France
14340;MONTREUIL EN AUGE;France
76850;MONTREUIL EN CAUX;France
37530;MONTREUIL EN TOURAINE;France
49460;MONTREUIL JUIGNE;France
27390;MONTREUIL L ARGILLE;France
61160;MONTREUIL LA CAMBE;France
72130;MONTREUIL LE CHETIF;France
35520;MONTREUIL LE GAST;France
72150;MONTREUIL LE HENRI;France
53640;MONTREUIL POULAY;France
35500;MONTREUIL SOUS PEROUSE;France
10270;MONTREUIL SUR BARSE;France
52130;MONTREUIL SUR BLAISE;France
60480;MONTREUIL SUR BRECHE;France
95770;MONTREUIL SUR EPTE;France
35440;MONTREUIL SUR ILLE;France
49140;MONTREUIL SUR LOIR;France
50570;MONTREUIL SUR LOZON;France
49220;MONTREUIL SUR MAINE;France
60134;MONTREUIL SUR THERAIN;France
52230;MONTREUIL SUR THONNANCE;France
58800;MONTREUILLON;France
54450;MONTREUX;France
90130;MONTREUX CHATEAU;France
68210;MONTREUX JEUNE;France
68210;MONTREUX VIEUX;France
49110;MONTREVAULT;France
38690;MONTREVEL;France
39320;MONTREVEL;France
01340;MONTREVEL EN BRESSE;France
41400;MONTRICHARD;France
73870;MONTRICHER ALBANNE;France
82800;MONTRICOUX;France
41210;MONTRIEUX EN SOLOGNE;France
26350;MONTRIGAUD;France
74110;MONTRIOND;France
48100;MONTRODAT;France
87330;MONTROL SENARD;France
16420;MONTROLLET;France
69610;MONTROMANT;France
05700;MONTROND;France
39300;MONTROND;France
73530;MONTROND;France
25660;MONTROND LE CHATEAU;France
42210;MONTROND LES BAINS;France
81170;MONTROSIER;France
69770;MONTROTTIER;France
76220;MONTROTY;France
92120;MONTROUGE;France
41800;MONTROUVEAU;France
17220;MONTROY;France
12630;MONTROZIER;France
77450;MONTRY;France
37260;MONTS;France
60119;MONTS;France
14310;MONTS EN BESSIN;France
62130;MONTS EN TERNOIS;France
86420;MONTS SUR GUESNES;France
12260;MONTSALES;France
04150;MONTSALIER;France
15120;MONTSALVY;France
52000;MONTSAON;France
73220;MONTSAPEY;France
58230;MONTSAUCHE LES SETTONS;France
52190;MONTSAUGEON;France
31260;MONTSAUNES;France
55300;MONTSEC;France
61800;MONTSECRET;France
09300;MONTSEGUR;France
26130;MONTSEGUR SUR LAUZON;France
07140;MONTSELGUES;France
11200;MONTSERET;France
65150;MONTSERIE;France
09240;MONTSERON;France
70140;MONTSEUGNY;France
38122;MONTSEVEROUX;France
49730;MONTSOREAU;France
40500;MONTSOUE;France
95560;MONTSOULT;France
53150;MONTSURS;France
50200;MONTSURVENT;France
10150;MONTSUZAIN;France
70100;MONTUREUX ET PRANTIGNY;France
70500;MONTUREUX LES BAULAY;France
25190;MONTURSIN;France
43260;MONTUSCLAT;France
25680;MONTUSSAINT;France
33450;MONTUSSAN;France
78160;MONTVAL;France
81630;MONTVALEN;France
46600;MONTVALENT;France
73700;MONTVALEZAN;France
26120;MONTVENDRE;France
42130;MONTVERDUN;France
73300;MONTVERNIER;France
15150;MONTVERT;France
03170;MONTVICQ;France
14140;MONTVIETTE;France
76710;MONTVILLE;France
50530;MONTVIRON;France
55100;MONTZEVILLE;France
47290;MONVIEL;France
11800;MONZE;France
50680;MOON SUR ELLE;France
68690;MOOSCH;France
68580;MOOSLARGUE;France
58420;MORACHES;France
17430;MORAGNE;France
51130;MORAINS;France
28700;MORAINVILLE;France
27260;MORAINVILLE JOUVEAUX;France
78630;MORAINVILLIERS;France
69480;MORANCE;France
28630;MORANCEZ;France
52110;MORANCOURT;France
37110;MORAND;France
51530;MORANGIS;France
91420;MORANGIS;France
60530;MORANGLES;France
49640;MORANNES;France
55400;MORANVILLE;France
38460;MORAS;France
26210;MORAS EN VALLOIRE;France
59190;MORBECQUE;France
39400;MORBIER;France
40110;MORCENX;France
80190;MORCHAIN;France
25680;MORCHAMPS;France
62124;MORCHIES;France
02100;MORCOURT;France
80340;MORCOURT;France
35310;MORDELLES;France
56500;MOREAC;France
41160;MOREE;France
85450;MOREILLES;France
88170;MORELMAISON;France
10240;MOREMBERT;France
38510;MORESTEL;France
77250;MORET SUR LOING;France
38570;MORETEL DE MAILLES;France
38210;MORETTE;France
80110;MOREUIL;France
54610;MOREY;France
71510;MOREY;France
21220;MOREY ST DENIS;France
39400;MOREZ;France
54920;MORFONTAINE;France
40700;MORGANX;France
29160;MORGAT;France
55400;MORGEMOULIN;France
27150;MORGNY;France
02360;MORGNY EN THIERACHE;France
76750;MORGNY LA POMMERAYE;France
57340;MORHANGE;France
20230;MORIANI;France
20230;MORIANI PLAGE;France
63340;MORIAT;France
76390;MORIENNE;France
60127;MORIENVAL;France
84310;MORIERES LES AVIGNON;France
28800;MORIERS;France
22400;MORIEUX;France
04170;MORIEZ;France
50410;MORIGNY;France
91150;MORIGNY CHAMPIGNY;France
74440;MORILLON;France
62910;MORINGHEM;France
52700;MORIONVILLIERS;France
80110;MORISEL;France
88330;MORIVILLE;France
54830;MORIVILLER;France
88320;MORIZECOURT;France
33190;MORIZES;France
64160;MORLAAS;France
18170;MORLAC;France
29600;MORLAIX;France
80300;MORLANCOURT;France
64370;MORLANNE;France
71360;MORLET;France
55290;MORLEY;France
12200;MORLHON LE HAUT;France
60400;MORLINCOURT;France
85260;MORMAISON;France
77720;MORMANT;France
45700;MORMANT SUR VERNISSON;France
32240;MORMES;France
84570;MORMOIRON;France
16600;MORNAC;France
17113;MORNAC SUR SEUDRE;France
42600;MORNAND;France
26460;MORNANS;France
69440;MORNANT;France
84550;MORNAS;France
21610;MORNAY;France
71220;MORNAY;France
18350;MORNAY BERRY;France
18600;MORNAY SUR ALLIER;France
71390;MOROGES;France
18220;MOROGUES;France
20218;MOROSAGLIA;France
25660;MORRE;France
02290;MORSAIN;France
51210;MORSAINS;France
50630;MORSALINES;France
27800;MORSAN;France
91390;MORSANG SUR ORGE;France
91250;MORSANG SUR SEINE;France
57600;MORSBACH;France
67360;MORSBRONN LES BAINS;France
67350;MORSCHWILLER;France
68790;MORSCHWILLER LE BAS;France
20238;MORSIGLIA;France
20243;MORTA;France
88600;MORTAGNE;France
61400;MORTAGNE AU PERCHE;France
59158;MORTAGNE DU NORD;France
17120;MORTAGNE SUR GIRONDE;France
85290;MORTAGNE SUR SEVRE;France
50140;MORTAIN;France
77163;MORTCERF;France
25500;MORTEAU;France
14620;MORTEAUX COULIBOEUF;France
02600;MORTEFONTAINE;France
60128;MORTEFONTAINE;France
60570;MORTEFONTAINE EN THELLE;France
87330;MORTEMART;France
60490;MORTEMER;France
76270;MORTEMER;France
87250;MORTEROLLES SUR SEMME;France
77160;MORTERY;France
86300;MORTHEMER;France
18570;MORTHOMIERS;France
02270;MORTIERS;France
17500;MORTIERS;France
86120;MORTON;France
61570;MORTREE;France
23220;MORTROUX;France
68780;MORTZWILLER;France
39320;MORVAL;France
62450;MORVAL;France
90120;MORVILLARS;France
50700;MORVILLE;France
88140;MORVILLE;France
45300;MORVILLE EN BEAUCE;France
57170;MORVILLE LES VIC;France
76780;MORVILLE SUR ANDELLE;France
57590;MORVILLE SUR NIED;France
54700;MORVILLE SUR SEILLE;France
60380;MORVILLERS;France
80590;MORVILLERS ST SATURNIN;France
10500;MORVILLIERS;France
28340;MORVILLIERS;France
62159;MORY;France
60120;MORY MONTCRUX;France
74110;MORZINE;France
14400;MOSLES;France
51530;MOSLINS;France
02460;MOSLOY;France
16120;MOSNAC;France
17240;MOSNAC;France
36200;MOSNAY;France
37530;MOSNES;France
69590;MOSOEUVRE;France
66500;MOSSET;France
21400;MOSSON;France
12720;MOSTUEJOULS;France
70140;MOTEY BESUCHE;France
70130;MOTEY SUR SAONE;France
67470;MOTHERN;France
29270;MOTREFF;France
28160;MOTTEREAU;France
76970;MOTTEVILLE;France
73310;MOTZ;France
54370;MOUACOURT;France
44590;MOUAIS;France
06370;MOUANS SARTOUX;France
54800;MOUAVILLE;France
35250;MOUAZE;France
85640;MOUCHAMPS;France
32330;MOUCHAN;France
39330;MOUCHARD;France
32300;MOUCHES;France
59310;MOUCHIN;France
60250;MOUCHY LE CHATEL;France
43150;MOUDEYRES;France
14790;MOUEN;France
27220;MOUETTES;France
89560;MOUFFY;France
27420;MOUFLAINES;France
80690;MOUFLERS;France
80140;MOUFLIERES;France
06250;MOUGINS;France
79370;MOUGON;France
64990;MOUGUERRE;France
36340;MOUHERS;France
36170;MOUHET;France
64330;MOUHOUS;France
33240;MOUILLAC;France
82160;MOUILLAC;France
52160;MOUILLERON;France
85390;MOUILLERON EN PAREDS;France
85000;MOUILLERON LE CAPTIF;France
25190;MOUILLEVILLERS;France
55320;MOUILLY;France
55400;MOULAINVILLE;France
81190;MOULARES;France
53100;MOULAY;France
81300;MOULAYRES;France
65190;MOULEDOUS;France
13280;MOULES;France
34190;MOULES ET BAUCELS;France
24520;MOULEYDIER;France
30350;MOULEZAN;France
28160;MOULHARD;France
61290;MOULICENT;France
16290;MOULIDARS;France
33350;MOULIETS ET VILLEMARTIN;France
49390;MOULIHERNE;France
81320;MOULIN MAGE;France
09500;MOULIN NEUF;France
24700;MOULIN NEUF;France
60350;MOULIN SOUS TOUVENT;France
76530;MOULINEAUX;France
14220;MOULINES;France
50600;MOULINES;France
06380;MOULINET;France
47290;MOULINET;France
02160;MOULINS;France
03000;MOULINS;France
35680;MOULINS;France
54770;MOULINS;France
79700;MOULINS;France
89310;MOULINS EN TONNERROIS;France
58290;MOULINS ENGILBERT;France
61380;MOULINS LA MARCHE;France
72130;MOULINS LE CARBONNEL;France
57160;MOULINS LES METZ;France
55700;MOULINS ST HUBERT;France
57160;MOULINS ST PIERRE;France
36110;MOULINS SUR CEPHONS;France
61200;MOULINS SUR ORNE;France
89130;MOULINS SUR OUANNE;France
18390;MOULINS SUR YEVRE;France
09200;MOULIS;France
33480;MOULIS EN MEDOC;France
86500;MOULISMES;France
62910;MOULLE;France
33420;MOULON;France
45270;MOULON;France
17130;MOULONS;France
58500;MOULOT;France
55160;MOULOTTE;France
14370;MOULT;France
65140;MOUMOULOUS;France
64400;MOUMOUR;France
12370;MOUNES PROHENCOUX;France
32190;MOUREDE;France
33410;MOURENS;France
64150;MOURENX;France
12330;MOURET;France
63700;MOUREUILLE;France
34800;MOUREZE;France
13890;MOURIES;France
62140;MOURIEZ;France
23210;MOURIOUX VIEILLEVILLE;France
15340;MOURJOU;France
51400;MOURMELON LE GRAND;France
51400;MOURMELON LE PETIT;France
39250;MOURNANS CHARBONNY;France
08250;MOURON;France
58800;MOURON SUR YONNE;France
77120;MOUROUX;France
95260;MOURS;France
26540;MOURS ST EUSEBE;France
31460;MOURVILLES BASSES;France
31540;MOURVILLES HAUTES;France
40290;MOUSCARDES;France
30190;MOUSSAC;France
86150;MOUSSAC;France
15380;MOUSSAGES;France
11120;MOUSSAN;France
35130;MOUSSE;France
77480;MOUSSEAUX LES BRAY;France
27220;MOUSSEAUX NEUVILLE;France
78270;MOUSSEAUX SUR SEINE;France
10800;MOUSSEY;France
57770;MOUSSEY;France
88210;MOUSSEY;France
54700;MOUSSON;France
61190;MOUSSONVILLIERS;France
11170;MOUSSOULENS;France
51530;MOUSSY;France
58700;MOUSSY;France
95640;MOUSSY;France
77230;MOUSSY LE NEUF;France
77230;MOUSSY LE VIEUX;France
02160;MOUSSY VERNEUIL;France
31110;MOUSTAJON;France
22200;MOUSTERU;France
40410;MOUSTEY;France
47800;MOUSTIER;France
59132;MOUSTIER EN FAGNE;France
19300;MOUSTIER VENTADOUR;France
04360;MOUSTIERS STE MARIE;France
56500;MOUSTOIR AC;France
56500;MOUSTOIR REMUNGOL;France
39110;MOUTAINE;France
16700;MOUTARDON;France
57620;MOUTERHOUSE;France
86200;MOUTERRE SILLY;France
86430;MOUTERRE SUR BLOURDE;France
25240;MOUTHE;France
71270;MOUTHIER EN BRESSE;France
25920;MOUTHIER HAUTE PIERRE;France
16440;MOUTHIERS SUR BOEME;France
11330;MOUTHOUMET;France
23150;MOUTIER D AHUN;France
23220;MOUTIER MALCARD;France
23200;MOUTIER ROZEILLE;France
28150;MOUTIERS;France
35130;MOUTIERS;France
54660;MOUTIERS;France
73600;MOUTIERS;France
61110;MOUTIERS AU PERCHE;France
89520;MOUTIERS EN PUISAYE;France
85540;MOUTIERS LES MAUXFAITS;France
79150;MOUTIERS SOUS ARGENTON;France
79320;MOUTIERS SOUS CHANTEMERLE;France
21500;MOUTIERS ST JEAN;France
85320;MOUTIERS SUR LE LAY;France
77320;MOUTILS;France
16460;MOUTON;France
39270;MOUTONNE;France
16460;MOUTONNEAU;France
39300;MOUTOUX;France
54113;MOUTROT;France
59420;MOUVAUX;France
11700;MOUX;France
58230;MOUX EN MORVAN;France
73100;MOUXY;France
60250;MOUY;France
77480;MOUY SUR SEINE;France
37600;MOUZAY;France
55700;MOUZAY;France
44850;MOUZEIL;France
24220;MOUZENS;France
81470;MOUZENS;France
85370;MOUZEUIL ST MARTIN;France
81170;MOUZIEYS PANENS;France
81430;MOUZIEYS TEULET;France
44330;MOUZILLON;France
08210;MOUZON;France
16310;MOUZON;France
90400;MOVAL;France
02610;MOY DE L AISNE;France
14590;MOYAUX;France
05150;MOYDANS;France
74150;MOYE;France
88700;MOYEMONT;France
54118;MOYEN;France
68640;MOYEN MUESPACH;France
80400;MOYENCOURT;France
80290;MOYENCOURT LES POIX;France
88420;MOYENMOUTIER;France
60190;MOYENNEVILLE;France
62121;MOYENNEVILLE;France
80870;MOYENNEVILLE;France
57630;MOYENVIC;France
57250;MOYEUVRE GRANDE;France
57250;MOYEUVRE PETITE;France
50860;MOYON;France
12160;MOYRAZES;France
60190;MOYVILLERS;France
63200;MOZAC;France
49610;MOZE SUR LOUET;France
76590;MUCHEDENT;France
34130;MUDAISON;France
35290;MUEL;France
68640;MUESPACH;France
68640;MUESPACH LE HAUT;France
40250;MUGRON;France
67130;MUHLBACH SUR BRUCHE;France
68380;MUHLBACH SUR MUNSTER;France
41500;MUIDES SUR LOIRE;France
60480;MUIDORGE;France
27430;MUIDS;France
80400;MUILLE VILLETTE;France
60640;MUIRANCOURT;France
51140;MUIZON;France
78790;MULCENT;France
57260;MULCEY;France
67350;MULHAUSEN;France
68100;MULHOUSE;France
72230;MULSANNE;France
41500;MULSANS;France
65350;MUN;France
67470;MUNCHHAUSEN;France
68740;MUNCHHOUSE;France
62890;MUNCQ NIEURLET;France
67450;MUNDOLSHEIM;France
50490;MUNEVILLE LE BINGARD;France
50290;MUNEVILLE SUR MER;France
57670;MUNSTER;France
68140;MUNSTER;France
68320;MUNTZENHEIM;France
68250;MUNWILLER;France
12600;MUR DE BARREZ;France
22530;MUR DE BRETAGNE;France
41230;MUR DE SOLOGNE;France
20219;MURACCIOLE;France
12370;MURASSON;France
03390;MURAT;France
15300;MURAT;France
63150;MURAT LE QUAIRE;France
81320;MURAT SUR VEBRE;France
20239;MURATO;France
68530;MURBACH;France
60220;MUREAUMONT;France
26240;MUREILS;France
74540;MURES;France
31600;MURET;France
02210;MURET ET CROUTTES;France
12330;MURET LE CHATEAU;France
38420;MURIANETTE;France
38160;MURINAIS;France
34980;MURLES;France
58700;MURLIN;France
20225;MURO;France
63790;MUROL;France
12600;MUROLS;France
17430;MURON;France
36700;MURS;France
84220;MURS;France
49130;MURS ERIGNE;France
01300;MURS ET GELIGNIEUX;France
08150;MURTIN ET BOGNY;France
55110;MURVAUX;France
34490;MURVIEL LES BEZIERS;France
34570;MURVIEL LES MONTPELLIER;France
54490;MURVILLE;France
20160;MURZO;France
30121;MUS;France
02160;MUSCOURT;France
64130;MUSCULDY;France
74270;MUSIEGES;France
21230;MUSIGNY;France
52160;MUSSEAU;France
52300;MUSSEY SUR MARNE;France
24400;MUSSIDAN;France
67600;MUSSIG;France
21150;MUSSY LA FOSSE;France
71170;MUSSY SOUS DUN;France
10250;MUSSY SUR SEINE;France
39290;MUTIGNEY;France
51160;MUTIGNY;France
14220;MUTRECY;France
67600;MUTTERSHOLTZ;France
67270;MUTZENHOUSE;France
67190;MUTZIG;France
55230;MUZERAY;France
56190;MUZILLAC;France
27650;MUZY;France
73800;MYANS;France
58440;MYENNES;France
25440;MYON;France
